ISL_411956	2020-02-11	USA	Texas	N_America	0	1	1	6	A	2020-02
ISL_419561	2020-02-29	USA	Texas	N_America	0	0	1	4	B	2020-02
ISL_420796	2020-02-29	USA	Texas	N_America	0	0	1	3	B	2020-02
ISL_631651	2020-03-12	USA	Texas	N_America	0	0	1	7	B.6	2020-03
ISL_434946	2020-03-29	USA	Texas	N_America	0	1	5	8	B.1	2020-03
ISL_434865	2020-03-23	USA	Texas	N_America	0	3	4	7	B.1.1.29	2020-03
ISL_644164	2020-03-27	USA	Texas	N_America	0	1	2	4	B.1	2020-03
ISL_648231	2020-03-31	USA	Texas	N_America	0	1	4	5	B.1	2020-03
ISL_631663	2020-03-17	USA	Texas	N_America	0	1	4	6	B.1	2020-03
ISL_434950	2020-03-29	USA	Texas	N_America	0	1	4	5	B.1	2020-03
ISL_654906	2020-03-31	USA	Texas	N_America	0	1	4	5	B.1	2020-03
ISL_434720	2020-03-15	USA	Texas	N_America	0	1	1	7	B.29	2020-03
ISL_434784	2020-03-19	USA	Texas	N_America	0	2	4	6	B.1.1.29	2020-03
ISL_434820	2020-03-20	USA	Texas	N_America	0	2	3	5	B.1	2020-03
ISL_434835	2020-03-21	USA	Texas	N_America	0	5	8	13	A.3	2020-03
ISL_654901	2020-03-31	USA	Texas	N_America	0	1	4	5	B.1	2020-03
ISL_434714	2020-03-16	USA	Texas	N_America	0	1	5	6	B.1	2020-03
ISL_525775	2020-03-31	USA	Texas	N_America	0	1	5	8	B.1.450	2020-03
ISL_525763	2020-03-11	USA	Texas	N_America	0	3	5	10	A.3	2020-03
ISL_631683	2020-03-25	USA	Texas	N_America	0	1	4	5	B.1	2020-03
ISL_434939	2020-03-28	USA	Texas	N_America	0	2	5	9	B.1.1.37	2020-03
ISL_434803	2020-03-19	USA	Texas	N_America	0	2	4	9	B.1.1.33	2020-03
ISL_434735	2020-03-13	USA	Texas	N_America	0	1	3	4	B.1	2020-03
ISL_445083	2020-03-24	USA	Texas	N_America	0	1	5	7	B.1	2020-03
ISL_434852	2020-03-22	USA	Texas	N_America	0	1	3	7	B.1.276	2020-03
ISL_524066	2020-03-16	USA	Texas	N_America	0	1	4	7	B.1	2020-03
ISL_434750	2020-03-09	USA	Texas	N_America	0	1	4	5	B.1	2020-03
ISL_648229	2020-03-31	USA	Texas	N_America	0	1	4	5	B.1	2020-03
ISL_434892	2020-03-26	USA	Texas	N_America	0	5	8	13	A.3	2020-03
ISL_434905	2020-03-27	USA	Texas	N_America	0	5	8	13	A.3	2020-03
ISL_434973	2020-03-30	USA	Texas	N_America	0	1	5	7	B.1	2020-03
ISL_434751	2020-03-09	USA	Texas	N_America	0	1	4	5	B.1	2020-03
ISL_654909	2020-03-31	USA	Texas	N_America	0	1	4	5	B.1	2020-03
ISL_434766	2020-03-17	USA	Texas	N_America	0	5	8	14	A.3	2020-03
ISL_434759	2020-03-16	USA	Texas	N_America	0	1	2	3	B.1	2020-03
ISL_434806	2020-03-19	USA	Texas	N_America	0	1	5	7	B.1	2020-03
ISL_434914	2020-03-27	USA	Texas	N_America	0	1	3	4	B.1	2020-03
ISL_434979	2020-03-31	USA	Texas	N_America	0	3	3	6	B.1	2020-03
ISL_434799	2020-03-19	USA	Texas	N_America	0	2	4	7	B.1.1.29	2020-03
ISL_644181	2020-03-27	USA	Texas	N_America	0	1	2	4	B.1	2020-03
ISL_434917	2020-03-27	USA	Texas	N_America	0	1	5	9	B.1	2020-03
ISL_571151	2020-03-23	USA	Texas	N_America	0	1	4	6	B.1.331	2020-03
ISL_434855	2020-03-23	USA	Texas	N_America	0	5	8	14	A.3	2020-03
ISL_501168	2020-03-30	USA	Texas	N_America	0	2	6	8	B.1.521	2020-03
ISL_434752	2020-03-09	USA	Texas	N_America	0	1	4	5	B.1	2020-03
ISL_631665	2020-03-16	USA	Texas	N_America	0	2	4	6	B.1.1.29	2020-03
ISL_434945	2020-03-27	USA	Texas	N_America	0	1	4	5	B.1	2020-03
ISL_452105	2020-03-10	USA	Texas	N_America	0	1	5	6	B.1	2020-03
ISL_434887	2020-03-24	USA	Texas	N_America	0	3	7	12	A.3	2020-03
ISL_525777	2020-03-31	USA	Texas	N_America	0	1	5	8	B.1.450	2020-03
ISL_654900	2020-03-31	USA	Texas	N_America	0	1	4	5	B.1	2020-03
ISL_648243	2020-03-31	USA	Texas	N_America	0	1	4	5	B.1	2020-03
ISL_434818	2020-03-20	USA	Texas	N_America	0	2	1	6	A.1	2020-03
ISL_434728	2020-03-16	USA	Texas	N_America	0	1	5	8	B.1	2020-03
ISL_648230	2020-03-31	USA	Texas	N_America	0	1	4	5	B.1	2020-03
ISL_648245	2020-03-31	USA	Texas	N_America	0	1	4	6	B.1	2020-03
ISL_434896	2020-03-26	USA	Texas	N_America	0	3	7	13	A.3	2020-03
ISL_434978	2020-03-27	USA	Texas	N_America	0	5	8	15	A.3	2020-03
ISL_524065	2020-03-16	USA	Texas	N_America	0	1	4	7	B.1	2020-03
ISL_434956	2020-03-30	USA	Texas	N_America	0	2	6	9	B.1.521	2020-03
ISL_434921	2020-03-27	USA	Texas	N_America	0	1	4	6	B.1	2020-03
ISL_434862	2020-03-23	USA	Texas	N_America	0	5	8	14	A.3	2020-03
ISL_571690	2020-03-18	USA	Texas	N_America	0	1	4	6	B.1	2020-03
ISL_434869	2020-03-23	USA	Texas	N_America	0	1	4	7	B.1	2020-03
ISL_434744	2020-03-09	USA	Texas	N_America	0	1	4	6	B.1	2020-03
ISL_434811	2020-03-20	USA	Texas	N_America	0	1	4	5	B.1	2020-03
ISL_604093	2020-03-19	USA	Texas	N_America	0	5	8	14	A.3	2020-03
ISL_434813	2020-03-20	USA	Texas	N_America	0	5	8	13	A.3	2020-03
ISL_434881	2020-03-24	USA	Texas	N_America	0	1	4	5	B.1	2020-03
ISL_434791	2020-03-19	USA	Texas	N_America	0	2	1	5	A.1	2020-03
ISL_434916	2020-03-27	USA	Texas	N_America	0	5	8	13	A.3	2020-03
ISL_434856	2020-03-23	USA	Texas	N_America	0	1	5	6	B.1	2020-03
ISL_434768	2020-03-17	USA	Texas	N_America	0	3	4	7	B.1.1.162	2020-03
ISL_604377	2020-03-17	USA	Texas	N_America	0	1	4	5	B.1	2020-03
ISL_648240	2020-03-31	USA	Texas	N_America	0	1	4	5	B.1	2020-03
ISL_434825	2020-03-20	USA	Texas	N_America	0	5	8	13	A.3	2020-03
ISL_434975	2020-03-31	USA	Texas	N_America	0	1	5	7	B.1	2020-03
ISL_434934	2020-03-28	USA	Texas	N_America	0	5	8	13	A.3	2020-03
ISL_631679	2020-03-28	USA	Texas	N_America	0	1	3	4	B.1.378	2020-03
ISL_434859	2020-03-23	USA	Texas	N_America	0	2	3	5	B.1	2020-03
ISL_434731	2020-03-17	USA	Texas	N_America	0	5	8	13	A.3	2020-03
ISL_571149	2020-03-18	USA	Texas	N_America	0	1	4	5	B.1	2020-03
ISL_648234	2020-03-31	USA	Texas	N_America	0	2	4	6	B.1	2020-03
ISL_434994	2020-03-31	USA	Texas	N_America	0	3	3	6	B.1	2020-03
ISL_571903	2020-03-20	USA	Texas	N_America	0	5	8	13	A.3	2020-03
ISL_434713	2020-03-16	USA	Texas	N_America	0	1	5	6	B.1	2020-03
ISL_434955	2020-03-30	USA	Texas	N_America	0	1	6	8	B.1.2	2020-03
ISL_434959	2020-03-29	USA	Texas	N_America	0	3	3	6	B.1	2020-03
ISL_654731	2020-03-27	USA	Texas	N_America	0	1	5	6	B.1	2020-03
ISL_434833	2020-03-21	USA	Texas	N_America	0	2	6	8	B.1.521	2020-03
ISL_434805	2020-03-19	USA	Texas	N_America	0	1	3	5	B.1	2020-03
ISL_524062	2020-03-17	USA	Texas	N_America	0	2	1	4	A.5	2020-03
ISL_542795	2020-03-30	USA	Texas	N_America	0	1	6	7	B.1.2	2020-03
ISL_434725	2020-03-15	USA	Texas	N_America	0	2	4	6	B.1.1.29	2020-03
ISL_631667	2020-03-17	USA	Texas	N_America	0	2	5	10	B.1.1.132	2020-03
ISL_648226	2020-03-31	USA	Texas	N_America	0	1	4	5	B.1	2020-03
ISL_434816	2020-03-20	USA	Texas	N_America	0	2	1	6	A.1	2020-03
ISL_571478	2020-03-18	USA	Texas	N_America	0	1	2	5	B.1	2020-03
ISL_631662	2020-03-17	USA	Texas	N_America	0	1	4	6	B.1.323	2020-03
ISL_434783	2020-03-18	USA	Texas	N_America	0	1	1	4	B	2020-03
ISL_631682	2020-03-30	USA	Texas	N_America	0	2	4	7	B.1.1.29	2020-03
ISL_434940	2020-03-28	USA	Texas	N_America	0	1	5	6	B.1	2020-03
ISL_571255	2020-03-18	USA	Texas	N_America	0	1	1	5	B.40	2020-03
ISL_545890	2020-04-07	USA	Texas	N_America	0	1	6	8	B.1.2	2020-04
ISL_544885	2020-04-06	USA	Texas	N_America	0	1	2	5	B.1	2020-04
ISL_435011	2020-04-02	USA	Texas	N_America	0	5	8	15	A.3	2020-04
ISL_544339	2020-04-07	USA	Texas	N_America	0	0	0	0	B	2020-04
ISL_547069	2020-04-02	USA	Texas	N_America	0	2	4	7	B.1.1.29	2020-04
ISL_542766	2020-04-28	USA	Texas	N_America	0	1	4	5	B.1	2020-04
ISL_542494	2020-04-08	USA	Texas	N_America	0	1	5	6	B.1	2020-04
ISL_542612	2020-04-07	USA	Texas	N_America	0	1	5	7	B.1	2020-04
ISL_545788	2020-04-08	USA	Texas	N_America	0	1	4	8	B.1	2020-04
ISL_545880	2020-04-02	USA	Texas	N_America	0	1	2	3	B.1	2020-04
ISL_542624	2020-04-13	USA	Texas	N_America	0	1	4	5	B.1	2020-04
ISL_542632	2020-04-25	USA	Texas	N_America	0	2	4	6	B.1.325	2020-04
ISL_544833	2020-04-08	USA	Texas	N_America	0	2	4	8	B.1.1.29	2020-04
ISL_435020	2020-04-02	USA	Texas	N_America	0	1	2	4	B.1	2020-04
ISL_542541	2020-04-17	USA	Texas	N_America	0	1	5	7	B.1	2020-04
ISL_542516	2020-04-13	USA	Texas	N_America	0	1	2	4	B.1	2020-04
ISL_543753	2020-04-03	USA	Texas	N_America	0	1	2	4	B.1	2020-04
ISL_542761	2020-04-24	USA	Texas	N_America	0	1	4	6	B.1	2020-04
ISL_546810	2020-04-03	USA	Texas	N_America	0	5	8	14	A.3	2020-04
ISL_542609	2020-04-23	USA	Texas	N_America	0	1	6	8	B.1.2	2020-04
ISL_542659	2020-04-14	USA	Texas	N_America	0	1	2	3	B.1	2020-04
ISL_546495	2020-04-15	USA	Texas	N_America	0	2	3	6	B.1	2020-04
ISL_545640	2020-04-09	USA	Texas	N_America	0	2	4	8	B.1.1.29	2020-04
ISL_544398	2020-04-05	USA	Texas	N_America	0	0	0	0	B	2020-04
ISL_501173	2020-04-16	USA	Texas	N_America	0	1	5	9	B.1	2020-04
ISL_544408	2020-04-05	USA	Texas	N_America	0	0	0	0	B	2020-04
ISL_542734	2020-04-27	USA	Texas	N_America	0	2	5	9	B.1	2020-04
ISL_546575	2020-04-08	USA	Texas	N_America	0	3	3	6	B.1	2020-04
ISL_543776	2020-04-03	USA	Texas	N_America	0	3	7	13	A.3	2020-04
ISL_542648	2020-04-14	USA	Texas	N_America	0	1	4	6	B.1	2020-04
ISL_545223	2020-04-30	USA	Texas	N_America	0	2	7	11	B.1.2	2020-04
ISL_545913	2020-04-14	USA	Texas	N_America	0	1	5	9	B.1	2020-04
ISL_544662	2020-04-05	USA	Texas	N_America	0	2	6	8	B.1.521	2020-04
ISL_544696	2020-04-06	USA	Texas	N_America	0	1	2	5	B.1	2020-04
ISL_542682	2020-04-29	USA	Texas	N_America	0	1	4	6	B.1	2020-04
ISL_542570	2020-04-23	USA	Texas	N_America	0	1	6	9	B.1.2	2020-04
ISL_545934	2020-04-07	USA	Texas	N_America	0	1	1	4	A.1	2020-04
ISL_542806	2020-04-02	USA	Texas	N_America	0	1	5	7	B.1	2020-04
ISL_542820	2020-04-30	USA	Texas	N_America	0	1	6	7	B.1.2	2020-04
ISL_543960	2020-04-16	USA	Texas	N_America	0	2	5	8	B.1.450	2020-04
ISL_435021	2020-04-02	USA	Texas	N_America	0	1	4	6	B.1	2020-04
ISL_615122	2020-04-25	USA	Texas	N_America	0	2	4	8	B.1.413	2020-04
ISL_546352	2020-04-15	USA	Texas	N_America	0	1	4	5	B.1	2020-04
ISL_542536	2020-04-22	USA	Texas	N_America	0	3	4	9	B.1.1.210	2020-04
ISL_546075	2020-04-13	USA	Texas	N_America	0	1	5	7	B.1	2020-04
ISL_545916	2020-04-16	USA	Texas	N_America	0	5	9	16	A.3	2020-04
ISL_545868	2020-04-05	USA	Texas	N_America	0	1	5	7	B.1	2020-04
ISL_547217	2020-04-10	USA	Texas	N_America	0	2	4	7	B.1.325	2020-04
ISL_547140	2020-04-07	USA	Texas	N_America	0	1	5	9	B.1	2020-04
ISL_547272	2020-04-10	USA	Texas	N_America	0	2	6	9	B.1.521	2020-04
ISL_542511	2020-04-06	USA	Texas	N_America	0	1	5	7	B.1.424	2020-04
ISL_542534	2020-04-25	USA	Texas	N_America	0	1	3	5	B.1	2020-04
ISL_542521	2020-04-05	USA	Texas	N_America	0	1	4	6	B.1	2020-04
ISL_542592	2020-04-21	USA	Texas	N_America	0	2	1	4	B.1	2020-04
ISL_545691	2020-04-03	USA	Texas	N_America	0	1	5	6	B.1	2020-04
ISL_542751	2020-04-30	USA	Texas	N_America	0	2	6	9	B.1.521	2020-04
ISL_542616	2020-04-02	USA	Texas	N_America	0	2	4	7	B.1	2020-04
ISL_547416	2020-04-11	USA	Texas	N_America	0	1	5	7	B.1	2020-04
ISL_542788	2020-04-13	USA	Texas	N_America	0	2	5	8	B.1.450	2020-04
ISL_525781	2020-04-04	USA	Texas	N_America	0	1	4	7	B.1	2020-04
ISL_546775	2020-04-09	USA	Texas	N_America	0	2	6	9	B.1.521	2020-04
ISL_542525	2020-04-18	USA	Texas	N_America	0	1	5	7	B.1.521	2020-04
ISL_542757	2020-04-07	USA	Texas	N_America	0	2	6	12	B.1.521	2020-04
ISL_546940	2020-04-09	USA	Texas	N_America	0	5	8	14	A.3	2020-04
ISL_542551	2020-04-19	USA	Texas	N_America	0	1	5	6	B.1	2020-04
ISL_435010	2020-04-02	USA	Texas	N_America	0	5	9	16	A.3	2020-04
ISL_435013	2020-04-02	USA	Texas	N_America	0	5	8	14	A.3	2020-04
ISL_542512	2020-04-09	USA	Texas	N_America	0	1	4	5	B.1	2020-04
ISL_542563	2020-04-26	USA	Texas	N_America	0	2	4	7	B.1.325	2020-04
ISL_544243	2020-04-04	USA	Texas	N_America	0	1	5	6	B.1	2020-04
ISL_542770	2020-04-23	USA	Texas	N_America	0	2	6	8	B.1.2	2020-04
ISL_547179	2020-04-09	USA	Texas	N_America	0	2	4	7	B.1.325	2020-04
ISL_545949	2020-04-10	USA	Texas	N_America	0	1	5	7	B.1.424	2020-04
ISL_545910	2020-04-14	USA	Texas	N_America	0	1	5	8	B.1	2020-04
ISL_546786	2020-04-08	USA	Texas	N_America	0	1	5	8	B.1	2020-04
ISL_545951	2020-04-07	USA	Texas	N_America	0	1	5	6	B.1	2020-04
ISL_545883	2020-04-05	USA	Texas	N_America	0	1	4	6	B.1	2020-04
ISL_524070	2020-04-25	USA	Texas	N_America	0	2	4	7	B.1.413	2020-04
ISL_542599	2020-04-01	USA	Texas	N_America	0	2	2	5	B.1	2020-04
ISL_545810	2020-04-07	USA	Texas	N_America	0	1	4	8	B.1.108	2020-04
ISL_544471	2020-04-01	USA	Texas	N_America	0	1	4	5	B.1	2020-04
ISL_542598	2020-04-23	USA	Texas	N_America	0	2	4	6	B.1.1.29	2020-04
ISL_644169	2020-04-09	USA	Texas	N_America	0	2	4	10	B.1.1.244	2020-04
ISL_435023	2020-04-03	USA	Texas	N_America	0	1	5	7	B.1	2020-04
ISL_544595	2020-04-03	USA	Texas	N_America	0	1	5	7	B.1	2020-04
ISL_546555	2020-04-08	USA	Texas	N_America	0	1	6	8	B.1.2	2020-04
ISL_542569	2020-04-22	USA	Texas	N_America	0	1	6	8	B.1.2	2020-04
ISL_542797	2020-04-20	USA	Texas	N_America	0	2	6	9	B.1.1.134	2020-04
ISL_545885	2020-04-04	USA	Texas	N_America	0	1	4	5	B.1	2020-04
ISL_546738	2020-04-01	USA	Texas	N_America	0	3	7	12	A.3	2020-04
ISL_544311	2020-04-04	USA	Texas	N_America	0	2	4	6	B.1.1.29	2020-04
ISL_545610	2020-04-08	USA	Texas	N_America	0	1	4	5	B.1	2020-04
ISL_435002	2020-04-01	USA	Texas	N_America	0	1	4	5	B.1	2020-04
ISL_544796	2020-04-07	USA	Texas	N_America	0	3	3	6	B.1	2020-04
ISL_435019	2020-04-02	USA	Texas	N_America	0	2	6	10	B.1.521	2020-04
ISL_545861	2020-04-10	USA	Texas	N_America	0	2	3	6	B.1	2020-04
ISL_654922	2020-04-06	USA	Texas	N_America	0	1	4	6	B.1.323	2020-04
ISL_542595	2020-04-16	USA	Texas	N_America	0	2	6	10	B.1.521	2020-04
ISL_546334	2020-04-15	USA	Texas	N_America	0	1	5	9	B.1	2020-04
ISL_527827	2020-04-25	USA	Texas	N_America	0	2	4	8	B.1.413	2020-04
ISL_543919	2020-05-31	USA	Texas	N_America	0	2	5	10	B.1.325	2020-05
ISL_654758	2020-05-16	USA	Texas	N_America	0	2	5	12	B.1	2020-05
ISL_542814	2020-05-12	USA	Texas	N_America	0	1	5	6	B.1	2020-05
ISL_545112	2020-05-20	USA	Texas	N_America	0	5	4	11	B.1.1.169	2020-05
ISL_542884	2020-05-05	USA	Texas	N_America	0	2	5	8	B.1.369	2020-05
ISL_542756	2020-05-02	USA	Texas	N_America	0	1	4	8	B.1	2020-05
ISL_542829	2020-05-14	USA	Texas	N_America	0	2	6	9	B.1.521	2020-05
ISL_543944	2020-05-30	USA	Texas	N_America	0	1	6	10	B.1.450	2020-05
ISL_542822	2020-05-14	USA	Texas	N_America	0	2	5	8	B.1.1.177	2020-05
ISL_522976	2020-05-28	USA	Texas	N_America	0	3	4	8	B.1.366	2020-05
ISL_542673	2020-05-01	USA	Texas	N_America	0	1	5	11	B.1	2020-05
ISL_545053	2020-05-18	USA	Texas	N_America	0	1	4	5	B.1	2020-05
ISL_545166	2020-05-24	USA	Texas	N_America	0	3	6	9	B.1.1.134	2020-05
ISL_615129	2020-05-14	USA	Texas	N_America	0	2	7	10	B.1.2	2020-05
ISL_545260	2020-05-27	USA	Texas	N_America	0	2	5	9	B.1.1.177	2020-05
ISL_602211	2020-05-20	USA	Texas	N_America	0	3	4	8	B.1.366	2020-05
ISL_574443	2020-05-14	USA	Texas	N_America	0	2	7	9	B.1.2	2020-05
ISL_644196	2020-05-30	USA	Texas	N_America	0	3	2	11	B.1.189	2020-05
ISL_545176	2020-05-24	USA	Texas	N_America	0	2	4	7	B.1.1.29	2020-05
ISL_543996	2020-05-25	USA	Texas	N_America	0	1	8	10	B.1.2	2020-05
ISL_543955	2020-05-20	USA	Texas	N_America	0	2	4	7	B.1.1.29	2020-05
ISL_542896	2020-05-15	USA	Texas	N_America	0	2	4	7	B.1.325	2020-05
ISL_545113	2020-05-22	USA	Texas	N_America	0	5	4	11	B.1.1.169	2020-05
ISL_545146	2020-05-22	USA	Texas	N_America	0	2	5	8	B.1.1.118	2020-05
ISL_545264	2020-05-31	USA	Texas	N_America	0	3	4	11	B.1.1.162	2020-05
ISL_543916	2020-05-31	USA	Texas	N_America	0	3	6	9	B.1.1.134	2020-05
ISL_542730	2020-05-03	USA	Texas	N_America	0	2	7	10	B.1.2	2020-05
ISL_543930	2020-05-30	USA	Texas	N_America	0	2	4	8	B.1.1.29	2020-05
ISL_542898	2020-05-16	USA	Texas	N_America	0	1	5	7	B.1	2020-05
ISL_543949	2020-05-22	USA	Texas	N_America	0	2	4	7	B.1.1.29	2020-05
ISL_545096	2020-05-12	USA	Texas	N_America	0	2	7	11	B.1.2	2020-05
ISL_545078	2020-05-09	USA	Texas	N_America	0	3	4	9	B.1.1.210	2020-05
ISL_545150	2020-05-19	USA	Texas	N_America	0	2	4	6	B.1.325	2020-05
ISL_545126	2020-05-23	USA	Texas	N_America	0	4	4	9	B.1.1.29	2020-05
ISL_584145	2020-05-14	USA	Texas	N_America	0	2	7	9	B.1.2	2020-05
ISL_542690	2020-05-01	USA	Texas	N_America	0	1	4	6	B.1	2020-05
ISL_584162	2020-05-20	USA	Texas	N_America	0	4	4	9	B.1.366	2020-05
ISL_542917	2020-05-17	USA	Texas	N_America	0	3	6	9	B.1.1.134	2020-05
ISL_542813	2020-05-12	USA	Texas	N_America	0	2	5	8	B.1.1.177	2020-05
ISL_545249	2020-05-28	USA	Texas	N_America	0	1	5	9	B.1.336	2020-05
ISL_545110	2020-05-09	USA	Texas	N_America	0	2	6	8	B.1.521	2020-05
ISL_542915	2020-05-16	USA	Texas	N_America	0	2	5	7	B.1.1.148	2020-05
ISL_545278	2020-05-18	USA	Texas	N_America	0	2	4	7	B.1.325	2020-05
ISL_543966	2020-05-31	USA	Texas	N_America	0	1	7	11	B.1.2	2020-05
ISL_542810	2020-05-12	USA	Texas	N_America	0	2	6	8	B.1.521	2020-05
ISL_515256	2020-05-08	USA	Texas	N_America	0	1	2	6	B.1	2020-05
ISL_545125	2020-05-23	USA	Texas	N_America	0	4	4	9	B.1.1.29	2020-05
ISL_574445	2020-05-14	USA	Texas	N_America	0	2	7	9	B.1.2	2020-05
ISL_545172	2020-05-20	USA	Texas	N_America	0	2	5	9	B.1.1.177	2020-05
ISL_545173	2020-05-21	USA	Texas	N_America	0	1	7	11	B.1.2	2020-05
ISL_615128	2020-05-14	USA	Texas	N_America	0	2	7	10	B.1.2	2020-05
ISL_545268	2020-05-27	USA	Texas	N_America	0	1	4	6	B.1	2020-05
ISL_545344	2020-05-12	USA	Texas	N_America	0	3	4	7	B.1.1.29	2020-05
ISL_542922	2020-05-17	USA	Texas	N_America	0	2	4	7	B.1.1.29	2020-05
ISL_545155	2020-05-20	USA	Texas	N_America	0	3	4	10	B.1.1.210	2020-05
ISL_522973	2020-05-28	USA	Texas	N_America	0	1	3	10	B.1.110	2020-05
ISL_545325	2020-05-29	USA	Texas	N_America	0	2	4	6	B.1.413	2020-05
ISL_522381	2020-05-28	USA	Texas	N_America	0	3	5	11	B.1.366	2020-05
ISL_543940	2020-05-30	USA	Texas	N_America	0	2	4	8	B.1.1.29	2020-05
ISL_542859	2020-05-16	USA	Texas	N_America	0	1	5	7	B.1.335	2020-05
ISL_545272	2020-05-28	USA	Texas	N_America	0	4	4	10	B.1.1.226	2020-05
ISL_542924	2020-05-18	USA	Texas	N_America	0	2	5	8	B.1.1.118	2020-05
ISL_543914	2020-05-31	USA	Texas	N_America	0	4	6	14	B.1.1.258	2020-05
ISL_545256	2020-05-26	USA	Texas	N_America	0	1	5	6	B.1	2020-05
ISL_542719	2020-05-02	USA	Texas	N_America	0	3	3	8	B.1.207	2020-05
ISL_654741	2020-05-07	USA	Texas	N_America	0	1	5	7	B.1	2020-05
ISL_545196	2020-05-23	USA	Texas	N_America	0	3	4	9	B.1.1.29	2020-05
ISL_542849	2020-05-17	USA	Texas	N_America	0	3	6	9	B.1.1.134	2020-05
ISL_545324	2020-05-28	USA	Texas	N_America	0	3	4	11	B.1.1.162	2020-05
ISL_515260	2020-05-08	USA	Texas	N_America	0	1	2	6	B.1	2020-05
ISL_545055	2020-05-19	USA	Texas	N_America	0	3	6	9	B.1.1.134	2020-05
ISL_545139	2020-05-21	USA	Texas	N_America	0	1	5	7	B.1.335	2020-05
ISL_543975	2020-05-31	USA	Texas	N_America	0	1	11	12	B.1.2	2020-05
ISL_1112951	2020-05-18	USA	Texas	N_America	0	1	6	9	B.1.2	2020-05
ISL_542738	2020-05-02	USA	Texas	N_America	0	1	4	5	B.1	2020-05
ISL_676613	2020-05-05	USA	Texas	N_America	0	1	5	10	B.1	2020-05
ISL_543925	2020-05-31	USA	Texas	N_America	0	2	4	9	B.1.1.29	2020-05
ISL_545267	2020-05-28	USA	Texas	N_America	0	2	5	9	B.1.369	2020-05
ISL_522391	2020-05-28	USA	Texas	N_America	0	3	4	12	B.1.366	2020-05
ISL_542864	2020-05-15	USA	Texas	N_America	0	1	7	10	B.1.2	2020-05
ISL_545217	2020-05-24	USA	Texas	N_America	0	2	5	9	B.1.325	2020-05
ISL_574448	2020-05-14	USA	Texas	N_America	0	2	7	9	B.1.2	2020-05
ISL_545322	2020-05-28	USA	Texas	N_America	0	1	5	7	B.1.336	2020-05
ISL_545162	2020-05-22	USA	Texas	N_America	0	1	7	10	B.1.2	2020-05
ISL_615127	2020-05-14	USA	Texas	N_America	0	2	7	9	B.1.2	2020-05
ISL_545142	2020-05-19	USA	Texas	N_America	0	1	7	10	B.1.2	2020-05
ISL_542812	2020-05-12	USA	Texas	N_America	0	5	4	9	B.1.1.169	2020-05
ISL_545183	2020-05-22	USA	Texas	N_America	0	3	6	9	B.1.1.134	2020-05
ISL_574436	2020-05-14	USA	Texas	N_America	0	2	7	9	B.1.2	2020-05
ISL_545071	2020-05-12	USA	Texas	N_America	0	3	4	9	B.1.1.169	2020-05
ISL_654769	2020-05-01	USA	Texas	N_America	0	2	4	8	B.1.1.29	2020-05
ISL_545177	2020-05-23	USA	Texas	N_America	0	2	5	8	B.1.1.177	2020-05
ISL_545237	2020-05-14	USA	Texas	N_America	0	1	6	9	B.1	2020-05
ISL_545081	2020-05-04	USA	Texas	N_America	0	5	4	11	B.1.1.169	2020-05
ISL_654770	2020-05-11	USA	Texas	N_America	0	2	4	7	B.1.1.29	2020-05
ISL_545107	2020-05-09	USA	Texas	N_America	0	4	2	8	B.1	2020-05
ISL_542460	2020-05-31	USA	Texas	N_America	0	3	5	10	B.1.366	2020-05
ISL_543929	2020-05-27	USA	Texas	N_America	0	1	6	13	B.1.2	2020-05
ISL_542444	2020-05-31	USA	Texas	N_America	0	2	5	14	B.1.1.296	2020-05
ISL_545089	2020-05-04	USA	Texas	N_America	0	1	4	5	B.1	2020-05
ISL_547054	2020-06-30	USA	Texas	N_America	0	2	7	12	B.1.363	2020-06
ISL_615150	2020-06-21	USA	Texas	N_America	0	4	6	10	B.1.396	2020-06
ISL_543811	2020-06-08	USA	Texas	N_America	0	2	5	11	B.1.1.269	2020-06
ISL_522956	2020-06-11	USA	Texas	N_America	0	2	4	7	B.1.206	2020-06
ISL_546060	2020-06-27	USA	Texas	N_America	0	3	4	9	B.1.1	2020-06
ISL_545660	2020-06-30	USA	Texas	N_America	0	4	3	10	B.1.207	2020-06
ISL_544140	2020-06-13	USA	Texas	N_America	0	2	5	9	B.1.369	2020-06
ISL_544815	2020-06-25	USA	Texas	N_America	0	1	6	12	B.1.2	2020-06
ISL_543121	2020-06-15	USA	Texas	N_America	0	3	7	13	B.1.521	2020-06
ISL_544883	2020-06-20	USA	Texas	N_America	0	2	4	8	B.1.324	2020-06
ISL_543674	2020-06-19	USA	Texas	N_America	0	2	4	10	B.1.1.29	2020-06
ISL_1322906	2020-06-25	USA	Texas	N_America	0	1	6	11	B.1.2	2020-06
ISL_544124	2020-06-12	USA	Texas	N_America	0	3	4	10	B.1.207	2020-06
ISL_544855	2020-06-26	USA	Texas	N_America	0	5	8	14	B.1.369	2020-06
ISL_634950	2020-06-17	USA	Texas	N_America	0	1	3	7	B.1	2020-06
ISL_543806	2020-06-08	USA	Texas	N_America	0	1	5	10	B.1	2020-06
ISL_544421	2020-06-21	USA	Texas	N_America	0	1	5	12	B.1	2020-06
ISL_544902	2020-06-23	USA	Texas	N_America	0	3	7	11	B.1.2	2020-06
ISL_522957	2020-06-11	USA	Texas	N_America	0	2	4	6	B.1.1.29	2020-06
ISL_1322863	2020-06-21	USA	Texas	N_America	0	2	4	7	B.1.324	2020-06
ISL_978237	2020-06-16	USA	Texas	N_America	0	1	10	11	B.1.2	2020-06
ISL_1225026	2020-06-23	USA	Texas	N_America	0	1	7	9	B.1.2	2020-06
ISL_544494	2020-06-23	USA	Texas	N_America	0	1	6	7	B.1.2	2020-06
ISL_602233	2020-06-15	USA	Texas	N_America	0	2	4	9	B.1.324	2020-06
ISL_546272	2020-06-25	USA	Texas	N_America	0	1	7	10	B.1.2	2020-06
ISL_543187	2020-06-16	USA	Texas	N_America	0	1	11	14	B.1.2	2020-06
ISL_544130	2020-06-10	USA	Texas	N_America	0	5	8	14	B.1.369	2020-06
ISL_1184440	2020-06-23	USA	Texas	N_America	0	1	5	10	B.1	2020-06
ISL_546138	2020-06-24	USA	Texas	N_America	0	2	6	8	B.1.361	2020-06
ISL_1261593	2020-06-24	USA	Texas	N_America	0	2	3	6	B.1	2020-06
ISL_545361	2020-06-01	USA	Texas	N_America	0	2	5	9	B.1.1.177	2020-06
ISL_961152	2020-06-22	USA	Texas	N_America	0	2	2	5	B.1	2020-06
ISL_593576	2020-06-07	USA	Texas	N_America	0	3	4	8	B.1.366	2020-06
ISL_543215	2020-06-15	USA	Texas	N_America	0	1	5	10	B.1	2020-06
ISL_547376	2020-06-24	USA	Texas	N_America	0	3	4	7	B.1.206	2020-06
ISL_544756	2020-06-25	USA	Texas	N_America	0	2	4	6	B.1.206	2020-06
ISL_560946	2020-06-21	USA	Texas	N_America	0	4	6	12	B.1.396	2020-06
ISL_546093	2020-06-24	USA	Texas	N_America	0	1	6	8	B.1.2	2020-06
ISL_676630	2020-06-22	USA	Texas	N_America	0	4	6	10	B.1.396	2020-06
ISL_546677	2020-06-29	USA	Texas	N_America	0	3	5	11	B.1.369	2020-06
ISL_1322864	2020-06-21	USA	Texas	N_America	0	1	7	13	B.1.305	2020-06
ISL_544630	2020-06-19	USA	Texas	N_America	0	2	7	18	B.1	2020-06
ISL_544606	2020-06-22	USA	Texas	N_America	0	2	5	13	B.1	2020-06
ISL_634938	2020-06-17	USA	Texas	N_America	0	3	4	8	B.1.366	2020-06
ISL_543550	2020-06-17	USA	Texas	N_America	0	2	6	12	B.1.325	2020-06
ISL_543468	2020-06-19	USA	Texas	N_America	0	2	3	7	B.1	2020-06
ISL_544549	2020-06-22	USA	Texas	N_America	0	1	11	13	B.1.2	2020-06
ISL_541977	2020-06-05	USA	Texas	N_America	0	2	4	8	B.1.325	2020-06
ISL_545676	2020-06-30	USA	Texas	N_America	0	3	4	7	B.1.206	2020-06
ISL_560954	2020-06-21	USA	Texas	N_America	0	1	7	12	B.1.305	2020-06
ISL_1220003	2020-06-26	USA	Texas	N_America	0	3	7	12	B.1.2	2020-06
ISL_546146	2020-06-25	USA	Texas	N_America	0	3	4	8	B.1.206	2020-06
ISL_543234	2020-06-12	USA	Texas	N_America	0	2	5	12	B.1.325	2020-06
ISL_543356	2020-06-18	USA	Texas	N_America	0	2	4	7	B.1.206	2020-06
ISL_543400	2020-06-18	USA	Texas	N_America	0	2	6	8	B.1.361	2020-06
ISL_544242	2020-06-22	USA	Texas	N_America	0	3	4	8	B.1.206	2020-06
ISL_1220001	2020-06-13	USA	Texas	N_America	0	2	4	9	B.1.325	2020-06
ISL_1203656	2020-06-30	USA	Texas	N_America	0	2	5	8	B.1.1.29	2020-06
ISL_545614	2020-06-26	USA	Texas	N_America	0	2	6	10	B.1.2	2020-06
ISL_546065	2020-06-26	USA	Texas	N_America	0	1	4	7	B.1	2020-06
ISL_546252	2020-06-25	USA	Texas	N_America	0	2	4	8	B.1.325	2020-06
ISL_546557	2020-06-29	USA	Texas	N_America	0	2	6	8	B.1.361	2020-06
ISL_547033	2020-06-29	USA	Texas	N_America	0	1	7	10	B.1.363	2020-06
ISL_544605	2020-06-26	USA	Texas	N_America	0	3	4	12	B.1.1.210	2020-06
ISL_543450	2020-06-19	USA	Texas	N_America	0	2	6	10	B.1.325	2020-06
ISL_546225	2020-06-24	USA	Texas	N_America	0	2	4	9	B.1.1.29	2020-06
ISL_784192	2020-06-30	USA	Texas	N_America	0	2	6	11	B.1.2	2020-06
ISL_546260	2020-06-24	USA	Texas	N_America	0	5	7	13	B.1.369	2020-06
ISL_766748	2020-06-18	USA	Texas	N_America	0	2	4	9	B.1.1.29	2020-06
ISL_569693	2020-06-02	USA	Texas	N_America	0	3	4	9	B.1.366	2020-06
ISL_745296	2020-06-24	USA	Texas	N_America	0	2	4	8	B.1.1.29	2020-06
ISL_544682	2020-06-23	USA	Texas	N_America	0	3	4	7	B.1.206	2020-06
ISL_544090	2020-06-13	USA	Texas	N_America	0	2	7	14	B.1.260	2020-06
ISL_543796	2020-06-08	USA	Texas	N_America	0	2	5	9	B.1.325	2020-06
ISL_546363	2020-06-25	USA	Texas	N_America	0	5	8	16	B.1.369	2020-06
ISL_1201366	2020-06-26	USA	Texas	N_America	0	3	5	11	B.1.206	2020-06
ISL_546626	2020-06-29	USA	Texas	N_America	0	2	6	8	B.1.361	2020-06
ISL_541992	2020-06-21	USA	Texas	N_America	0	1	7	11	B.1.305	2020-06
ISL_978344	2020-06-25	USA	Texas	N_America	0	3	4	8	B.1.1.135	2020-06
ISL_543390	2020-06-18	USA	Texas	N_America	0	2	4	9	B.1.325	2020-06
ISL_1363062	2020-06-24	USA	Texas	N_America	0	1	8	14	B.1.305	2020-06
ISL_1252637	2020-06-27	USA	Texas	N_America	0	1	5	10	B.1	2020-06
ISL_544802	2020-06-25	USA	Texas	N_America	0	2	4	12	B.1	2020-06
ISL_1363013	2020-06-18	USA	Texas	N_America	0	2	5	13	B.1.1.268	2020-06
ISL_784237	2020-06-30	USA	Texas	N_America	0	2	4	9	B.1	2020-06
ISL_544952	2020-06-29	USA	Texas	N_America	0	1	5	10	B.1.3	2020-06
ISL_545415	2020-06-01	USA	Texas	N_America	0	2	4	7	B.1.206	2020-06
ISL_546325	2020-06-25	USA	Texas	N_America	0	2	6	8	B.1.361	2020-06
ISL_1113026	2020-06-30	USA	Texas	N_America	0	2	4	7	B.1.206	2020-06
ISL_546958	2020-06-25	USA	Texas	N_America	0	3	6	11	B.1.1.258	2020-06
ISL_784216	2020-06-30	USA	Texas	N_America	0	2	5	7	B.1.369	2020-06
ISL_1252636	2020-06-25	USA	Texas	N_America	0	2	11	13	B.1.2	2020-06
ISL_546830	2020-06-25	USA	Texas	N_America	0	2	6	9	B.1.361	2020-06
ISL_543733	2020-06-20	USA	Texas	N_America	0	1	11	12	B.1.2	2020-06
ISL_546249	2020-06-25	USA	Texas	N_America	0	2	4	12	B.1.1.1	2020-06
ISL_543410	2020-06-18	USA	Texas	N_America	0	2	4	9	B.1.1.29	2020-06
ISL_1015432	2020-06-14	USA	Texas	N_America	0	1	7	12	B.1.305	2020-06
ISL_671632	2020-06-24	USA	Texas	N_America	0	1	7	12	B.1.305	2020-06
ISL_544030	2020-06-10	USA	Texas	N_America	0	1	6	10	B.1.2	2020-06
ISL_545550	2020-06-03	USA	Texas	N_America	0	1	5	8	B.1.336	2020-06
ISL_780659	2020-07-01	USA	Texas	N_America	0	2	5	8	B.1.361	2020-07
ISL_785413	2020-07-09	USA	Texas	N_America	0	2	4	10	B.1.1.29	2020-07
ISL_789230	2020-07-09	USA	Texas	N_America	0	4	3	11	B.1	2020-07
ISL_785376	2020-07-09	USA	Texas	N_America	0	1	4	7	B.1	2020-07
ISL_784289	2020-07-07	USA	Texas	N_America	0	1	11	13	B.1.2	2020-07
ISL_785406	2020-07-09	USA	Texas	N_America	0	2	6	10	B.1.2	2020-07
ISL_789251	2020-07-06	USA	Texas	N_America	0	2	4	7	B.1.1.29	2020-07
ISL_546748	2020-07-01	USA	Texas	N_America	0	2	4	8	B.1.206	2020-07
ISL_780854	2020-07-02	USA	Texas	N_America	0	1	4	9	B.1.487	2020-07
ISL_780982	2020-07-02	USA	Texas	N_America	0	2	4	9	B.1.206	2020-07
ISL_1422314	2020-07-19	USA	Texas	N_America	0	1	11	12	B.1.2	2020-07
ISL_789551	2020-07-08	USA	Texas	N_America	0	4	3	10	B.1.207	2020-07
ISL_545991	2020-07-04	USA	Texas	N_America	0	2	6	12	B.1.325	2020-07
ISL_784258	2020-07-07	USA	Texas	N_America	0	1	10	11	B.1.2	2020-07
ISL_780468	2020-07-02	USA	Texas	N_America	0	2	3	6	B.1.206	2020-07
ISL_1203687	2020-07-01	USA	Texas	N_America	0	0	5	11	B.1.361	2020-07
ISL_789520	2020-07-08	USA	Texas	N_America	0	4	5	10	B.1.207	2020-07
ISL_780171	2020-07-06	USA	Texas	N_America	0	2	6	11	B.1.2	2020-07
ISL_1392740	2020-07-11	USA	Texas	N_America	0	1	11	13	B.1.2	2020-07
ISL_547302	2020-07-04	USA	Texas	N_America	0	2	6	9	B.1.361	2020-07
ISL_781105	2020-07-03	USA	Texas	N_America	0	2	4	8	B.1.1.29	2020-07
ISL_780945	2020-07-03	USA	Texas	N_America	0	3	4	10	B.1.1.162	2020-07
ISL_785565	2020-07-10	USA	Texas	N_America	0	1	4	5	B.1	2020-07
ISL_1202758	2020-07-11	USA	Texas	N_America	0	1	7	10	B.1.363	2020-07
ISL_789593	2020-07-09	USA	Texas	N_America	0	1	11	12	B.1.2	2020-07
ISL_547291	2020-07-04	USA	Texas	N_America	0	1	6	15	B.1.2	2020-07
ISL_789419	2020-07-09	USA	Texas	N_America	0	2	4	8	B.1.206	2020-07
ISL_1203727	2020-07-01	USA	Texas	N_America	0	1	4	7	B.1	2020-07
ISL_784385	2020-07-01	USA	Texas	N_America	0	2	4	8	B.1.1.29	2020-07
ISL_1422287	2020-07-16	USA	Texas	N_America	0	1	5	10	B.1.363	2020-07
ISL_780157	2020-07-07	USA	Texas	N_America	0	1	10	13	B.1.2	2020-07
ISL_780859	2020-07-02	USA	Texas	N_America	0	3	7	11	B.1.2	2020-07
ISL_780238	2020-07-04	USA	Texas	N_America	0	2	5	7	B.1.361	2020-07
ISL_780364	2020-07-06	USA	Texas	N_America	0	2	5	7	B.1.361	2020-07
ISL_780498	2020-07-01	USA	Texas	N_America	0	1	5	8	B.1	2020-07
ISL_1203728	2020-07-02	USA	Texas	N_America	0	1	3	8	B.1	2020-07
ISL_1202685	2020-07-10	USA	Texas	N_America	0	1	4	6	B.1	2020-07
ISL_1201974	2020-07-09	USA	Texas	N_America	0	2	4	7	B.1.1.29	2020-07
ISL_780771	2020-07-01	USA	Texas	N_America	0	2	5	11	B.1	2020-07
ISL_780509	2020-07-02	USA	Texas	N_America	0	3	5	13	B.1.369	2020-07
ISL_1202874	2020-07-11	USA	Texas	N_America	0	3	4	9	B.1.1.29	2020-07
ISL_785445	2020-07-09	USA	Texas	N_America	0	4	6	15	B.1.1.258	2020-07
ISL_780536	2020-07-01	USA	Texas	N_America	0	2	4	8	B.1.1.29	2020-07
ISL_602255	2020-07-20	USA	Texas	N_America	0	1	5	10	B.1	2020-07
ISL_789620	2020-07-05	USA	Texas	N_America	0	5	7	13	B.1.369	2020-07
ISL_785583	2020-07-10	USA	Texas	N_America	0	1	2	3	B.1	2020-07
ISL_785633	2020-07-10	USA	Texas	N_America	0	1	7	12	B.1.2	2020-07
ISL_1422270	2020-07-18	USA	Texas	N_America	0	5	8	15	B.1.369	2020-07
ISL_780332	2020-07-06	USA	Texas	N_America	0	2	5	7	B.1.361	2020-07
ISL_785623	2020-07-10	USA	Texas	N_America	0	3	6	12	B.1.1.258	2020-07
ISL_1202558	2020-07-11	USA	Texas	N_America	0	1	5	6	B.1	2020-07
ISL_1201932	2020-07-09	USA	Texas	N_America	0	3	4	8	B.1.206	2020-07
ISL_780759	2020-07-01	USA	Texas	N_America	0	2	4	9	B.1.1.29	2020-07
ISL_780900	2020-07-02	USA	Texas	N_America	0	1	6	9	B.1.2	2020-07
ISL_785346	2020-07-09	USA	Texas	N_America	0	2	4	9	B.1	2020-07
ISL_1363073	2020-07-08	USA	Texas	N_America	0	1	7	13	B.1.363	2020-07
ISL_789202	2020-07-08	USA	Texas	N_America	0	2	6	9	B.1.361	2020-07
ISL_1202852	2020-07-11	USA	Texas	N_America	0	3	7	12	B.1.521	2020-07
ISL_780107	2020-07-06	USA	Texas	N_America	0	2	5	9	B	2020-07
ISL_812556	2020-07-22	USA	Texas	N_America	0	2	6	12	B.1.369	2020-07
ISL_789190	2020-07-08	USA	Texas	N_America	0	2	6	10	B.1.206	2020-07
ISL_789375	2020-07-07	USA	Texas	N_America	0	2	5	13	B.1	2020-07
ISL_780718	2020-07-01	USA	Texas	N_America	0	2	6	8	B.1.361	2020-07
ISL_780719	2020-07-01	USA	Texas	N_America	0	2	5	7	B.1.361	2020-07
ISL_781124	2020-07-03	USA	Texas	N_America	0	1	7	8	B.1.2	2020-07
ISL_785675	2020-07-10	USA	Texas	N_America	0	1	4	7	B.1	2020-07
ISL_1405739	2020-07-11	USA	Texas	N_America	0	1	11	12	B.1.2	2020-07
ISL_547216	2020-07-04	USA	Texas	N_America	0	2	6	8	B.1.361	2020-07
ISL_1405735	2020-07-11	USA	Texas	N_America	0	1	12	14	B.1.2	2020-07
ISL_789610	2020-07-09	USA	Texas	N_America	0	1	6	8	B.1	2020-07
ISL_780636	2020-07-01	USA	Texas	N_America	0	1	6	11	B.1.2	2020-07
ISL_1202517	2020-07-10	USA	Texas	N_America	0	3	4	10	B.1	2020-07
ISL_789656	2020-07-05	USA	Texas	N_America	0	4	3	10	B.1	2020-07
ISL_785372	2020-07-09	USA	Texas	N_America	0	1	4	5	B.1	2020-07
ISL_547253	2020-07-04	USA	Texas	N_America	0	2	6	8	B.1.361	2020-07
ISL_780216	2020-07-02	USA	Texas	N_America	0	3	7	13	B.1.234	2020-07
ISL_780836	2020-07-02	USA	Texas	N_America	0	4	6	11	B.1.369	2020-07
ISL_1422302	2020-07-19	USA	Texas	N_America	0	1	11	12	B.1.2	2020-07
ISL_780359	2020-07-06	USA	Texas	N_America	0	4	3	9	B.1.207	2020-07
ISL_780585	2020-07-01	USA	Texas	N_America	0	1	5	8	B.1	2020-07
ISL_780800	2020-07-02	USA	Texas	N_America	0	1	7	10	B	2020-07
ISL_784392	2020-07-01	USA	Texas	N_America	0	1	4	6	B.1.335	2020-07
ISL_1405747	2020-07-11	USA	Texas	N_America	0	1	11	12	B.1.2	2020-07
ISL_780460	2020-07-01	USA	Texas	N_America	0	1	7	12	B	2020-07
ISL_780992	2020-07-02	USA	Texas	N_America	0	3	4	8	B.1.206	2020-07
ISL_780743	2020-07-01	USA	Texas	N_America	0	1	6	7	B.1.2	2020-07
ISL_751516	2020-07-08	USA	Texas	N_America	0	2	7	15	B.1	2020-07
ISL_785557	2020-07-10	USA	Texas	N_America	0	1	11	14	B.1.2	2020-07
ISL_1422257	2020-07-06	USA	Texas	N_America	0	3	7	11	B.1.2	2020-07
ISL_1202738	2020-07-11	USA	Texas	N_America	0	1	11	13	B.1.2	2020-07
ISL_1201950	2020-07-09	USA	Texas	N_America	0	1	5	12	B.1.301	2020-07
ISL_780223	2020-07-04	USA	Texas	N_America	0	4	7	12	B.1.1.29	2020-07
ISL_1202775	2020-07-12	USA	Texas	N_America	0	2	4	9	B.1.324	2020-07
ISL_789262	2020-07-08	USA	Texas	N_America	0	3	5	11	B.1.369	2020-07
ISL_789506	2020-07-08	USA	Texas	N_America	0	1	11	13	B.1.2	2020-07
ISL_780354	2020-07-06	USA	Texas	N_America	0	2	5	9	B.1.206	2020-07
ISL_1202821	2020-07-13	USA	Texas	N_America	0	1	8	11	B.1	2020-07
ISL_634966	2020-07-03	USA	Texas	N_America	0	2	3	5	B.1	2020-07
ISL_780347	2020-07-06	USA	Texas	N_America	0	2	5	7	B.1.361	2020-07
ISL_1203748	2020-07-02	USA	Texas	N_America	0	3	7	12	B.1.2	2020-07
ISL_788866	2020-08-17	USA	Texas	N_America	0	1	2	8	B.1	2020-08
ISL_1405793	2020-08-05	USA	Texas	N_America	0	1	13	14	B.1.2	2020-08
ISL_788383	2020-08-25	USA	Texas	N_America	0	2	4	8	B.1.324	2020-08
ISL_789804	2020-08-29	USA	Texas	N_America	0	1	3	4	B.1	2020-08
ISL_787262	2020-08-16	USA	Texas	N_America	0	4	6	12	B.1.361	2020-08
ISL_788453	2020-08-24	USA	Texas	N_America	0	4	5	9	B.1.361	2020-08
ISL_787284	2020-08-15	USA	Texas	N_America	0	2	5	10	B.1.1.29	2020-08
ISL_790430	2020-08-31	USA	Texas	N_America	0	1	3	5	B.1	2020-08
ISL_788142	2020-08-29	USA	Texas	N_America	0	2	3	5	B.1	2020-08
ISL_787167	2020-08-16	USA	Texas	N_America	0	2	6	16	B.1.2	2020-08
ISL_788510	2020-08-24	USA	Texas	N_America	0	1	11	14	B.1.2	2020-08
ISL_790425	2020-08-31	USA	Texas	N_America	0	2	4	14	B.1.1.1	2020-08
ISL_788714	2020-08-21	USA	Texas	N_America	0	4	7	12	B.1.234	2020-08
ISL_788332	2020-08-26	USA	Texas	N_America	0	1	11	14	B.1.2	2020-08
ISL_788033	2020-08-18	USA	Texas	N_America	0	2	2	5	B.1	2020-08
ISL_790470	2020-08-29	USA	Texas	N_America	0	1	11	13	B.1.2	2020-08
ISL_788456	2020-08-24	USA	Texas	N_America	0	2	6	11	B.1.361	2020-08
ISL_787377	2020-08-14	USA	Texas	N_America	0	1	6	10	B.1.363	2020-08
ISL_1405809	2020-08-09	USA	Texas	N_America	0	2	12	15	B.1.2	2020-08
ISL_790445	2020-08-31	USA	Texas	N_America	0	1	3	7	B.1	2020-08
ISL_788692	2020-08-21	USA	Texas	N_America	0	2	3	9	B.1	2020-08
ISL_789854	2020-08-31	USA	Texas	N_America	0	3	5	9	B.1	2020-08
ISL_788609	2020-08-23	USA	Texas	N_America	0	1	6	10	B.1	2020-08
ISL_1392742	2020-08-24	USA	Texas	N_America	0	2	5	10	B.1.1.29	2020-08
ISL_1392746	2020-08-24	USA	Texas	N_America	0	2	5	10	B.1.1.29	2020-08
ISL_788108	2020-08-28	USA	Texas	N_America	0	2	6	10	B.1.361	2020-08
ISL_788135	2020-08-28	USA	Texas	N_America	0	3	4	8	B.1.206	2020-08
ISL_789881	2020-08-19	USA	Texas	N_America	0	3	3	6	B.1.78	2020-08
ISL_788590	2020-08-23	USA	Texas	N_America	0	2	5	13	B.1.1.244	2020-08
ISL_787305	2020-08-14	USA	Texas	N_America	0	2	2	6	B.1	2020-08
ISL_787105	2020-08-17	USA	Texas	N_America	0	1	4	7	B.1.2	2020-08
ISL_788551	2020-08-24	USA	Texas	N_America	0	2	4	13	B.1.1.207	2020-08
ISL_790548	2020-08-19	USA	Texas	N_America	0	5	8	15	B.1.369	2020-08
ISL_788478	2020-08-24	USA	Texas	N_America	0	2	6	11	B.1.361	2020-08
ISL_790410	2020-08-31	USA	Texas	N_America	0	4	3	8	B.1.240	2020-08
ISL_788533	2020-08-24	USA	Texas	N_America	0	1	11	13	B.1.2	2020-08
ISL_789860	2020-08-31	USA	Texas	N_America	0	1	3	5	B.1	2020-08
ISL_1405806	2020-08-09	USA	Texas	N_America	0	2	12	15	B.1.2	2020-08
ISL_788810	2020-08-20	USA	Texas	N_America	0	3	6	9	B.1.361	2020-08
ISL_788587	2020-08-21	USA	Texas	N_America	0	1	11	13	B.1.2	2020-08
ISL_787230	2020-08-16	USA	Texas	N_America	0	1	7	10	B.1.2	2020-08
ISL_788448	2020-08-26	USA	Texas	N_America	0	3	6	10	B.1.369	2020-08
ISL_787338	2020-08-14	USA	Texas	N_America	0	2	4	7	B.1.361	2020-08
ISL_787152	2020-08-17	USA	Texas	N_America	0	4	6	10	B.1.361	2020-08
ISL_788496	2020-08-24	USA	Texas	N_America	0	1	3	5	B.1.196	2020-08
ISL_790553	2020-08-19	USA	Texas	N_America	0	3	3	15	B.1.189	2020-08
ISL_787320	2020-08-14	USA	Texas	N_America	0	2	4	9	B.1.1.29	2020-08
ISL_790443	2020-08-31	USA	Texas	N_America	0	1	3	4	B.1	2020-08
ISL_789906	2020-08-31	USA	Texas	N_America	0	1	4	5	B.1	2020-08
ISL_788784	2020-08-20	USA	Texas	N_America	0	1	5	9	B.1.363	2020-08
ISL_788391	2020-08-25	USA	Texas	N_America	0	1	2	5	B.1	2020-08
ISL_789857	2020-08-19	USA	Texas	N_America	0	2	4	6	B.1	2020-08
ISL_787325	2020-08-14	USA	Texas	N_America	0	2	3	9	B.1.203	2020-08
ISL_789871	2020-08-31	USA	Texas	N_America	0	1	7	11	B.1.2	2020-08
ISL_788303	2020-08-25	USA	Texas	N_America	0	1	2	4	B.1	2020-08
ISL_787297	2020-08-15	USA	Texas	N_America	0	2	4	14	B.1.325	2020-08
ISL_788386	2020-08-25	USA	Texas	N_America	0	4	7	11	B.1.361	2020-08
ISL_788128	2020-08-28	USA	Texas	N_America	0	1	3	5	B.1.196	2020-08
ISL_787224	2020-08-15	USA	Texas	N_America	0	1	3	5	B.1	2020-08
ISL_788588	2020-08-21	USA	Texas	N_America	0	1	2	4	B.1	2020-08
ISL_788451	2020-08-25	USA	Texas	N_America	0	1	7	8	B.1.2	2020-08
ISL_788240	2020-08-27	USA	Texas	N_America	0	1	3	7	B.1	2020-08
ISL_788177	2020-08-28	USA	Texas	N_America	0	2	5	14	B.1.1.139	2020-08
ISL_788112	2020-08-28	USA	Texas	N_America	0	1	3	4	B.1	2020-08
ISL_788425	2020-08-26	USA	Texas	N_America	0	1	4	13	B.1.139	2020-08
ISL_788006	2020-08-19	USA	Texas	N_America	0	2	4	7	B.1	2020-08
ISL_790444	2020-08-31	USA	Texas	N_America	0	1	10	14	B.1.2	2020-08
ISL_788711	2020-08-21	USA	Texas	N_America	0	4	6	16	B.1.1.258	2020-08
ISL_787138	2020-08-17	USA	Texas	N_America	0	2	6	10	B.1.361	2020-08
ISL_788830	2020-08-17	USA	Texas	N_America	0	3	5	10	B.1.1.29	2020-08
ISL_788877	2020-08-17	USA	Texas	N_America	0	1	3	7	B.1	2020-08
ISL_787196	2020-08-17	USA	Texas	N_America	0	1	5	6	B.1.2	2020-08
ISL_788113	2020-08-28	USA	Texas	N_America	0	1	4	10	B.1.363	2020-08
ISL_788070	2020-08-18	USA	Texas	N_America	0	3	4	8	B.1.240	2020-08
ISL_788226	2020-08-27	USA	Texas	N_America	0	2	6	8	B.1.361	2020-08
ISL_788304	2020-08-25	USA	Texas	N_America	0	2	6	12	B.1.361	2020-08
ISL_788409	2020-08-24	USA	Texas	N_America	0	4	7	11	B.1.234	2020-08
ISL_787233	2020-08-15	USA	Texas	N_America	0	2	11	15	B.1.2	2020-08
ISL_788127	2020-08-28	USA	Texas	N_America	0	2	5	12	B.1.1.29	2020-08
ISL_1405795	2020-08-06	USA	Texas	N_America	0	2	5	8	B.1.1.208	2020-08
ISL_788152	2020-08-28	USA	Texas	N_America	0	2	11	17	B.1.2	2020-08
ISL_788677	2020-08-21	USA	Texas	N_America	0	3	5	12	B.1.1.304	2020-08
ISL_787278	2020-08-15	USA	Texas	N_America	0	4	7	11	B.1.234	2020-08
ISL_788756	2020-08-20	USA	Texas	N_America	0	2	5	8	B.1	2020-08
ISL_787326	2020-08-14	USA	Texas	N_America	0	1	11	16	B.1.2	2020-08
ISL_788439	2020-08-25	USA	Texas	N_America	0	1	3	4	B.1.2	2020-08
ISL_787333	2020-08-14	USA	Texas	N_America	0	1	11	12	B.1.2	2020-08
ISL_789827	2020-08-31	USA	Texas	N_America	0	1	5	7	B.1	2020-08
ISL_788392	2020-08-25	USA	Texas	N_America	0	3	7	11	B.1.234	2020-08
ISL_790452	2020-08-30	USA	Texas	N_America	0	3	4	8	B.1.1.169	2020-08
ISL_790504	2020-08-30	USA	Texas	N_America	0	2	6	12	B.1.361	2020-08
ISL_1392752	2020-08-24	USA	Texas	N_America	0	2	6	9	B.1.369	2020-08
ISL_788084	2020-08-18	USA	Texas	N_America	0	2	5	9	B.1.369	2020-08
ISL_788136	2020-08-28	USA	Texas	N_America	0	1	3	5	B.1.207	2020-08
ISL_788022	2020-08-18	USA	Texas	N_America	0	4	7	11	B.1.234	2020-08
ISL_788318	2020-08-26	USA	Texas	N_America	0	3	5	9	B.1.361	2020-08
ISL_789801	2020-08-30	USA	Texas	N_America	0	1	3	4	B.1	2020-08
ISL_790428	2020-08-31	USA	Texas	N_America	0	2	4	10	B.1	2020-08
ISL_788018	2020-08-18	USA	Texas	N_America	0	3	4	11	B.1.1.29	2020-08
ISL_790561	2020-08-19	USA	Texas	N_America	0	4	7	11	B.1.234	2020-08
ISL_790367	2020-09-30	USA	Texas	N_America	0	3	7	12	B.1.234	2020-09
ISL_789759	2020-09-04	USA	Texas	N_America	0	1	7	12	B.1.265	2020-09
ISL_790317	2020-09-26	USA	Texas	N_America	0	2	2	4	B.1	2020-09
ISL_1392792	2020-09-14	USA	Texas	N_America	0	3	11	15	B.1.2	2020-09
ISL_790052	2020-09-12	USA	Texas	N_America	0	5	6	11	B.1.396	2020-09
ISL_790017	2020-09-07	USA	Texas	N_America	0	1	6	9	B.1	2020-09
ISL_790105	2020-09-08	USA	Texas	N_America	0	1	6	11	B.1	2020-09
ISL_790092	2020-09-13	USA	Texas	N_America	0	2	5	8	B.1.361	2020-09
ISL_1202066	2020-09-16	USA	Texas	N_America	0	5	8	13	B.1.369	2020-09
ISL_790386	2020-09-30	USA	Texas	N_America	0	2	4	9	B.1.1.29	2020-09
ISL_700709	2020-09-04	USA	Texas	N_America	0	3	5	14	B.1.1	2020-09
ISL_790123	2020-09-16	USA	Texas	N_America	0	1	10	11	B.1.2	2020-09
ISL_576356	2020-09-08	USA	Texas	N_America	0	3	7	13	B.1.234	2020-09
ISL_789737	2020-09-02	USA	Texas	N_America	0	5	7	14	B.1.396	2020-09
ISL_786385	2020-09-08	USA	Texas	N_America	0	4	12	16	B.1.2	2020-09
ISL_790124	2020-09-17	USA	Texas	N_America	0	5	6	11	B.1.396	2020-09
ISL_790318	2020-09-25	USA	Texas	N_America	0	1	4	6	B	2020-09
ISL_790372	2020-09-30	USA	Texas	N_America	0	1	10	13	B.1.2	2020-09
ISL_1202042	2020-09-07	USA	Texas	N_America	0	4	7	12	B.1.361	2020-09
ISL_790079	2020-09-14	USA	Texas	N_America	0	5	7	15	B.1.369	2020-09
ISL_789996	2020-09-05	USA	Texas	N_America	0	1	10	15	B.1.2	2020-09
ISL_790064	2020-09-11	USA	Texas	N_America	0	3	4	12	B.1.324	2020-09
ISL_789918	2020-09-11	USA	Texas	N_America	0	3	5	9	B.1.361	2020-09
ISL_877125	2020-09-13	USA	Texas	N_America	0	3	4	12	B.1.1	2020-09
ISL_790260	2020-09-24	USA	Texas	N_America	0	1	10	15	B.1.2	2020-09
ISL_790392	2020-09-30	USA	Texas	N_America	0	2	4	9	B.1	2020-09
ISL_790325	2020-09-25	USA	Texas	N_America	0	4	7	12	B.1.234	2020-09
ISL_790239	2020-09-22	USA	Texas	N_America	0	5	7	12	B.1.369	2020-09
ISL_785485	2020-09-08	USA	Texas	N_America	0	2	3	6	B.1	2020-09
ISL_790283	2020-09-24	USA	Texas	N_America	0	1	7	10	B.1.2	2020-09
ISL_789172	2020-09-01	USA	Texas	N_America	0	1	4	6	B.1	2020-09
ISL_789947	2020-09-11	USA	Texas	N_America	0	4	3	10	B.1.243	2020-09
ISL_790375	2020-09-29	USA	Texas	N_America	0	1	4	9	B.1	2020-09
ISL_789946	2020-09-24	USA	Texas	N_America	0	2	3	11	B.1.241	2020-09
ISL_789814	2020-09-30	USA	Texas	N_America	0	2	4	8	B.1.452	2020-09
ISL_789969	2020-09-25	USA	Texas	N_America	0	0	11	13	B.1.2	2020-09
ISL_790350	2020-09-28	USA	Texas	N_America	0	4	5	9	B.1.361	2020-09
ISL_789988	2020-09-28	USA	Texas	N_America	0	1	10	13	B.1.2	2020-09
ISL_790000	2020-09-05	USA	Texas	N_America	0	5	7	12	B.1.369	2020-09
ISL_790113	2020-09-14	USA	Texas	N_America	0	5	7	12	B.1.369	2020-09
ISL_789970	2020-09-25	USA	Texas	N_America	0	2	6	9	B.1.361	2020-09
ISL_780275	2020-09-08	USA	Texas	N_America	0	5	5	11	B.1.369	2020-09
ISL_1202045	2020-09-08	USA	Texas	N_America	0	2	5	11	B.1	2020-09
ISL_790201	2020-09-17	USA	Texas	N_America	0	1	5	9	B.1.349	2020-09
ISL_789179	2020-09-01	USA	Texas	N_America	0	1	7	8	B.1.235	2020-09
ISL_790009	2020-09-07	USA	Texas	N_America	0	3	5	9	B.1.361	2020-09
ISL_790300	2020-09-26	USA	Texas	N_America	0	3	4	12	B.1.243	2020-09
ISL_1202109	2020-09-30	USA	Texas	N_America	0	4	5	12	B.1.361	2020-09
ISL_790319	2020-09-25	USA	Texas	N_America	0	4	6	16	B.1.1.258	2020-09
ISL_790231	2020-09-25	USA	Texas	N_America	0	2	4	8	B.1.1.29	2020-09
ISL_1202029	2020-09-01	USA	Texas	N_America	0	1	5	12	B.1	2020-09
ISL_790273	2020-09-24	USA	Texas	N_America	0	1	4	5	B	2020-09
ISL_790307	2020-09-25	USA	Texas	N_America	0	4	5	16	B.1.1.207	2020-09
ISL_790038	2020-09-09	USA	Texas	N_America	0	3	7	14	B.1.1.304	2020-09
ISL_790336	2020-09-28	USA	Texas	N_America	0	2	4	11	B.1.1.67	2020-09
ISL_790006	2020-09-05	USA	Texas	N_America	0	4	3	9	B.1.243	2020-09
ISL_790024	2020-09-09	USA	Texas	N_America	0	4	9	13	B.1.369	2020-09
ISL_789879	2020-09-16	USA	Texas	N_America	0	4	6	17	B.1.1.258	2020-09
ISL_789893	2020-09-20	USA	Texas	N_America	0	1	2	3	B.1	2020-09
ISL_790164	2020-09-15	USA	Texas	N_America	0	8	9	17	B.1.2	2020-09
ISL_789944	2020-09-06	USA	Texas	N_America	0	5	7	14	B.1.369	2020-09
ISL_789772	2020-09-04	USA	Texas	N_America	0	2	4	10	B.1.324	2020-09
ISL_790067	2020-09-11	USA	Texas	N_America	0	2	3	8	B.1.443	2020-09
ISL_790072	2020-09-08	USA	Texas	N_America	0	2	4	7	B.1.1.29	2020-09
ISL_789955	2020-09-21	USA	Texas	N_America	0	2	5	10	B	2020-09
ISL_790313	2020-09-25	USA	Texas	N_America	0	3	4	12	B.1.1.70	2020-09
ISL_789735	2020-09-02	USA	Texas	N_America	0	2	7	11	B.1.361	2020-09
ISL_790230	2020-09-20	USA	Texas	N_America	0	1	10	15	B.1.2	2020-09
ISL_789822	2020-09-01	USA	Texas	N_America	0	2	7	10	B.1.2	2020-09
ISL_790184	2020-09-20	USA	Texas	N_America	0	2	3	8	B.1	2020-09
ISL_790285	2020-09-23	USA	Texas	N_America	0	2	2	5	B.1	2020-09
ISL_790387	2020-09-30	USA	Texas	N_America	0	3	5	12	B.1.1.304	2020-09
ISL_1202102	2020-09-25	USA	Texas	N_America	0	1	3	5	B.1	2020-09
ISL_790214	2020-09-22	USA	Texas	N_America	0	3	6	18	B.1.1.29	2020-09
ISL_790068	2020-09-11	USA	Texas	N_America	0	4	3	10	B.1.240	2020-09
ISL_790302	2020-09-25	USA	Texas	N_America	0	1	4	5	B.1.1.29	2020-09
ISL_790129	2020-09-16	USA	Texas	N_America	0	1	9	15	B.1.2	2020-09
ISL_789935	2020-09-25	USA	Texas	N_America	0	3	4	10	B.1.1.192	2020-09
ISL_790280	2020-09-23	USA	Texas	N_America	0	4	7	11	B.1.234	2020-09
ISL_789886	2020-09-07	USA	Texas	N_America	0	2	4	6	B.1	2020-09
ISL_1202041	2020-09-06	USA	Texas	N_America	0	2	3	8	B.1	2020-09
ISL_789713	2020-09-01	USA	Texas	N_America	0	3	2	6	B.1.36	2020-09
ISL_790162	2020-09-15	USA	Texas	N_America	0	3	5	8	B.1.361	2020-09
ISL_1392790	2020-09-14	USA	Texas	N_America	0	3	11	15	B.1.2	2020-09
ISL_789706	2020-09-01	USA	Texas	N_America	0	1	9	12	B.1.2	2020-09
ISL_790257	2020-09-23	USA	Texas	N_America	0	4	3	8	B.1.240	2020-09
ISL_789897	2020-09-08	USA	Texas	N_America	0	1	5	6	B.1.361	2020-09
ISL_789952	2020-09-21	USA	Texas	N_America	0	8	9	18	B.1.2	2020-09
ISL_790229	2020-09-25	USA	Texas	N_America	0	2	10	12	B.1.2	2020-09
ISL_790343	2020-09-28	USA	Texas	N_America	0	4	4	11	B.1.243	2020-09
ISL_790235	2020-09-21	USA	Texas	N_America	0	1	10	15	B.1.2	2020-09
ISL_700724	2020-09-11	USA	Texas	N_America	0	1	6	7	B.1.334	2020-09
ISL_789974	2020-09-15	USA	Texas	N_America	0	3	6	19	B.1.1.122	2020-09
ISL_790098	2020-09-14	USA	Texas	N_America	0	2	11	18	B.1.2	2020-09
ISL_783775	2020-09-08	USA	Texas	N_America	0	2	5	15	B.1.265	2020-09
ISL_790033	2020-09-09	USA	Texas	N_America	0	4	6	10	B.1.234	2020-09
ISL_789158	2020-09-03	USA	Texas	N_America	0	2	8	15	B.1.2	2020-09
ISL_790288	2020-09-24	USA	Texas	N_America	0	1	4	5	B.1	2020-09
ISL_790222	2020-09-25	USA	Texas	N_America	0	0	7	7	B.1.2	2020-09
ISL_790328	2020-09-27	USA	Texas	N_America	0	2	12	17	B.1.2	2020-09
ISL_787410	2020-10-03	USA	Texas	N_America	0	3	6	12	B.1.2	2020-10
ISL_787836	2020-10-09	USA	Texas	N_America	0	1	5	12	B.1	2020-10
ISL_787796	2020-10-08	USA	Texas	N_America	0	1	11	20	B.1.2	2020-10
ISL_786957	2020-10-23	USA	Texas	N_America	0	4	6	19	B.1.396	2020-10
ISL_787441	2020-10-02	USA	Texas	N_America	0	2	11	15	B.1.2	2020-10
ISL_786855	2020-10-21	USA	Texas	N_America	0	5	6	11	B.1.396	2020-10
ISL_786460	2020-10-16	USA	Texas	N_America	0	1	2	3	B.1	2020-10
ISL_787080	2020-10-26	USA	Texas	N_America	0	2	13	19	B.1.2	2020-10
ISL_787607	2020-10-05	USA	Texas	N_America	0	4	12	18	B.1.2	2020-10
ISL_787685	2020-10-07	USA	Texas	N_America	0	2	3	5	B.1	2020-10
ISL_786789	2020-10-19	USA	Texas	N_America	0	2	7	18	B.1.2	2020-10
ISL_786473	2020-10-16	USA	Texas	N_America	0	5	7	12	B.1.234	2020-10
ISL_787954	2020-10-09	USA	Texas	N_America	0	1	2	5	B.1.177	2020-10
ISL_787488	2020-10-04	USA	Texas	N_America	0	5	3	12	B.1.240	2020-10
ISL_787013	2020-10-23	USA	Texas	N_America	0	1	4	5	B.1.196	2020-10
ISL_785932	2020-10-31	USA	Texas	N_America	0	1	3	4	B.1	2020-10
ISL_787489	2020-10-04	USA	Texas	N_America	0	5	3	12	B.1.240	2020-10
ISL_786928	2020-10-22	USA	Texas	N_America	0	2	4	13	B.1.139	2020-10
ISL_787058	2020-10-26	USA	Texas	N_America	0	2	6	8	B.1.1.208	2020-10
ISL_786262	2020-10-12	USA	Texas	N_America	0	3	5	16	B.1.363	2020-10
ISL_786227	2020-10-01	USA	Texas	N_America	0	4	7	16	B.1.396	2020-10
ISL_787458	2020-10-03	USA	Texas	N_America	0	3	3	13	B.1.400	2020-10
ISL_787715	2020-10-07	USA	Texas	N_America	0	1	3	4	B.1	2020-10
ISL_787415	2020-10-02	USA	Texas	N_America	0	4	5	17	B.1.36.26	2020-10
ISL_787059	2020-10-26	USA	Texas	N_America	0	4	8	17	B.1.361	2020-10
ISL_787831	2020-10-09	USA	Texas	N_America	0	1	13	15	B.1.2	2020-10
ISL_786919	2020-10-21	USA	Texas	N_America	0	2	5	14	B.1.1.207	2020-10
ISL_785915	2020-10-28	USA	Texas	N_America	0	5	7	13	B.1.234	2020-10
ISL_787612	2020-10-06	USA	Texas	N_America	0	1	4	7	B.1	2020-10
ISL_786496	2020-10-16	USA	Texas	N_America	0	4	12	16	B.1.2	2020-10
ISL_786518	2020-10-16	USA	Texas	N_America	0	1	5	8	B.1.196	2020-10
ISL_786372	2020-10-14	USA	Texas	N_America	0	3	5	8	B.1.1.208	2020-10
ISL_786296	2020-10-12	USA	Texas	N_America	0	3	3	9	B.1.243	2020-10
ISL_786431	2020-10-14	USA	Texas	N_America	0	3	5	8	B.1.1.208	2020-10
ISL_786534	2020-10-16	USA	Texas	N_America	0	1	11	15	B.1.2	2020-10
ISL_786862	2020-10-22	USA	Texas	N_America	0	2	11	23	B.1.2	2020-10
ISL_785739	2020-10-29	USA	Texas	N_America	0	6	7	13	B.1.234	2020-10
ISL_785923	2020-10-30	USA	Texas	N_America	0	1	11	18	B.1.2	2020-10
ISL_786454	2020-10-15	USA	Texas	N_America	0	3	3	11	B.1.243	2020-10
ISL_787423	2020-10-03	USA	Texas	N_America	0	2	3	5	B.1	2020-10
ISL_786414	2020-10-15	USA	Texas	N_America	0	3	4	7	B.1	2020-10
ISL_787393	2020-10-02	USA	Texas	N_America	0	1	11	15	B.1.2	2020-10
ISL_785965	2020-10-31	USA	Texas	N_America	0	1	12	14	B.1.2	2020-10
ISL_785973	2020-10-30	USA	Texas	N_America	0	1	8	14	B.1.2	2020-10
ISL_786678	2020-10-19	USA	Texas	N_America	0	1	11	14	B.1.2	2020-10
ISL_787900	2020-10-11	USA	Texas	N_America	0	2	5	13	B.1.1.304	2020-10
ISL_787691	2020-10-07	USA	Texas	N_America	0	3	12	17	B.1.2	2020-10
ISL_786720	2020-10-20	USA	Texas	N_America	0	2	5	12	B.1.280	2020-10
ISL_700730	2020-10-09	USA	Texas	N_America	0	3	6	17	B.1.2	2020-10
ISL_786536	2020-10-15	USA	Texas	N_America	0	5	6	12	B.1.396	2020-10
ISL_787484	2020-10-03	USA	Texas	N_America	0	2	3	10	B.1	2020-10
ISL_787815	2020-10-09	USA	Texas	N_America	0	3	3	9	B.1.243	2020-10
ISL_786567	2020-10-18	USA	Texas	N_America	0	2	2	4	B.1	2020-10
ISL_787500	2020-10-04	USA	Texas	N_America	0	2	3	6	B.1	2020-10
ISL_785843	2020-10-26	USA	Texas	N_America	0	2	6	12	B.1.1.29	2020-10
ISL_785989	2020-10-31	USA	Texas	N_America	0	1	13	15	B.1.2	2020-10
ISL_786620	2020-10-16	USA	Texas	N_America	0	1	5	9	B.1	2020-10
ISL_787892	2020-10-09	USA	Texas	N_America	0	1	6	9	B.1.2	2020-10
ISL_787995	2020-10-12	USA	Texas	N_America	0	3	7	22	B.1.1.67	2020-10
ISL_785775	2020-10-29	USA	Texas	N_America	0	2	3	5	B.1.196	2020-10
ISL_786211	2020-10-12	USA	Texas	N_America	0	3	3	13	B.1.400	2020-10
ISL_786333	2020-10-12	USA	Texas	N_America	0	3	2	7	B.1.243	2020-10
ISL_786286	2020-10-12	USA	Texas	N_America	0	2	3	9	B.1	2020-10
ISL_786350	2020-10-13	USA	Texas	N_America	0	2	4	22	B.1.1.244	2020-10
ISL_786903	2020-10-20	USA	Texas	N_America	0	1	5	14	B.1.349	2020-10
ISL_786444	2020-10-14	USA	Texas	N_America	0	5	6	11	B.1.396	2020-10
ISL_787495	2020-10-05	USA	Texas	N_America	0	2	11	16	B.1.2	2020-10
ISL_787093	2020-10-23	USA	Texas	N_America	0	3	5	17	B.1.1	2020-10
ISL_787421	2020-10-02	USA	Texas	N_America	0	4	8	12	B.1.234	2020-10
ISL_786450	2020-10-15	USA	Texas	N_America	0	1	12	17	B.1.2	2020-10
ISL_787945	2020-10-10	USA	Texas	N_America	0	1	12	15	B.1.2	2020-10
ISL_787627	2020-10-06	USA	Texas	N_America	0	1	5	13	B.1	2020-10
ISL_786705	2020-10-20	USA	Texas	N_America	0	3	4	15	B.1.1	2020-10
ISL_787910	2020-10-10	USA	Texas	N_America	0	3	8	14	B.1.234	2020-10
ISL_787636	2020-10-06	USA	Texas	N_America	0	4	6	11	B.1.396	2020-10
ISL_785319	2020-10-26	USA	Texas	N_America	0	1	3	5	B.1	2020-10
ISL_786479	2020-10-15	USA	Texas	N_America	0	1	3	4	B.1	2020-10
ISL_786859	2020-10-22	USA	Texas	N_America	0	1	2	4	B.1	2020-10
ISL_785856	2020-10-27	USA	Texas	N_America	0	2	6	8	B.1.2	2020-10
ISL_787468	2020-10-02	USA	Texas	N_America	0	5	7	13	B.1.234	2020-10
ISL_786501	2020-10-15	USA	Texas	N_America	0	2	7	11	B.1.361	2020-10
ISL_787800	2020-10-08	USA	Texas	N_America	0	8	9	17	B.1.2	2020-10
ISL_786825	2020-10-19	USA	Texas	N_America	0	1	11	19	B.1.2	2020-10
ISL_787094	2020-10-26	USA	Texas	N_America	0	1	2	5	B.1	2020-10
ISL_787742	2020-10-07	USA	Texas	N_America	0	2	5	13	B.1.1.29	2020-10
ISL_787982	2020-10-12	USA	Texas	N_America	0	2	5	14	B.1.280	2020-10
ISL_787033	2020-10-25	USA	Texas	N_America	0	5	6	15	B.1.396	2020-10
ISL_937115	2020-10-06	USA	Texas	N_America	0	1	5	11	B.1	2020-10
ISL_786926	2020-10-22	USA	Texas	N_America	0	3	5	18	B.1.1.177	2020-10
ISL_787779	2020-10-09	USA	Texas	N_America	0	1	4	5	B.1.2	2020-10
ISL_786907	2020-10-22	USA	Texas	N_America	0	1	2	3	B.1	2020-10
ISL_786900	2020-10-21	USA	Texas	N_America	0	2	11	16	B.1.2	2020-10
ISL_787807	2020-10-09	USA	Texas	N_America	0	1	2	3	B.1	2020-10
ISL_786274	2020-10-12	USA	Texas	N_America	0	2	13	18	B.1.2	2020-10
ISL_786590	2020-10-17	USA	Texas	N_America	0	2	4	7	B.1	2020-10
ISL_787705	2020-10-07	USA	Texas	N_America	0	2	4	15	B.1.139	2020-10
ISL_785946	2020-10-27	USA	Texas	N_America	0	2	16	19	B.1.2	2020-10
ISL_786335	2020-10-13	USA	Texas	N_America	0	3	11	16	B.1.2	2020-10
ISL_787790	2020-10-09	USA	Texas	N_America	0	4	12	17	B.1.2	2020-10
ISL_787959	2020-10-11	USA	Texas	N_America	0	1	2	3	B.1	2020-10
ISL_1202256	2020-11-05	USA	Texas	N_America	0	2	6	11	B.1.369	2020-11
ISL_785281	2020-11-26	USA	Texas	N_America	0	4	13	17	B.1.2	2020-11
ISL_783665	2020-11-23	USA	Texas	N_America	0	4	5	20	B.1.241	2020-11
ISL_1203291	2020-11-15	USA	Texas	N_America	0	2	11	15	B.1.2	2020-11
ISL_785096	2020-11-21	USA	Texas	N_America	0	2	12	17	B.1.2	2020-11
ISL_784842	2020-11-20	USA	Texas	N_America	0	1	10	20	B.1.2	2020-11
ISL_785166	2020-11-26	USA	Texas	N_America	0	2	12	17	B.1.2	2020-11
ISL_1203140	2020-11-06	USA	Texas	N_America	0	1	2	4	B.1	2020-11
ISL_1202500	2020-11-06	USA	Texas	N_America	0	1	7	10	B.1.234	2020-11
ISL_784097	2020-11-23	USA	Texas	N_America	0	4	13	17	B.1.2	2020-11
ISL_784182	2020-11-28	USA	Texas	N_America	0	3	5	12	B.1.239	2020-11
ISL_785009	2020-11-22	USA	Texas	N_America	0	2	3	5	B.1	2020-11
ISL_1203572	2020-11-12	USA	Texas	N_America	0	2	11	17	B.1.2	2020-11
ISL_784011	2020-11-29	USA	Texas	N_America	0	1	4	5	B.1	2020-11
ISL_784009	2020-11-24	USA	Texas	N_America	0	2	12	17	B.1.2	2020-11
ISL_785106	2020-11-17	USA	Texas	N_America	0	4	8	13	B.1.234	2020-11
ISL_1202328	2020-11-05	USA	Texas	N_America	0	5	7	13	B.1.234	2020-11
ISL_785178	2020-11-26	USA	Texas	N_America	0	2	5	16	B.1.1.207	2020-11
ISL_1203068	2020-11-10	USA	Texas	N_America	0	1	2	4	B.1	2020-11
ISL_784737	2020-11-18	USA	Texas	N_America	0	2	10	13	B.1.2	2020-11
ISL_1203604	2020-11-14	USA	Texas	N_America	0	1	6	10	B.1	2020-11
ISL_1202159	2020-11-03	USA	Texas	N_America	0	2	3	5	B.1.243	2020-11
ISL_784836	2020-11-18	USA	Texas	N_America	0	1	11	12	B.1.2	2020-11
ISL_783732	2020-11-27	USA	Texas	N_America	0	4	7	20	B.1.361	2020-11
ISL_1202125	2020-11-03	USA	Texas	N_America	0	1	2	4	B.1	2020-11
ISL_783725	2020-11-23	USA	Texas	N_America	0	3	7	14	B.1.182	2020-11
ISL_784866	2020-11-20	USA	Texas	N_America	0	2	12	21	B.1.2	2020-11
ISL_784960	2020-11-19	USA	Texas	N_America	0	2	11	14	B.1.2	2020-11
ISL_1202477	2020-11-06	USA	Texas	N_America	0	3	8	12	B.1.234	2020-11
ISL_785121	2020-11-24	USA	Texas	N_America	0	8	9	18	B.1.2	2020-11
ISL_784081	2020-11-19	USA	Texas	N_America	0	2	12	16	B.1.2	2020-11
ISL_1202325	2020-11-06	USA	Texas	N_America	0	1	2	3	B.1	2020-11
ISL_783984	2020-11-25	USA	Texas	N_America	0	1	3	4	B.1	2020-11
ISL_1202494	2020-11-06	USA	Texas	N_America	0	4	12	16	B.1.2	2020-11
ISL_783641	2020-11-24	USA	Texas	N_America	0	5	6	18	B.1.396	2020-11
ISL_785216	2020-11-24	USA	Texas	N_America	0	4	5	23	B.1.1	2020-11
ISL_784448	2020-11-16	USA	Texas	N_America	0	1	3	5	B.1	2020-11
ISL_784617	2020-11-15	USA	Texas	N_America	0	1	12	19	B.1.2	2020-11
ISL_1202917	2020-11-09	USA	Texas	N_America	0	1	12	17	B.1.2	2020-11
ISL_783970	2020-11-24	USA	Texas	N_America	0	4	5	19	B.1.404	2020-11
ISL_1203429	2020-11-15	USA	Texas	N_America	0	3	5	9	B.1.1.222	2020-11
ISL_1203232	2020-11-11	USA	Texas	N_America	0	4	15	20	B.1.2	2020-11
ISL_784461	2020-11-16	USA	Texas	N_America	0	5	4	14	B.1.243	2020-11
ISL_1202188	2020-11-03	USA	Texas	N_America	0	1	4	8	B.1	2020-11
ISL_783950	2020-11-18	USA	Texas	N_America	0	4	3	14	B.1.240	2020-11
ISL_786068	2020-11-01	USA	Texas	N_America	0	2	12	17	B.1.2	2020-11
ISL_1202448	2020-11-06	USA	Texas	N_America	0	5	3	14	B.1.240	2020-11
ISL_784618	2020-11-17	USA	Texas	N_America	0	1	4	10	B.1	2020-11
ISL_785232	2020-11-25	USA	Texas	N_America	0	2	12	18	B.1.2	2020-11
ISL_786051	2020-11-02	USA	Texas	N_America	0	1	4	7	B.1	2020-11
ISL_784051	2020-11-23	USA	Texas	N_America	0	4	8	14	B.1.361	2020-11
ISL_1203261	2020-11-10	USA	Texas	N_America	0	1	13	18	B.1.2	2020-11
ISL_785269	2020-11-25	USA	Texas	N_America	0	4	10	17	B.1.2	2020-11
ISL_783623	2020-11-23	USA	Texas	N_America	0	3	9	16	B.1.234	2020-11
ISL_1202266	2020-11-04	USA	Texas	N_America	0	5	6	14	B.1.396	2020-11
ISL_783979	2020-11-18	USA	Texas	N_America	0	1	2	3	B.1	2020-11
ISL_1203400	2020-11-14	USA	Texas	N_America	0	1	4	5	B.1.2	2020-11
ISL_784957	2020-11-20	USA	Texas	N_America	0	5	7	14	B.1.234	2020-11
ISL_1203328	2020-11-12	USA	Texas	N_America	0	5	6	15	B.1	2020-11
ISL_784589	2020-11-17	USA	Texas	N_America	0	1	4	8	B.1	2020-11
ISL_1203329	2020-11-11	USA	Texas	N_America	0	1	2	3	B.1	2020-11
ISL_783883	2020-11-17	USA	Texas	N_America	0	2	5	10	B.1	2020-11
ISL_1202924	2020-11-05	USA	Texas	N_America	0	2	7	17	B.1.361	2020-11
ISL_785285	2020-11-25	USA	Texas	N_America	0	3	7	16	B.1.2	2020-11
ISL_785027	2020-11-19	USA	Texas	N_America	0	3	3	13	B.1.243	2020-11
ISL_784124	2020-11-20	USA	Texas	N_America	0	1	3	4	B.1	2020-11
ISL_784912	2020-11-19	USA	Texas	N_America	0	4	5	20	B.1.241	2020-11
ISL_784886	2020-11-20	USA	Texas	N_America	0	1	12	22	B.1.2	2020-11
ISL_783782	2020-11-29	USA	Texas	N_America	0	2	4	11	B.1.139	2020-11
ISL_783777	2020-11-29	USA	Texas	N_America	0	2	4	14	B.1.139	2020-11
ISL_1202183	2020-11-03	USA	Texas	N_America	0	5	7	13	B.1.234	2020-11
ISL_783652	2020-11-24	USA	Texas	N_America	0	4	12	20	B.1.2	2020-11
ISL_784646	2020-11-17	USA	Texas	N_America	0	1	3	5	B.1	2020-11
ISL_784655	2020-11-17	USA	Texas	N_America	0	3	2	14	B.1.189	2020-11
ISL_786024	2020-11-02	USA	Texas	N_America	0	2	7	17	B.1.361	2020-11
ISL_783733	2020-11-28	USA	Texas	N_America	0	4	8	15	B.1.361	2020-11
ISL_1203287	2020-11-11	USA	Texas	N_America	0	1	2	4	B.1	2020-11
ISL_1202901	2020-11-07	USA	Texas	N_America	0	1	3	4	B.1	2020-11
ISL_1203075	2020-11-10	USA	Texas	N_America	0	1	11	15	B.1.2	2020-11
ISL_784927	2020-11-19	USA	Texas	N_America	0	1	3	6	B.1	2020-11
ISL_1202202	2020-11-02	USA	Texas	N_America	0	2	11	13	B.1.2	2020-11
ISL_784480	2020-11-12	USA	Texas	N_America	0	1	5	6	B.1.235	2020-11
ISL_1203335	2020-11-11	USA	Texas	N_America	0	4	4	11	B.1.243	2020-11
ISL_1202488	2020-11-06	USA	Texas	N_America	0	8	9	17	B.1.2	2020-11
ISL_785242	2020-11-25	USA	Texas	N_America	0	9	9	19	B.1.2	2020-11
ISL_1203390	2020-11-14	USA	Texas	N_America	0	1	2	5	B.1	2020-11
ISL_1203482	2020-11-13	USA	Texas	N_America	0	4	6	21	B.1.1.29	2020-11
ISL_785130	2020-11-24	USA	Texas	N_America	0	2	13	20	B.1.2	2020-11
ISL_783669	2020-11-24	USA	Texas	N_America	0	2	6	9	B.1.361	2020-11
ISL_1202449	2020-11-06	USA	Texas	N_America	0	5	14	19	B.1.2	2020-11
ISL_783709	2020-11-27	USA	Texas	N_America	0	5	7	14	B.1.396	2020-11
ISL_784523	2020-11-14	USA	Texas	N_America	0	5	6	15	B.1.396	2020-11
ISL_786097	2020-11-16	USA	Texas	N_America	0	3	4	13	B.1	2020-11
ISL_1202290	2020-11-03	USA	Texas	N_America	0	1	11	17	B.1.2	2020-11
ISL_784678	2020-11-18	USA	Texas	N_America	0	5	5	13	B.1.1.222	2020-11
ISL_1202997	2020-11-10	USA	Texas	N_America	0	5	6	12	B.1.396	2020-11
ISL_783946	2020-11-18	USA	Texas	N_America	0	1	2	3	B.1	2020-11
ISL_784543	2020-11-12	USA	Texas	N_America	0	1	4	5	B.1	2020-11
ISL_784878	2020-11-19	USA	Texas	N_America	0	1	12	16	B.1.2	2020-11
ISL_785134	2020-11-22	USA	Texas	N_America	0	2	14	19	B.1.2	2020-11
ISL_1077088	2020-12-30	USA	Texas	N_America	0	2	7	11	B.1.2	2020-12
ISL_1304982	2020-12-25	USA	Texas	N_America	0	4	12	19	B.1.2	2020-12
ISL_1304782	2020-12-20	USA	Texas	N_America	0	3	3	7	B.1.413	2020-12
ISL_1077461	2020-12-29	USA	Texas	N_America	0	2	6	9	B.1	2020-12
ISL_935736	2020-12-23	USA	Texas	N_America	0	1	11	16	B.1.2	2020-12
ISL_1075602	2020-12-31	USA	Texas	N_America	0	2	12	21	B.1.2	2020-12
ISL_1305018	2020-12-25	USA	Texas	N_America	0	1	5	7	B.1	2020-12
ISL_1077261	2020-12-31	USA	Texas	N_America	0	2	12	16	B.1.2	2020-12
ISL_1304722	2020-12-20	USA	Texas	N_America	0	2	7	13	B.1.2	2020-12
ISL_936184	2020-12-10	USA	Texas	N_America	0	2	11	21	B.1.2	2020-12
ISL_1305019	2020-12-20	USA	Texas	N_America	0	2	12	20	B.1.2	2020-12
ISL_1075837	2020-12-28	USA	Texas	N_America	0	3	7	14	B.1.2	2020-12
ISL_1075616	2020-12-31	USA	Texas	N_America	0	3	9	17	B.1.234	2020-12
ISL_1304742	2020-12-29	USA	Texas	N_America	0	2	11	14	B.1.2	2020-12
ISL_1305028	2020-12-25	USA	Texas	N_America	0	5	14	21	B.1.2	2020-12
ISL_940796	2020-12-23	USA	Texas	N_America	0	5	14	20	B.1.2	2020-12
ISL_1304907	2020-12-24	USA	Texas	N_America	0	4	12	17	B.1.2	2020-12
ISL_1077271	2020-12-30	USA	Texas	N_America	0	1	11	17	B.1.2	2020-12
ISL_1304764	2020-12-31	USA	Texas	N_America	0	2	6	11	B.1	2020-12
ISL_936192	2020-12-10	USA	Texas	N_America	0	1	10	15	B.1.2	2020-12
ISL_1077342	2020-12-28	USA	Texas	N_America	0	2	14	24	B.1.2	2020-12
ISL_1075568	2020-12-31	USA	Texas	N_America	0	2	5	19	B.1.311	2020-12
ISL_911486	2020-12-12	USA	Texas	N_America	0	2	5	20	B.1.1.1	2020-12
ISL_1077326	2020-12-29	USA	Texas	N_America	0	4	12	18	B.1.2	2020-12
ISL_1305003	2020-12-20	USA	Texas	N_America	0	4	15	19	B.1.2	2020-12
ISL_1304875	2020-12-29	USA	Texas	N_America	0	3	11	18	B.1.2	2020-12
ISL_1304939	2020-12-21	USA	Texas	N_America	0	1	5	11	B.1	2020-12
ISL_1304825	2020-12-30	USA	Texas	N_America	0	1	13	17	B.1.2	2020-12
ISL_1304916	2020-12-21	USA	Texas	N_America	2	8	11	24	B.1.429	2020-12
ISL_1077393	2020-12-29	USA	Texas	N_America	0	1	4	6	B.1	2020-12
ISL_1261627	2020-12-28	USA	Texas	N_America	0	7	8	18	B.1.234	2020-12
ISL_1077129	2020-12-31	USA	Texas	N_America	0	1	11	21	B.1.2	2020-12
ISL_1304702	2020-12-30	USA	Texas	N_America	0	2	12	19	B.1	2020-12
ISL_1077412	2020-12-30	USA	Texas	N_America	0	2	7	10	B.1.2	2020-12
ISL_1077219	2020-12-31	USA	Texas	N_America	0	2	5	9	B.1.1.29	2020-12
ISL_1220019	2020-12-31	USA	Texas	N_America	0	8	9	18	B.1.2	2020-12
ISL_888033	2020-12-31	USA	Texas	N_America	0	1	11	13	B.1.2	2020-12
ISL_1305068	2020-12-20	USA	Texas	N_America	0	1	13	22	B.1.2	2020-12
ISL_1304842	2020-12-29	USA	Texas	N_America	0	2	12	21	B.1.2	2020-12
ISL_1304934	2020-12-26	USA	Texas	N_America	0	2	13	20	B.1.2	2020-12
ISL_1075744	2020-12-29	USA	Texas	N_America	0	1	4	8	B.1.2	2020-12
ISL_936196	2020-12-10	USA	Texas	N_America	0	3	3	9	B.1	2020-12
ISL_1077255	2020-12-31	USA	Texas	N_America	0	2	12	15	B.1.2	2020-12
ISL_911488	2020-12-12	USA	Texas	N_America	0	2	16	23	B.1.2	2020-12
ISL_1077452	2020-12-26	USA	Texas	N_America	0	2	8	11	B.1.2	2020-12
ISL_1304951	2020-12-21	USA	Texas	N_America	0	3	4	24	B.1.1.244	2020-12
ISL_1077083	2020-12-30	USA	Texas	N_America	0	2	9	19	B.1.2	2020-12
ISL_1075506	2020-12-31	USA	Texas	N_America	0	2	12	24	B.1.2	2020-12
ISL_1077112	2020-12-30	USA	Texas	N_America	0	1	9	12	B.1.2	2020-12
ISL_1075495	2020-12-31	USA	Texas	N_America	0	1	9	14	B.1.2	2020-12
ISL_1077256	2020-12-31	USA	Texas	N_America	0	2	11	21	B.1.2	2020-12
ISL_1077197	2020-12-31	USA	Texas	N_America	0	2	7	12	B.1.196	2020-12
ISL_1077096	2020-12-30	USA	Texas	N_America	0	1	10	13	B.1.2	2020-12
ISL_1075751	2020-12-29	USA	Texas	N_America	0	2	7	17	B.1.2	2020-12
ISL_1304857	2020-12-29	USA	Texas	N_America	0	1	6	13	B.1	2020-12
ISL_935729	2020-12-23	USA	Texas	N_America	0	1	12	15	B.1.2	2020-12
ISL_1304797	2020-12-30	USA	Texas	N_America	0	2	15	20	B.1.2	2020-12
ISL_1304716	2020-12-29	USA	Texas	N_America	0	2	12	21	B.1.2	2020-12
ISL_1075826	2020-12-29	USA	Texas	N_America	0	3	5	13	B.1.239	2020-12
ISL_1304902	2020-12-25	USA	Texas	N_America	0	6	4	16	B.1.243	2020-12
ISL_940807	2020-12-23	USA	Texas	N_America	0	3	15	20	B.1.2	2020-12
ISL_1077183	2020-12-31	USA	Texas	N_America	0	4	14	21	B.1.2	2020-12
ISL_1075720	2020-12-29	USA	Texas	N_America	0	2	8	11	B.1.2	2020-12
ISL_1077175	2020-12-30	USA	Texas	N_America	0	4	8	15	B.1.361	2020-12
ISL_1077394	2020-12-29	USA	Texas	N_America	0	2	5	13	B.1.1.29	2020-12
ISL_1075598	2020-12-31	USA	Texas	N_America	0	3	8	15	B.1.361	2020-12
ISL_911472	2020-12-11	USA	Texas	N_America	0	3	7	10	B.1.234	2020-12
ISL_1077118	2020-12-30	USA	Texas	N_America	0	8	9	19	B.1.2	2020-12
ISL_1304794	2020-12-29	USA	Texas	N_America	0	3	4	15	B.1	2020-12
ISL_1077324	2020-12-28	USA	Texas	N_America	0	2	5	17	B.1.509	2020-12
ISL_1304918	2020-12-20	USA	Texas	N_America	0	5	15	20	B.1.2	2020-12
ISL_1304740	2020-12-29	USA	Texas	N_America	0	2	11	16	B.1.2	2020-12
ISL_1304923	2020-12-25	USA	Texas	N_America	1	3	9	20	B.1.427	2020-12
ISL_935731	2020-12-23	USA	Texas	N_America	0	6	14	22	B.1.2	2020-12
ISL_1304906	2020-12-19	USA	Texas	N_America	0	6	6	18	B.1.396	2020-12
ISL_1304940	2020-12-24	USA	Texas	N_America	0	3	4	15	B.1	2020-12
ISL_1304986	2020-12-20	USA	Texas	N_America	0	4	13	17	B.1.2	2020-12
ISL_1077358	2020-12-31	USA	Texas	N_America	0	1	5	14	B.1.453	2020-12
ISL_1075601	2020-12-30	USA	Texas	N_America	0	1	7	8	B.1.2	2020-12
ISL_1077283	2020-12-31	USA	Texas	N_America	0	2	8	13	B.1.2	2020-12
ISL_1077260	2020-12-31	USA	Texas	N_America	0	1	12	16	B.1.2	2020-12
ISL_1304705	2020-12-31	USA	Texas	N_America	0	3	3	7	B.1.413	2020-12
ISL_1304811	2020-12-28	USA	Texas	N_America	0	2	11	13	B.1.2	2020-12
ISL_1077248	2020-12-30	USA	Texas	N_America	0	1	11	13	B.1.2	2020-12
ISL_1304802	2020-12-28	USA	Texas	N_America	0	5	14	22	B.1.2	2020-12
ISL_1304763	2020-12-30	USA	Texas	N_America	0	1	10	17	B.1.2	2020-12
ISL_888081	2020-12-24	USA	Texas	N_America	0	2	12	18	B.1.2	2020-12
ISL_1075667	2020-12-29	USA	Texas	N_America	0	8	9	19	B.1.2	2020-12
ISL_1077426	2020-12-26	USA	Texas	N_America	0	1	9	14	B.1.2	2020-12
ISL_935696	2020-12-23	USA	Texas	N_America	0	3	5	17	B.1	2020-12
ISL_766751	2020-12-01	USA	Texas	N_America	0	1	12	18	B.1.2	2020-12
ISL_1075522	2020-12-31	USA	Texas	N_America	0	3	7	17	B.1.361	2020-12
ISL_1077126	2020-12-30	USA	Texas	N_America	0	1	8	11	B.1.2	2020-12
ISL_1077334	2020-12-29	USA	Texas	N_America	1	7	10	19	B.1.2	2020-12
ISL_1077343	2020-12-30	USA	Texas	N_America	0	2	18	22	B.1.2	2020-12
ISL_936209	2020-12-11	USA	Texas	N_America	0	1	10	14	B.1.2	2020-12
ISL_1077090	2020-12-31	USA	Texas	N_America	0	1	7	9	B.1.2	2020-12
ISL_1077298	2020-12-28	USA	Texas	N_America	0	1	7	13	B.1.2	2020-12
ISL_1304997	2020-12-20	USA	Texas	N_America	0	2	9	19	B.1.2	2020-12
ISL_1077101	2020-12-30	USA	Texas	N_America	0	6	7	18	B.1	2020-12
ISL_1080921	2021-01-22	USA	Texas	N_America	0	2	11	15	B.1.2	2021-01
ISL_1075044	2021-01-05	USA	Texas	N_America	0	1	11	12	B.1.2	2021-01
ISL_1304658	2021-01-16	USA	Texas	N_America	0	4	3	14	B.1.243	2021-01
ISL_1038292	2021-01-29	USA	Texas	N_America	0	4	9	14	B.1.234	2021-01
ISL_1077970	2021-01-14	USA	Texas	N_America	0	2	11	18	B.1.2	2021-01
ISL_1076724	2021-01-08	USA	Texas	N_America	0	2	12	19	B.1.2	2021-01
ISL_1087039	2021-01-23	USA	Texas	N_America	0	2	17	23	B.1.2	2021-01
ISL_1079137	2021-01-17	USA	Texas	N_America	0	5	8	21	B.1.369	2021-01
ISL_1075930	2021-01-05	USA	Texas	N_America	0	4	5	12	B.1.240	2021-01
ISL_1074847	2021-01-04	USA	Texas	N_America	0	4	15	21	B.1.2	2021-01
ISL_915350	2021-01-14	USA	Texas	N_America	0	2	19	22	B.1.2	2021-01
ISL_1163732	2021-01-30	USA	Texas	N_America	0	8	23	36	B.1.1.7	2021-01
ISL_979397	2021-01-08	USA	Texas	N_America	0	9	9	19	B.1.2	2021-01
ISL_1076967	2021-01-12	USA	Texas	N_America	0	1	5	6	B.1	2021-01
ISL_1079051	2021-01-18	USA	Texas	N_America	0	7	12	22	B.1.1.222	2021-01
ISL_1076601	2021-01-07	USA	Texas	N_America	0	3	8	15	B.1.234	2021-01
ISL_1075157	2021-01-05	USA	Texas	N_America	0	2	13	16	B.1.2	2021-01
ISL_1074894	2021-01-04	USA	Texas	N_America	0	2	9	12	B.1.2	2021-01
ISL_911668	2021-01-04	USA	Texas	N_America	0	3	15	19	B.1.2	2021-01
ISL_1304053	2021-01-25	USA	Texas	N_America	0	9	21	34	B.1.1.7	2021-01
ISL_1074965	2021-01-04	USA	Texas	N_America	0	1	8	10	B.1.2	2021-01
ISL_1304159	2021-01-25	USA	Texas	N_America	0	1	10	15	B.1	2021-01
ISL_1078141	2021-01-13	USA	Texas	N_America	0	2	12	20	B.1.2	2021-01
ISL_1079588	2021-01-20	USA	Texas	N_America	0	3	9	18	B.1.234	2021-01
ISL_911635	2021-01-07	USA	Texas	N_America	2	7	10	21	B.1.429	2021-01
ISL_1074553	2021-01-02	USA	Texas	N_America	0	1	10	13	B.1.2	2021-01
ISL_1079077	2021-01-18	USA	Texas	N_America	0	2	12	15	B.1.2	2021-01
ISL_1076612	2021-01-08	USA	Texas	N_America	0	1	11	21	B.1.2	2021-01
ISL_1077906	2021-01-13	USA	Texas	N_America	0	2	11	16	B.1.2	2021-01
ISL_1074328	2021-01-02	USA	Texas	N_America	0	1	7	8	B.1.2	2021-01
ISL_1078106	2021-01-14	USA	Texas	N_America	0	1	7	12	B.1.2	2021-01
ISL_1076574	2021-01-05	USA	Texas	N_America	0	1	11	21	B.1.2	2021-01
ISL_1304300	2021-01-24	USA	Texas	N_America	0	2	7	18	P.2	2021-01
ISL_1304564	2021-01-25	USA	Texas	N_America	0	6	6	21	B.1.243	2021-01
ISL_1076677	2021-01-08	USA	Texas	N_America	0	3	13	16	B.1.2	2021-01
ISL_1074893	2021-01-04	USA	Texas	N_America	0	1	10	12	B.1.2	2021-01
ISL_1076984	2021-01-12	USA	Texas	N_America	0	8	9	21	B.1.2	2021-01
ISL_1074964	2021-01-04	USA	Texas	N_America	0	1	13	18	B.1.2	2021-01
ISL_1077734	2021-01-13	USA	Texas	N_America	0	1	6	11	B.1.521	2021-01
ISL_1076771	2021-01-09	USA	Texas	N_America	0	2	12	19	B.1.2	2021-01
ISL_1076603	2021-01-07	USA	Texas	N_America	0	1	12	13	B.1.2	2021-01
ISL_1079216	2021-01-17	USA	Texas	N_America	0	6	11	19	B.1.1.222	2021-01
ISL_1078065	2021-01-14	USA	Texas	N_America	0	1	10	11	B.1.2	2021-01
ISL_1076618	2021-01-07	USA	Texas	N_America	0	4	6	17	B.1.243	2021-01
ISL_1079738	2021-01-19	USA	Texas	N_America	0	3	13	18	B.1.2	2021-01
ISL_1074760	2021-01-05	USA	Texas	N_America	0	3	3	22	B.1.400	2021-01
ISL_1079525	2021-01-20	USA	Texas	N_America	0	1	10	15	B.1.2	2021-01
ISL_1078547	2021-01-16	USA	Texas	N_America	0	2	13	15	B.1.2	2021-01
ISL_967163	2021-01-21	USA	Texas	N_America	0	4	15	20	B.1.2	2021-01
ISL_1032544	2021-01-19	USA	Texas	N_America	0	4	13	19	B.1.2	2021-01
ISL_1304503	2021-01-25	USA	Texas	N_America	0	6	13	22	B.1.1.222	2021-01
ISL_1074614	2021-01-03	USA	Texas	N_America	0	5	14	20	B.1.2	2021-01
ISL_1074651	2021-01-01	USA	Texas	N_America	0	3	5	21	B.1.404	2021-01
ISL_1076917	2021-01-11	USA	Texas	N_America	0	1	12	20	B.1.2	2021-01
ISL_1074653	2021-01-03	USA	Texas	N_America	0	2	8	12	B.1.234	2021-01
ISL_1078377	2021-01-15	USA	Texas	N_America	0	5	6	16	B.1.396	2021-01
ISL_1074558	2021-01-02	USA	Texas	N_America	0	3	5	16	B.1.1.158	2021-01
ISL_1076633	2021-01-07	USA	Texas	N_America	0	4	8	13	B.1.234	2021-01
ISL_1079303	2021-01-18	USA	Texas	N_America	0	1	8	10	B.1.2	2021-01
ISL_1080029	2021-01-21	USA	Texas	N_America	0	1	4	6	B.1.235	2021-01
ISL_1079579	2021-01-20	USA	Texas	N_America	0	2	12	17	B.1.2	2021-01
ISL_1074439	2021-01-02	USA	Texas	N_America	0	3	7	12	B.1.234	2021-01
ISL_1078774	2021-01-16	USA	Texas	N_America	0	1	12	17	B.1.2	2021-01
ISL_1077568	2021-01-11	USA	Texas	N_America	0	2	13	19	B.1.2	2021-01
ISL_1304212	2021-01-24	USA	Texas	N_America	0	2	14	21	B.1.2	2021-01
ISL_1079314	2021-01-18	USA	Texas	N_America	0	2	13	22	B.1.2	2021-01
ISL_1075961	2021-01-07	USA	Texas	N_America	0	3	11	17	B.1.2	2021-01
ISL_1077014	2021-01-12	USA	Texas	N_America	0	2	18	24	B.1.2	2021-01
ISL_1076644	2021-01-07	USA	Texas	N_America	0	3	12	19	B.1.2	2021-01
ISL_1081031	2021-01-21	USA	Texas	N_America	0	0	11	11	B.1.2	2021-01
ISL_1078195	2021-01-13	USA	Texas	N_America	0	1	12	20	B.1.2	2021-01
ISL_1076977	2021-01-12	USA	Texas	N_America	0	2	12	17	B.1.2	2021-01
ISL_1078253	2021-01-14	USA	Texas	N_America	0	2	13	22	B.1.2	2021-01
ISL_1079448	2021-01-20	USA	Texas	N_America	0	2	14	20	B.1.2	2021-01
ISL_1079286	2021-01-19	USA	Texas	N_America	0	4	15	23	B.1.2	2021-01
ISL_1076502	2021-01-05	USA	Texas	N_America	0	2	11	14	B.1.2	2021-01
ISL_1303883	2021-01-26	USA	Texas	N_America	0	3	4	24	B.1.1.15	2021-01
ISL_1059262	2021-01-21	USA	Texas	N_America	0	4	12	19	B.1.2	2021-01
ISL_1076175	2021-01-05	USA	Texas	N_America	0	5	6	13	B.1.396	2021-01
ISL_1074668	2021-01-01	USA	Texas	N_America	0	3	2	7	B.1	2021-01
ISL_925054	2021-01-11	USA	Texas	N_America	0	3	6	13	B.1.361	2021-01
ISL_1074832	2021-01-05	USA	Texas	N_America	0	3	6	13	B.1	2021-01
ISL_1075935	2021-01-06	USA	Texas	N_America	1	6	8	16	B.1	2021-01
ISL_1076697	2021-01-08	USA	Texas	N_America	0	8	9	19	B.1.2	2021-01
ISL_1074866	2021-01-04	USA	Texas	N_America	0	1	12	14	B.1.2	2021-01
ISL_1304195	2021-01-25	USA	Texas	N_America	0	3	9	17	B.1.234	2021-01
ISL_1366104	2021-01-25	USA	Texas	N_America	0	3	11	17	B.1.2	2021-01
ISL_886948	2021-01-09	USA	Texas	N_America	0	3	8	14	B.1.234	2021-01
ISL_1074985	2021-01-05	USA	Texas	N_America	0	1	13	17	B.1.2	2021-01
ISL_1078533	2021-01-15	USA	Texas	N_America	0	1	10	13	B.1.2	2021-01
ISL_1074806	2021-01-05	USA	Texas	N_America	0	3	12	18	B.1.2	2021-01
ISL_1078948	2021-01-17	USA	Texas	N_America	0	3	5	14	B.1.189	2021-01
ISL_1076285	2021-01-09	USA	Texas	N_America	0	3	14	18	B.1.2	2021-01
ISL_1080117	2021-01-22	USA	Texas	N_America	0	2	12	18	B.1.2	2021-01
ISL_1074960	2021-01-04	USA	Texas	N_America	0	1	12	13	B.1.2	2021-01
ISL_1076158	2021-01-10	USA	Texas	N_America	0	1	8	9	B.1.2	2021-01
ISL_1079975	2021-01-21	USA	Texas	N_America	0	2	7	12	B.1.234	2021-01
ISL_1303989	2021-01-26	USA	Texas	N_America	0	5	8	15	B.1.234	2021-01
ISL_1304285	2021-01-24	USA	Texas	N_America	0	5	4	14	B.1.243	2021-01
ISL_1079285	2021-01-18	USA	Texas	N_America	0	1	13	16	B.1.2	2021-01
ISL_1237607	2021-02-12	USA	Texas	N_America	0	1	6	8	B.1.2	2021-02
ISL_1305173	2021-02-28	USA	Texas	N_America	0	2	17	21	B.1.2	2021-02
ISL_1113976	2021-02-09	USA	Texas	N_America	0	5	13	23	B.1.2	2021-02
ISL_1270053	2021-02-22	USA	Texas	N_America	0	5	4	13	B.1.243	2021-02
ISL_1422371	2021-02-25	USA	Texas	N_America	0	9	24	37	B.1.1.7	2021-02
ISL_1272779	2021-02-05	USA	Texas	N_America	0	1	13	21	B.1.2	2021-02
ISL_1237796	2021-02-10	USA	Texas	N_America	0	4	15	21	B.1.2	2021-02
ISL_1236794	2021-02-23	USA	Texas	N_America	0	3	9	14	B.1.2	2021-02
ISL_1266562	2021-02-26	USA	Texas	N_America	0	4	13	22	B.1.2	2021-02
ISL_1080345	2021-02-02	USA	Texas	N_America	0	1	12	18	B.1.2	2021-02
ISL_1237043	2021-02-20	USA	Texas	N_America	0	1	12	21	B.1.2	2021-02
ISL_1253069	2021-02-20	USA	Texas	N_America	0	2	17	19	B.1.2	2021-02
ISL_1303727	2021-02-24	USA	Texas	N_America	0	7	11	26	B.1.1.171	2021-02
ISL_1236683	2021-02-24	USA	Texas	N_America	0	4	15	24	B.1.2	2021-02
ISL_1273278	2021-02-26	USA	Texas	N_America	0	9	24	39	B.1.1.7	2021-02
ISL_1253089	2021-02-21	USA	Texas	N_America	0	2	13	27	B.1.2	2021-02
ISL_1337411	2021-02-23	USA	Texas	N_America	0	9	24	37	B.1.1.7	2021-02
ISL_1238629	2021-02-03	USA	Texas	N_America	0	1	10	11	B.1.2	2021-02
ISL_1314665	2021-02-27	USA	Texas	N_America	0	4	15	20	B.1.2	2021-02
ISL_1237002	2021-02-20	USA	Texas	N_America	0	9	23	38	B.1.1.7	2021-02
ISL_1133989	2021-02-10	USA	Texas	N_America	0	5	14	22	B.1.2	2021-02
ISL_1237821	2021-02-10	USA	Texas	N_America	0	6	12	22	B.1	2021-02
ISL_1220449	2021-02-14	USA	Texas	N_America	0	3	17	21	B.1.2	2021-02
ISL_1080268	2021-02-02	USA	Texas	N_America	0	4	14	19	B.1.2	2021-02
ISL_1303676	2021-02-24	USA	Texas	N_America	0	4	13	20	B.1.2	2021-02
ISL_1237890	2021-02-09	USA	Texas	N_America	0	2	11	17	B.1	2021-02
ISL_1220394	2021-02-21	USA	Texas	N_America	0	1	12	18	B.1.2	2021-02
ISL_1236607	2021-02-25	USA	Texas	N_America	0	2	14	16	B.1.2	2021-02
ISL_1261597	2021-02-11	USA	Texas	N_America	1	3	7	25	B.1.111	2021-02
ISL_1237823	2021-02-10	USA	Texas	N_America	0	3	5	9	B.1	2021-02
ISL_1422894	2021-02-27	USA	Texas	N_America	0	9	23	40	B.1.1.7	2021-02
ISL_1224927	2021-02-04	USA	Texas	N_America	0	4	9	17	B.1.234	2021-02
ISL_1253169	2021-02-22	USA	Texas	N_America	0	3	3	16	B.1	2021-02
ISL_1134142	2021-02-09	USA	Texas	N_America	0	2	13	20	B.1.2	2021-02
ISL_1088675	2021-02-07	USA	Texas	N_America	0	2	14	19	B.1.2	2021-02
ISL_1254509	2021-02-24	USA	Texas	N_America	0	3	12	22	B.1.2	2021-02
ISL_1273263	2021-02-25	USA	Texas	N_America	0	2	13	19	B.1.2	2021-02
ISL_1080363	2021-02-02	USA	Texas	N_America	0	2	12	21	B.1.2	2021-02
ISL_1133993	2021-02-11	USA	Texas	N_America	0	5	12	22	B.1.2	2021-02
ISL_1088367	2021-02-01	USA	Texas	N_America	2	8	10	23	B.1.429	2021-02
ISL_1269599	2021-02-18	USA	Texas	N_America	0	2	12	19	B.1.2	2021-02
ISL_1303686	2021-02-23	USA	Texas	N_America	0	9	24	39	B.1.1.7	2021-02
ISL_1254061	2021-02-25	USA	Texas	N_America	0	2	13	22	B.1.2	2021-02
ISL_1267142	2021-02-28	USA	Texas	N_America	0	5	4	16	B.1.243	2021-02
ISL_1305105	2021-02-23	USA	Texas	N_America	0	9	25	40	B.1.1.7	2021-02
ISL_1237031	2021-02-20	USA	Texas	N_America	0	2	12	24	B.1.2	2021-02
ISL_1236580	2021-02-25	USA	Texas	N_America	0	1	11	15	B.1.2	2021-02
ISL_1305080	2021-02-24	USA	Texas	N_America	0	3	8	14	B.1.2	2021-02
ISL_1139620	2021-02-15	USA	Texas	N_America	0	5	4	11	B.1.243	2021-02
ISL_1235857	2021-02-02	USA	Texas	N_America	0	1	14	19	B.1.2	2021-02
ISL_1220535	2021-02-22	USA	Texas	N_America	0	2	13	18	B.1.2	2021-02
ISL_1237328	2021-02-18	USA	Texas	N_America	0	1	15	20	B.1.2	2021-02
ISL_1236639	2021-02-24	USA	Texas	N_America	0	1	7	11	B.1.2	2021-02
ISL_1139605	2021-02-15	USA	Texas	N_America	0	3	13	20	B.1.2	2021-02
ISL_1420956	2021-02-28	USA	Texas	N_America	0	10	23	38	B.1.1.7	2021-02
ISL_1305197	2021-02-28	USA	Texas	N_America	0	9	24	39	B.1.1.7	2021-02
ISL_1273261	2021-02-25	USA	Texas	N_America	0	9	21	37	B.1.1.7	2021-02
ISL_1253348	2021-02-22	USA	Texas	N_America	0	3	14	21	B.1.2	2021-02
ISL_1303609	2021-02-23	USA	Texas	N_America	0	9	23	36	B.1.1.7	2021-02
ISL_1260656	2021-02-23	USA	Texas	N_America	0	1	2	13	B.1.177	2021-02
ISL_1305619	2021-02-27	USA	Texas	N_America	0	5	5	15	B.1.243	2021-02
ISL_1220849	2021-02-22	USA	Texas	N_America	2	8	11	24	B.1.429	2021-02
ISL_1303602	2021-02-23	USA	Texas	N_America	0	1	3	7	B.1	2021-02
ISL_1235820	2021-02-03	USA	Texas	N_America	0	1	8	9	B.1.2	2021-02
ISL_1238240	2021-02-07	USA	Texas	N_America	0	8	23	36	B.1.1.7	2021-02
ISL_1236944	2021-02-21	USA	Texas	N_America	0	1	12	19	B.1.2	2021-02
ISL_1236492	2021-02-26	USA	Texas	N_America	0	6	14	22	B.1.2	2021-02
ISL_1269970	2021-02-20	USA	Texas	N_America	0	6	14	24	B.1.2	2021-02
ISL_1235852	2021-02-01	USA	Texas	N_America	0	4	13	18	B.1.2	2021-02
ISL_1237567	2021-02-13	USA	Texas	N_America	0	1	13	18	B.1.2	2021-02
ISL_1080395	2021-02-03	USA	Texas	N_America	0	2	14	21	B.1.2	2021-02
ISL_1220354	2021-02-16	USA	Texas	N_America	0	5	6	17	B.1.396	2021-02
ISL_1238468	2021-02-05	USA	Texas	N_America	0	1	12	14	B.1.2	2021-02
ISL_1236811	2021-02-23	USA	Texas	N_America	0	9	23	37	B.1.1.7	2021-02
ISL_1273280	2021-02-24	USA	Texas	N_America	0	10	23	37	B.1.1.7	2021-02
ISL_1237964	2021-02-09	USA	Texas	N_America	0	1	13	17	B.1.2	2021-02
ISL_1134055	2021-02-10	USA	Texas	N_America	0	2	9	17	B.1.2	2021-02
ISL_1237870	2021-02-09	USA	Texas	N_America	0	2	3	9	B.1	2021-02
ISL_1237515	2021-02-14	USA	Texas	N_America	2	8	10	24	B.1.429	2021-02
ISL_1237569	2021-02-13	USA	Texas	N_America	0	2	16	23	B.1.2	2021-02
ISL_1237390	2021-02-17	USA	Texas	N_America	0	2	15	23	B.1.2	2021-02
ISL_1236895	2021-02-22	USA	Texas	N_America	0	8	24	38	B.1.1.7	2021-02
ISL_1336023	2021-02-22	USA	Texas	N_America	0	9	25	40	B.1.1.7	2021-02
ISL_1321827	2021-02-04	USA	Texas	N_America	0	10	23	37	B.1.1.7	2021-02
ISL_1422495	2021-02-28	USA	Texas	N_America	0	10	23	39	B.1.1.7	2021-02
ISL_1300362	2021-02-06	USA	Texas	N_America	0	10	23	37	B.1.1.7	2021-02
ISL_1080148	2021-02-02	USA	Texas	N_America	0	1	10	11	B.1.2	2021-02
ISL_1080272	2021-02-02	USA	Texas	N_America	0	1	9	12	B.1.2	2021-02
ISL_1237288	2021-02-18	USA	Texas	N_America	0	2	14	24	B.1.2	2021-02
ISL_1305770	2021-02-25	USA	Texas	N_America	0	7	21	35	B.1.1.7	2021-02
ISL_1305673	2021-02-26	USA	Texas	N_America	2	8	11	26	B.1.429	2021-02
ISL_1260613	2021-02-24	USA	Texas	N_America	0	4	13	21	B.1.2	2021-02
ISL_1237232	2021-02-18	USA	Texas	N_America	0	1	5	6	B.1.2	2021-02
ISL_1336165	2021-02-24	USA	Texas	N_America	0	8	23	38	B.1.1.7	2021-02
ISL_1267353	2021-02-26	USA	Texas	N_America	0	4	6	17	B.1.1.222	2021-02
ISL_1139774	2021-02-13	USA	Texas	N_America	0	4	7	19	B.1.361	2021-02
ISL_1269175	2021-02-20	USA	Texas	N_America	0	7	12	20	B.1.1.222	2021-02
ISL_1220780	2021-02-22	USA	Texas	N_America	0	1	11	20	B.1.2	2021-02
ISL_1238526	2021-02-05	USA	Texas	N_America	0	2	4	11	I.1	2021-02
ISL_1266111	2021-02-27	USA	Texas	N_America	0	8	12	22	B.1.1.222	2021-02
ISL_1235883	2021-03-07	USA	Texas	N_America	0	5	14	21	B.1.2	2021-03
ISL_1267182	2021-03-02	USA	Texas	N_America	2	8	12	25	B.1.429	2021-03
ISL_1236241	2021-03-01	USA	Texas	N_America	0	1	13	15	B.1.2	2021-03
ISL_1235954	2021-03-05	USA	Texas	N_America	0	2	12	24	B.1.2	2021-03
ISL_1236026	2021-03-04	USA	Texas	N_America	0	3	16	26	B.1.2	2021-03
ISL_1236258	2021-03-01	USA	Texas	N_America	2	8	9	24	B.1.429	2021-03
ISL_1236275	2021-03-01	USA	Texas	N_America	0	4	5	23	R.1	2021-03
ISL_1267495	2021-03-03	USA	Texas	N_America	0	2	15	27	B.1.2	2021-03
ISL_1297824	2021-03-05	USA	Texas	N_America	0	2	15	20	B.1.2	2021-03
ISL_1422825	2021-03-05	USA	Texas	N_America	0	9	24	39	B.1.1.7	2021-03
ISL_1305428	2021-03-04	USA	Texas	N_America	0	7	12	25	B.1.1.222	2021-03
ISL_1318426	2021-03-01	USA	Texas	N_America	0	4	16	23	B.1.2	2021-03
ISL_1267081	2021-03-02	USA	Texas	N_America	0	1	14	20	B.1.2	2021-03
ISL_1422494	2021-03-02	USA	Texas	N_America	0	8	19	37	B.1.1.7	2021-03
ISL_1391506	2021-03-14	USA	Texas	N_America	2	8	10	23	B.1.429	2021-03
ISL_1340685	2021-03-09	USA	Texas	N_America	0	3	13	21	B.1.2	2021-03
ISL_1422957	2021-03-07	USA	Texas	N_America	0	8	21	39	B.1.1.7	2021-03
ISL_1340033	2021-03-10	USA	Texas	N_America	0	4	5	23	R.1	2021-03
ISL_1305246	2021-03-01	USA	Texas	N_America	0	4	16	24	B.1.2	2021-03
ISL_1236205	2021-03-02	USA	Texas	N_America	0	4	9	16	B.1.234	2021-03
ISL_1314889	2021-03-09	USA	Texas	N_America	0	3	7	23	P.2	2021-03
ISL_1391605	2021-03-15	USA	Texas	N_America	0	4	13	21	B.1.2	2021-03
ISL_1267406	2021-03-02	USA	Texas	N_America	0	3	16	28	B.1.2	2021-03
ISL_1340460	2021-03-09	USA	Texas	N_America	0	1	14	20	B.1.2	2021-03
ISL_1235881	2021-03-07	USA	Texas	N_America	0	1	12	16	B.1.2	2021-03
ISL_1314965	2021-03-08	USA	Texas	N_America	0	5	5	16	B.1.1.222	2021-03
ISL_1305359	2021-03-05	USA	Texas	N_America	0	7	11	23	B.1.1.222	2021-03
ISL_1421700	2021-03-01	USA	Texas	N_America	0	10	23	38	B.1.1.7	2021-03
ISL_1305353	2021-03-05	USA	Texas	N_America	0	1	12	22	B.1.2	2021-03
ISL_1304314	2021-03-01	USA	Texas	N_America	0	4	13	20	B.1.2	2021-03
ISL_1304377	2021-03-01	USA	Texas	N_America	0	8	21	38	B.1.1.7	2021-03
ISL_1305278	2021-03-01	USA	Texas	N_America	0	8	21	38	B.1.1.7	2021-03
ISL_1266087	2021-03-01	USA	Texas	N_America	0	4	13	20	B.1.2	2021-03
ISL_1304348	2021-03-01	USA	Texas	N_America	0	4	14	21	B.1.2	2021-03
ISL_1305594	2021-03-07	USA	Texas	N_America	0	9	24	38	B.1.1.7	2021-03
ISL_1266842	2021-03-01	USA	Texas	N_America	0	7	11	23	B.1.1.222	2021-03
ISL_1305529	2021-03-02	USA	Texas	N_America	0	2	5	10	B.1	2021-03
ISL_1291081	2021-03-03	USA	Texas	N_America	0	3	8	15	B.1.234	2021-03
ISL_1366154	2021-03-04	USA	Texas	N_America	0	4	13	21	B.1.2	2021-03
ISL_1266909	2021-03-01	USA	Texas	N_America	0	4	13	17	B.1.2	2021-03
ISL_1321886	2021-03-06	USA	Texas	N_America	0	7	21	36	B.1.1.7	2021-03
ISL_1340543	2021-03-08	USA	Texas	N_America	1	4	9	26	B.1.360	2021-03
ISL_1340687	2021-03-08	USA	Texas	N_America	0	2	15	19	B.1.2	2021-03
ISL_1267058	2021-03-02	USA	Texas	N_America	0	8	10	24	B.1.2	2021-03
ISL_1267333	2021-03-02	USA	Texas	N_America	2	8	11	25	B.1.429	2021-03
ISL_1391647	2021-03-16	USA	Texas	N_America	0	2	17	19	B.1.2	2021-03
ISL_1236083	2021-03-03	USA	Texas	N_America	0	1	3	4	B.1.2	2021-03
ISL_1236237	2021-03-02	USA	Texas	N_America	0	2	11	13	B.1.2	2021-03
ISL_1265948	2021-03-02	USA	Texas	N_America	0	2	4	15	B.1	2021-03
ISL_1304362	2021-03-02	USA	Texas	N_America	0	3	9	23	B.1.234	2021-03
ISL_1314815	2021-03-06	USA	Texas	N_America	0	1	12	18	B.1.2	2021-03
ISL_1291113	2021-03-04	USA	Texas	N_America	0	7	12	25	B.1.1.222	2021-03
ISL_1235914	2021-03-06	USA	Texas	N_America	0	5	14	23	B.1.2	2021-03
ISL_1235980	2021-03-05	USA	Texas	N_America	0	4	6	17	B.1.396	2021-03
ISL_1305368	2021-03-05	USA	Texas	N_America	0	3	11	17	B.1.2	2021-03
ISL_1314838	2021-03-06	USA	Texas	N_America	0	9	11	21	B.1.1.222	2021-03
ISL_1314954	2021-03-06	USA	Texas	N_America	0	5	13	21	B.1.2	2021-03
ISL_1236256	2021-03-01	USA	Texas	N_America	0	4	11	18	B.1.361	2021-03
ISL_1236105	2021-03-03	USA	Texas	N_America	0	1	6	13	B.1.2	2021-03
ISL_1236038	2021-03-04	USA	Texas	N_America	0	1	10	11	B.1.2	2021-03
ISL_1291056	2021-03-02	USA	Texas	N_America	0	8	10	26	B.1.2	2021-03
ISL_1235882	2021-03-07	USA	Texas	N_America	0	4	15	22	B.1.2	2021-03
ISL_1236257	2021-03-01	USA	Texas	N_America	0	2	14	21	B.1.2	2021-03
ISL_1266207	2021-03-02	USA	Texas	N_America	0	2	17	20	B.1.2	2021-03
ISL_1305444	2021-03-03	USA	Texas	N_America	0	9	23	37	B.1.1.7	2021-03
ISL_1340252	2021-03-04	USA	Texas	N_America	0	5	12	22	B.1.2	2021-03
ISL_1235995	2021-03-04	USA	Texas	N_America	0	1	4	5	B.1.196	2021-03
ISL_1340481	2021-03-06	USA	Texas	N_America	0	4	14	21	B.1.2	2021-03
ISL_1363041	2021-03-09	USA	Texas	N_America	0	1	4	6	B.1	2021-03
ISL_1391569	2021-03-14	USA	Texas	N_America	0	2	11	24	B.1.2	2021-03
ISL_1235936	2021-03-06	USA	Texas	N_America	0	5	14	21	B.1.2	2021-03
ISL_1235950	2021-03-05	USA	Texas	N_America	0	1	9	14	B.1.2	2021-03
ISL_1422837	2021-03-05	USA	Texas	N_America	0	9	24	38	B.1.1.7	2021-03
ISL_1236097	2021-03-03	USA	Texas	N_America	0	1	3	4	B.1	2021-03
ISL_1363021	2021-03-03	USA	Texas	N_America	0	2	12	23	B.1.2	2021-03
ISL_1266167	2021-03-02	USA	Texas	N_America	0	7	12	26	B.1.1.222	2021-03
ISL_1340479	2021-03-08	USA	Texas	N_America	0	1	7	16	B.1.265	2021-03
ISL_1304387	2021-03-01	USA	Texas	N_America	0	9	23	38	B.1.1.7	2021-03
ISL_1391495	2021-03-14	USA	Texas	N_America	0	3	12	22	B.1.2	2021-03
ISL_1366086	2021-03-05	USA	Texas	N_America	0	8	22	36	B.1.1.7	2021-03
ISL_1318427	2021-03-01	USA	Texas	N_America	0	6	12	19	B.1.1.222	2021-03
ISL_1236261	2021-03-01	USA	Texas	N_America	0	2	15	20	B.1.2	2021-03
ISL_1235958	2021-03-05	USA	Texas	N_America	0	9	23	36	B.1.1.7	2021-03
ISL_1236294	2021-03-01	USA	Texas	N_America	0	1	2	5	B.1.106	2021-03
ISL_1314797	2021-03-06	USA	Texas	N_America	0	1	12	22	B.1.2	2021-03
ISL_1340599	2021-03-08	USA	Texas	N_America	0	4	13	20	B.1.2	2021-03
ISL_1321885	2021-03-05	USA	Texas	N_America	0	10	23	39	B.1.1.7	2021-03
ISL_1235904	2021-03-07	USA	Texas	N_America	0	3	12	17	B.1.2	2021-03
ISL_1305566	2021-03-05	USA	Texas	N_America	0	8	8	17	B.1.1	2021-03
ISL_1305546	2021-03-06	USA	Texas	N_America	0	9	23	36	B.1.1.7	2021-03
ISL_1305581	2021-03-06	USA	Texas	N_America	0	9	23	37	B.1.1.7	2021-03
ISL_1338026	2021-03-07	USA	Texas	N_America	0	5	6	19	B.1.1.222	2021-03
ISL_1305287	2021-03-02	USA	Texas	N_America	0	4	15	20	B.1.2	2021-03
ISL_1236160	2021-03-02	USA	Texas	N_America	0	2	15	21	B.1.2	2021-03
ISL_1340507	2021-03-06	USA	Texas	N_America	0	3	13	22	B.1.2	2021-03
ISL_1265986	2021-03-02	USA	Texas	N_America	0	1	12	20	B.1.2	2021-03
ISL_1391441	2021-03-14	USA	Texas	N_America	0	1	13	19	B.1.2	2021-03
ISL_1305597	2021-03-07	USA	Texas	N_America	0	9	23	36	B.1.1.7	2021-03
ISL_1422615	2021-03-02	USA	Texas	N_America	0	9	24	38	B.1.1.7	2021-03
ISL_1304323	2021-03-01	USA	Texas	N_America	0	4	14	19	B.1.2	2021-03
