ISL_516362	2020-03-30	USA	Michigan	N_America	0	1	5	6	B.1	2020-03
ISL_571237	2020-03-24	USA	Michigan	N_America	0	1	4	5	B.1	2020-03
ISL_507865	2020-03-28	USA	Michigan	N_America	0	1	4	5	B.1	2020-03
ISL_571617	2020-03-19	USA	Michigan	N_America	0	1	4	5	B.1	2020-03
ISL_507747	2020-03-24	USA	Michigan	N_America	0	1	4	5	B.1	2020-03
ISL_571245	2020-03-24	USA	Michigan	N_America	0	1	4	5	B.1	2020-03
ISL_571636	2020-03-22	USA	Michigan	N_America	0	1	4	5	B.1	2020-03
ISL_507855	2020-03-29	USA	Michigan	N_America	0	1	5	6	B.1.331	2020-03
ISL_507677	2020-03-25	USA	Michigan	N_America	0	1	4	7	B.1	2020-03
ISL_603948	2020-03-18	USA	Michigan	N_America	0	1	5	6	B.1.119	2020-03
ISL_436884	2020-03-25	USA	Michigan	N_America	0	1	4	5	B.1	2020-03
ISL_571544	2020-03-23	USA	Michigan	N_America	0	1	4	5	B.1	2020-03
ISL_571611	2020-03-18	USA	Michigan	N_America	0	1	4	5	B.1	2020-03
ISL_565956	2020-03-30	USA	Michigan	N_America	0	2	3	6	B.1	2020-03
ISL_516353	2020-03-29	USA	Michigan	N_America	0	2	3	6	B.1	2020-03
ISL_516327	2020-03-26	USA	Michigan	N_America	0	1	4	6	B.1	2020-03
ISL_484715	2020-03-27	USA	Michigan	N_America	0	1	4	6	B.1	2020-03
ISL_571203	2020-03-23	USA	Michigan	N_America	0	1	5	7	B.1.119	2020-03
ISL_604056	2020-03-17	USA	Michigan	N_America	0	1	1	10	A.3	2020-03
ISL_436876	2020-03-27	USA	Michigan	N_America	0	1	6	8	B.1	2020-03
ISL_447079	2020-03-27	USA	Michigan	N_America	0	1	4	5	B.1	2020-03
ISL_571054	2020-03-22	USA	Michigan	N_America	0	1	5	6	B.1.331	2020-03
ISL_460012	2020-03-31	USA	Michigan	N_America	0	1	4	6	B.1	2020-03
ISL_437145	2020-03-21	USA	Michigan	N_America	0	1	1	9	A.3	2020-03
ISL_516310	2020-03-23	USA	Michigan	N_America	0	1	4	7	B.1	2020-03
ISL_604544	2020-03-15	USA	Michigan	N_America	0	1	6	7	B.1	2020-03
ISL_516309	2020-03-23	USA	Michigan	N_America	0	1	4	5	B.1	2020-03
ISL_447076	2020-03-28	USA	Michigan	N_America	0	1	4	5	B.1	2020-03
ISL_484784	2020-03-29	USA	Michigan	N_America	0	2	3	6	B.1	2020-03
ISL_571364	2020-03-17	USA	Michigan	N_America	0	1	6	8	B.1	2020-03
ISL_447194	2020-03-15	USA	Michigan	N_America	0	1	4	6	B.1	2020-03
ISL_437106	2020-03-14	USA	Michigan	N_America	0	1	2	3	B.1	2020-03
ISL_604046	2020-03-17	USA	Michigan	N_America	0	1	4	5	B.1	2020-03
ISL_571089	2020-03-23	USA	Michigan	N_America	0	1	4	5	B.1	2020-03
ISL_484779	2020-03-30	USA	Michigan	N_America	0	1	4	6	B.1	2020-03
ISL_571041	2020-03-21	USA	Michigan	N_America	0	1	4	5	B.1	2020-03
ISL_571138	2020-03-24	USA	Michigan	N_America	0	1	4	5	B.1	2020-03
ISL_571354	2020-03-17	USA	Michigan	N_America	0	1	5	7	B.1.360	2020-03
ISL_507705	2020-03-21	USA	Michigan	N_America	0	1	4	5	B.1	2020-03
ISL_507713	2020-03-22	USA	Michigan	N_America	0	1	4	5	B.1	2020-03
ISL_571146	2020-03-24	USA	Michigan	N_America	0	1	4	5	B.1	2020-03
ISL_436838	2020-03-23	USA	Michigan	N_America	0	1	4	6	B.1	2020-03
ISL_516292	2020-03-20	USA	Michigan	N_America	0	1	4	5	B.1	2020-03
ISL_529809	2020-03-24	USA	Michigan	N_America	0	1	4	5	B.1	2020-03
ISL_571959	2020-03-17	USA	Michigan	N_America	0	1	5	6	B.1.119	2020-03
ISL_571118	2020-03-23	USA	Michigan	N_America	0	1	4	5	B.1	2020-03
ISL_507761	2020-03-26	USA	Michigan	N_America	0	1	4	5	B.1	2020-03
ISL_436850	2020-03-24	USA	Michigan	N_America	0	1	1	7	A.4	2020-03
ISL_507653	2020-03-13	USA	Michigan	N_America	0	1	4	6	B.1	2020-03
ISL_571463	2020-03-21	USA	Michigan	N_America	0	1	4	8	B.1	2020-03
ISL_565875	2020-03-24	USA	Michigan	N_America	0	1	4	5	B.1	2020-03
ISL_571638	2020-03-22	USA	Michigan	N_America	0	1	4	5	B.1	2020-03
ISL_507902	2020-03-26	USA	Michigan	N_America	0	1	4	6	B.1	2020-03
ISL_571206	2020-03-23	USA	Michigan	N_America	0	1	5	6	B.1.119	2020-03
ISL_436836	2020-03-23	USA	Michigan	N_America	0	1	2	3	B.1	2020-03
ISL_484756	2020-03-26	USA	Michigan	N_America	0	1	4	5	B.1	2020-03
ISL_460602	2020-03-24	USA	Michigan	N_America	0	1	4	6	B.1	2020-03
ISL_571233	2020-03-22	USA	Michigan	N_America	0	1	4	5	B.1	2020-03
ISL_447200	2020-03-18	USA	Michigan	N_America	0	1	4	5	B.1	2020-03
ISL_578130	2020-03-31	USA	Michigan	N_America	0	1	5	6	B.1.119	2020-03
ISL_507652	2020-03-24	USA	Michigan	N_America	0	1	4	5	B.1	2020-03
ISL_450596	2020-03-24	USA	Michigan	N_America	0	1	4	5	B.1	2020-03
ISL_507659	2020-03-21	USA	Michigan	N_America	0	2	4	6	B.1	2020-03
ISL_484723	2020-03-31	USA	Michigan	N_America	0	2	4	8	B.1	2020-03
ISL_507717	2020-03-25	USA	Michigan	N_America	0	1	4	5	B.1	2020-03
ISL_571121	2020-03-22	USA	Michigan	N_America	0	2	5	7	B	2020-03
ISL_447174	2020-03-22	USA	Michigan	N_America	0	1	4	5	B.1	2020-03
ISL_436829	2020-03-20	USA	Michigan	N_America	0	1	4	5	B.1	2020-03
ISL_884573	2020-03-20	USA	Michigan	N_America	0	1	1	7	A.1	2020-03
ISL_507901	2020-03-26	USA	Michigan	N_America	0	1	4	5	B.1	2020-03
ISL_437133	2020-03-20	USA	Michigan	N_America	0	1	4	5	B.1	2020-03
ISL_604052	2020-03-17	USA	Michigan	N_America	0	1	4	5	B.1	2020-03
ISL_507684	2020-03-22	USA	Michigan	N_America	0	1	4	6	B.1	2020-03
ISL_516322	2020-03-26	USA	Michigan	N_America	0	1	4	6	B.1	2020-03
ISL_447095	2020-03-27	USA	Michigan	N_America	0	1	4	6	B.1	2020-03
ISL_516330	2020-03-27	USA	Michigan	N_America	0	1	4	6	B.1	2020-03
ISL_661252	2020-03-24	USA	Michigan	N_America	0	1	5	6	B.1	2020-03
ISL_460020	2020-03-31	USA	Michigan	N_America	0	1	4	5	B.1	2020-03
ISL_460004	2020-03-30	USA	Michigan	N_America	0	2	3	6	B.1	2020-03
ISL_571044	2020-03-21	USA	Michigan	N_America	0	1	4	5	B.1	2020-03
ISL_571536	2020-03-20	USA	Michigan	N_America	0	1	6	9	B.1	2020-03
ISL_484731	2020-03-28	USA	Michigan	N_America	0	1	1	9	A.3	2020-03
ISL_436885	2020-03-25	USA	Michigan	N_America	0	1	4	5	B.1	2020-03
ISL_571891	2020-03-24	USA	Michigan	N_America	0	1	4	5	B.1	2020-03
ISL_437100	2020-03-13	USA	Michigan	N_America	0	2	4	8	B.1.1.33	2020-03
ISL_507862	2020-03-27	USA	Michigan	N_America	0	1	4	5	B.1	2020-03
ISL_604472	2020-03-17	USA	Michigan	N_America	0	1	4	5	B.1	2020-03
ISL_603971	2020-03-17	USA	Michigan	N_America	0	1	4	7	B.1	2020-03
ISL_436840	2020-03-23	USA	Michigan	N_America	0	1	1	7	A.1	2020-03
ISL_460028	2020-03-31	USA	Michigan	N_America	0	1	4	5	B.1	2020-03
ISL_467869	2020-03-15	USA	Michigan	N_America	0	1	4	7	B.1	2020-03
ISL_507887	2020-03-25	USA	Michigan	N_America	0	1	4	5	B.1	2020-03
ISL_571532	2020-03-18	USA	Michigan	N_America	0	1	4	6	B.1	2020-03
ISL_437155	2020-03-22	USA	Michigan	N_America	0	1	2	6	A.1	2020-03
ISL_437108	2020-03-16	USA	Michigan	N_America	0	1	5	6	B.1	2020-03
ISL_604541	2020-03-15	USA	Michigan	N_America	0	1	5	6	B.1.331	2020-03
ISL_516228	2020-03-31	USA	Michigan	N_America	0	1	4	6	B.1	2020-03
ISL_507903	2020-03-27	USA	Michigan	N_America	0	1	4	5	B.1	2020-03
ISL_604226	2020-03-15	USA	Michigan	N_America	0	1	1	6	A.1	2020-03
ISL_578126	2020-03-30	USA	Michigan	N_America	0	1	4	5	B.1	2020-03
ISL_471856	2020-04-17	USA	Michigan	N_America	0	1	5	6	B.1.331	2020-04
ISL_447185	2020-04-22	USA	Michigan	N_America	0	1	3	4	B.1.103	2020-04
ISL_462669	2020-04-29	USA	Michigan	N_America	0	1	4	6	B.1.93	2020-04
ISL_495577	2020-04-17	USA	Michigan	N_America	0	1	1	9	A.3	2020-04
ISL_578136	2020-04-02	USA	Michigan	N_America	0	1	4	5	B.1	2020-04
ISL_471853	2020-04-17	USA	Michigan	N_America	0	1	4	7	B.1	2020-04
ISL_565949	2020-04-13	USA	Michigan	N_America	0	1	5	8	B.1.360	2020-04
ISL_578163	2020-04-23	USA	Michigan	N_America	0	2	4	7	B.1	2020-04
ISL_578086	2020-04-06	USA	Michigan	N_America	0	1	4	5	B.1	2020-04
ISL_507715	2020-04-08	USA	Michigan	N_America	0	1	4	7	B.1	2020-04
ISL_507613	2020-04-01	USA	Michigan	N_America	0	1	4	7	B.1	2020-04
ISL_507539	2020-04-08	USA	Michigan	N_America	0	1	5	6	B.1	2020-04
ISL_578138	2020-04-03	USA	Michigan	N_America	0	1	5	9	B.1.360	2020-04
ISL_471864	2020-04-29	USA	Michigan	N_America	0	1	4	7	B.1	2020-04
ISL_507578	2020-04-01	USA	Michigan	N_America	0	1	4	5	B.1	2020-04
ISL_462690	2020-04-30	USA	Michigan	N_America	0	1	4	5	B.1	2020-04
ISL_507528	2020-04-03	USA	Michigan	N_America	0	1	4	5	B.1	2020-04
ISL_471787	2020-04-22	USA	Michigan	N_America	0	1	4	7	B.1	2020-04
ISL_462706	2020-04-17	USA	Michigan	N_America	0	1	4	7	B.1.515	2020-04
ISL_471750	2020-04-18	USA	Michigan	N_America	0	1	4	5	B.1	2020-04
ISL_471753	2020-04-20	USA	Michigan	N_America	0	1	4	7	B.1	2020-04
ISL_507607	2020-04-03	USA	Michigan	N_America	0	1	4	6	B.1	2020-04
ISL_471693	2020-04-29	USA	Michigan	N_America	0	1	4	5	B.1	2020-04
ISL_462700	2020-04-30	USA	Michigan	N_America	0	1	4	5	B.1	2020-04
ISL_507619	2020-04-01	USA	Michigan	N_America	0	1	4	5	B.1	2020-04
ISL_462655	2020-04-29	USA	Michigan	N_America	0	1	4	5	B.1	2020-04
ISL_578083	2020-04-04	USA	Michigan	N_America	0	1	4	5	B.1	2020-04
ISL_471789	2020-04-20	USA	Michigan	N_America	0	1	5	9	B.1.331	2020-04
ISL_516249	2020-04-03	USA	Michigan	N_America	0	1	4	6	B.1	2020-04
ISL_507547	2020-04-09	USA	Michigan	N_America	0	1	4	5	B.1	2020-04
ISL_471745	2020-04-20	USA	Michigan	N_America	0	1	3	5	B.1.103	2020-04
ISL_507573	2020-04-01	USA	Michigan	N_America	0	1	4	6	B.1	2020-04
ISL_471880	2020-04-29	USA	Michigan	N_America	0	1	4	5	B.1	2020-04
ISL_495563	2020-04-13	USA	Michigan	N_America	0	1	5	6	B.1.119	2020-04
ISL_507433	2020-04-02	USA	Michigan	N_America	0	1	4	7	B.1	2020-04
ISL_462686	2020-04-29	USA	Michigan	N_America	0	1	3	6	B.1.103	2020-04
ISL_471883	2020-04-28	USA	Michigan	N_America	0	1	5	7	B.1	2020-04
ISL_471845	2020-04-17	USA	Michigan	N_America	0	1	4	5	B.1	2020-04
ISL_507520	2020-04-03	USA	Michigan	N_America	0	1	4	5	B.1	2020-04
ISL_516258	2020-04-04	USA	Michigan	N_America	0	1	5	6	B.1	2020-04
ISL_578149	2020-04-07	USA	Michigan	N_America	0	2	4	6	B.1	2020-04
ISL_471679	2020-04-28	USA	Michigan	N_America	0	1	5	8	B.1.360	2020-04
ISL_471758	2020-04-29	USA	Michigan	N_America	0	1	4	5	B.1	2020-04
ISL_447090	2020-04-01	USA	Michigan	N_America	0	2	3	6	B.1	2020-04
ISL_565975	2020-04-06	USA	Michigan	N_America	0	1	5	6	B.1.331	2020-04
ISL_471731	2020-04-27	USA	Michigan	N_America	0	1	4	7	B.1	2020-04
ISL_471867	2020-04-29	USA	Michigan	N_America	0	1	4	5	B.1	2020-04
ISL_471740	2020-04-14	USA	Michigan	N_America	0	1	4	6	B.1	2020-04
ISL_471889	2020-04-29	USA	Michigan	N_America	0	1	4	5	B.1	2020-04
ISL_471720	2020-04-27	USA	Michigan	N_America	0	2	4	7	B.1.413	2020-04
ISL_471806	2020-04-22	USA	Michigan	N_America	0	1	4	6	B.1	2020-04
ISL_565942	2020-04-16	USA	Michigan	N_America	0	2	4	7	B.1	2020-04
ISL_578159	2020-04-14	USA	Michigan	N_America	0	1	4	7	B.1	2020-04
ISL_507574	2020-04-02	USA	Michigan	N_America	0	1	4	5	B.1	2020-04
ISL_462692	2020-04-30	USA	Michigan	N_America	0	1	4	8	B.1	2020-04
ISL_578164	2020-04-23	USA	Michigan	N_America	0	1	4	5	B.1	2020-04
ISL_471885	2020-04-19	USA	Michigan	N_America	0	2	4	7	B.1	2020-04
ISL_471763	2020-04-30	USA	Michigan	N_America	0	1	3	6	B.1.103	2020-04
ISL_507753	2020-04-06	USA	Michigan	N_America	0	1	2	6	B.1	2020-04
ISL_565957	2020-04-03	USA	Michigan	N_America	0	1	3	5	B.1	2020-04
ISL_495567	2020-04-27	USA	Michigan	N_America	0	1	4	8	B.1	2020-04
ISL_476037	2020-04-24	USA	Michigan	N_America	0	1	4	5	B.1	2020-04
ISL_507590	2020-04-02	USA	Michigan	N_America	0	1	5	7	B.1.331	2020-04
ISL_471754	2020-04-21	USA	Michigan	N_America	0	1	3	5	B.1	2020-04
ISL_516263	2020-04-07	USA	Michigan	N_America	0	1	4	5	B.1	2020-04
ISL_495588	2020-04-17	USA	Michigan	N_America	0	1	4	7	B.1	2020-04
ISL_462714	2020-04-17	USA	Michigan	N_America	0	1	5	7	B.1	2020-04
ISL_447098	2020-04-03	USA	Michigan	N_America	0	1	5	7	B.1.360	2020-04
ISL_471738	2020-04-27	USA	Michigan	N_America	0	1	3	7	B.1	2020-04
ISL_565969	2020-04-11	USA	Michigan	N_America	0	1	4	5	B.1	2020-04
ISL_507606	2020-04-03	USA	Michigan	N_America	0	1	4	5	B.1	2020-04
ISL_516230	2020-04-01	USA	Michigan	N_America	0	1	4	5	B.1	2020-04
ISL_507513	2020-04-03	USA	Michigan	N_America	0	1	4	5	B.1	2020-04
ISL_471859	2020-04-20	USA	Michigan	N_America	0	1	5	8	B.1.360	2020-04
ISL_484800	2020-04-06	USA	Michigan	N_America	0	1	4	6	B.1.331	2020-04
ISL_507430	2020-04-03	USA	Michigan	N_America	0	1	4	5	B.1	2020-04
ISL_471691	2020-04-29	USA	Michigan	N_America	0	1	4	5	B.1	2020-04
ISL_471686	2020-04-29	USA	Michigan	N_America	0	1	4	5	B.1	2020-04
ISL_471857	2020-04-21	USA	Michigan	N_America	0	1	3	6	B.1.103	2020-04
ISL_462664	2020-04-29	USA	Michigan	N_America	0	1	4	5	B.1	2020-04
ISL_565884	2020-04-15	USA	Michigan	N_America	0	1	4	6	B.1	2020-04
ISL_507703	2020-04-08	USA	Michigan	N_America	0	1	4	6	B.1	2020-04
ISL_471868	2020-04-30	USA	Michigan	N_America	0	1	4	7	B.1	2020-04
ISL_884561	2020-04-08	USA	Michigan	N_America	0	1	2	6	B.1	2020-04
ISL_462644	2020-04-29	USA	Michigan	N_America	0	1	4	7	B.1	2020-04
ISL_471881	2020-04-29	USA	Michigan	N_America	0	1	4	5	B.1	2020-04
ISL_507913	2020-04-01	USA	Michigan	N_America	0	1	5	7	B.1.331	2020-04
ISL_471817	2020-04-29	USA	Michigan	N_America	0	1	4	5	B.1	2020-04
ISL_578132	2020-04-01	USA	Michigan	N_America	0	1	4	5	B.1	2020-04
ISL_471891	2020-04-21	USA	Michigan	N_America	0	1	4	7	B.1	2020-04
ISL_462697	2020-04-29	USA	Michigan	N_America	0	1	4	7	B.1	2020-04
ISL_565966	2020-04-06	USA	Michigan	N_America	0	2	4	8	B.1	2020-04
ISL_507511	2020-04-02	USA	Michigan	N_America	0	1	4	6	B.1	2020-04
ISL_462687	2020-04-29	USA	Michigan	N_America	0	1	4	5	B.1	2020-04
ISL_452277	2020-04-30	USA	Michigan	N_America	0	1	4	8	B.1	2020-04
ISL_495586	2020-04-20	USA	Michigan	N_America	0	1	4	5	B.1	2020-04
ISL_884567	2020-04-14	USA	Michigan	N_America	0	1	5	6	B.1	2020-04
ISL_462673	2020-04-30	USA	Michigan	N_America	0	1	4	8	B.1	2020-04
ISL_565952	2020-04-06	USA	Michigan	N_America	0	2	4	7	B.1	2020-04
ISL_462672	2020-04-30	USA	Michigan	N_America	0	1	4	8	B.1	2020-04
ISL_471695	2020-05-14	USA	Michigan	N_America	0	1	2	4	B.1	2020-05
ISL_459993	2020-05-06	USA	Michigan	N_America	0	1	4	6	B.1	2020-05
ISL_471707	2020-05-12	USA	Michigan	N_America	0	1	3	6	B.1	2020-05
ISL_460601	2020-05-03	USA	Michigan	N_America	0	2	4	9	B.1	2020-05
ISL_460580	2020-05-14	USA	Michigan	N_America	0	1	2	4	B.1	2020-05
ISL_476053	2020-05-26	USA	Michigan	N_America	0	1	6	8	B.1	2020-05
ISL_460578	2020-05-14	USA	Michigan	N_America	0	1	2	3	B.1	2020-05
ISL_459994	2020-05-06	USA	Michigan	N_America	0	1	5	7	B.1	2020-05
ISL_476064	2020-05-28	USA	Michigan	N_America	0	2	5	9	B.1	2020-05
ISL_471907	2020-05-18	USA	Michigan	N_America	0	1	3	6	B.1.106	2020-05
ISL_471714	2020-05-20	USA	Michigan	N_America	0	2	6	9	B.1.311	2020-05
ISL_471705	2020-05-14	USA	Michigan	N_America	0	1	3	7	B.1.216	2020-05
ISL_471908	2020-05-18	USA	Michigan	N_America	0	1	2	6	B.1.106	2020-05
ISL_460034	2020-05-06	USA	Michigan	N_America	0	1	3	7	B.1.106	2020-05
ISL_471841	2020-05-13	USA	Michigan	N_America	0	1	2	3	B.1	2020-05
ISL_460558	2020-05-08	USA	Michigan	N_America	0	1	5	6	B.1	2020-05
ISL_476054	2020-05-26	USA	Michigan	N_America	0	1	6	7	B.1	2020-05
ISL_471905	2020-05-15	USA	Michigan	N_America	0	1	4	7	B.1	2020-05
ISL_460560	2020-05-07	USA	Michigan	N_America	0	2	6	8	B.1.311	2020-05
ISL_476060	2020-05-26	USA	Michigan	N_America	0	1	6	7	B.1	2020-05
ISL_476029	2020-05-22	USA	Michigan	N_America	0	1	3	7	B.1.103	2020-05
ISL_471706	2020-05-15	USA	Michigan	N_America	0	1	3	6	B.1.103	2020-05
ISL_459997	2020-05-06	USA	Michigan	N_America	0	1	4	8	B.1	2020-05
ISL_460041	2020-05-11	USA	Michigan	N_America	0	1	6	7	B.1.311	2020-05
ISL_471715	2020-05-20	USA	Michigan	N_America	0	2	6	9	B.1.311	2020-05
ISL_462681	2020-05-01	USA	Michigan	N_America	0	1	5	8	B.1	2020-05
ISL_578170	2020-05-05	USA	Michigan	N_America	0	2	4	8	B.1	2020-05
ISL_495592	2020-05-05	USA	Michigan	N_America	0	1	4	5	B.1	2020-05
ISL_476063	2020-05-28	USA	Michigan	N_America	0	2	5	10	B.1	2020-05
ISL_471719	2020-05-20	USA	Michigan	N_America	0	2	6	9	B.1.311	2020-05
ISL_460040	2020-05-11	USA	Michigan	N_America	0	1	3	5	B.1.103	2020-05
ISL_460035	2020-05-07	USA	Michigan	N_America	0	1	5	8	B.1	2020-05
ISL_460587	2020-05-11	USA	Michigan	N_America	0	1	5	7	B.1.311	2020-05
ISL_460588	2020-05-14	USA	Michigan	N_America	0	1	2	4	B.1	2020-05
ISL_529828	2020-05-19	USA	Michigan	N_America	0	1	5	9	B.1.507	2020-05
ISL_471833	2020-05-20	USA	Michigan	N_America	0	2	5	9	B.1.311	2020-05
ISL_578171	2020-05-07	USA	Michigan	N_America	0	2	4	8	B.1	2020-05
ISL_471887	2020-05-05	USA	Michigan	N_America	0	1	3	5	B.1.103	2020-05
ISL_471824	2020-05-18	USA	Michigan	N_America	0	1	6	7	B.1.311	2020-05
ISL_507770	2020-05-27	USA	Michigan	N_America	0	1	5	6	B.1	2020-05
ISL_460039	2020-05-11	USA	Michigan	N_America	0	1	3	7	B.1.216	2020-05
ISL_507774	2020-05-22	USA	Michigan	N_America	0	2	6	9	B.1.311	2020-05
ISL_471702	2020-05-14	USA	Michigan	N_America	0	1	2	4	B.1	2020-05
ISL_460577	2020-05-15	USA	Michigan	N_America	0	1	4	6	B.1	2020-05
ISL_471716	2020-05-20	USA	Michigan	N_America	0	2	6	10	B.1.311	2020-05
ISL_471838	2020-05-13	USA	Michigan	N_America	0	1	4	7	B.1	2020-05
ISL_460556	2020-05-06	USA	Michigan	N_America	0	1	6	7	B.1.311	2020-05
ISL_460033	2020-05-06	USA	Michigan	N_America	0	1	6	7	B.1.311	2020-05
ISL_578172	2020-05-08	USA	Michigan	N_America	0	1	4	7	B.1	2020-05
ISL_471819	2020-05-18	USA	Michigan	N_America	0	1	4	5	B.1	2020-05
ISL_460576	2020-05-14	USA	Michigan	N_America	0	1	2	4	B.1	2020-05
ISL_476030	2020-05-22	USA	Michigan	N_America	0	1	4	6	B.1	2020-05
ISL_578082	2020-05-18	USA	Michigan	N_America	0	1	6	11	B.1.331	2020-05
ISL_471876	2020-05-08	USA	Michigan	N_America	0	1	6	8	B.1.311	2020-05
ISL_460568	2020-05-07	USA	Michigan	N_America	0	1	4	5	B.1	2020-05
ISL_476062	2020-05-25	USA	Michigan	N_America	0	1	4	5	B.1	2020-05
ISL_471897	2020-05-18	USA	Michigan	N_America	0	1	3	6	B.1.106	2020-05
ISL_471836	2020-05-08	USA	Michigan	N_America	0	1	3	5	B.1.103	2020-05
ISL_459996	2020-05-07	USA	Michigan	N_America	0	3	5	8	B.1	2020-05
ISL_495565	2020-05-04	USA	Michigan	N_America	0	1	4	6	B.1	2020-05
ISL_459998	2020-05-06	USA	Michigan	N_America	0	1	4	7	B.1	2020-05
ISL_471822	2020-05-19	USA	Michigan	N_America	0	1	3	5	B.1.103	2020-05
ISL_460038	2020-05-12	USA	Michigan	N_America	0	1	6	7	B.1.311	2020-05
ISL_471909	2020-05-17	USA	Michigan	N_America	0	2	6	9	B.1.311	2020-05
ISL_460031	2020-05-05	USA	Michigan	N_America	0	2	5	9	B.1.311	2020-05
ISL_495568	2020-05-09	USA	Michigan	N_America	0	1	4	6	B.1	2020-05
ISL_471839	2020-05-13	USA	Michigan	N_America	0	1	6	7	B.1.311	2020-05
ISL_460574	2020-05-15	USA	Michigan	N_America	0	1	2	4	B.1	2020-05
ISL_471831	2020-05-20	USA	Michigan	N_America	0	2	6	9	B.1.311	2020-05
ISL_495569	2020-05-06	USA	Michigan	N_America	0	1	3	5	B.1	2020-05
ISL_460032	2020-05-01	USA	Michigan	N_America	0	1	5	6	B.1.311	2020-05
ISL_471826	2020-05-18	USA	Michigan	N_America	0	1	4	5	B.1	2020-05
ISL_471893	2020-05-14	USA	Michigan	N_America	0	1	3	7	B.1.216	2020-05
ISL_507768	2020-05-29	USA	Michigan	N_America	0	1	4	5	B.1	2020-05
ISL_460585	2020-05-14	USA	Michigan	N_America	0	1	2	4	B.1	2020-05
ISL_471711	2020-05-15	USA	Michigan	N_America	0	1	3	5	B.1.103	2020-05
ISL_460037	2020-05-11	USA	Michigan	N_America	0	1	6	8	B.1.311	2020-05
ISL_495566	2020-05-05	USA	Michigan	N_America	0	1	4	9	B.1	2020-05
ISL_471701	2020-05-14	USA	Michigan	N_America	0	1	2	4	B.1	2020-05
ISL_516387	2020-05-04	USA	Michigan	N_America	0	1	2	5	B.1	2020-05
ISL_471837	2020-05-13	USA	Michigan	N_America	0	1	4	7	B.1	2020-05
ISL_460586	2020-05-14	USA	Michigan	N_America	0	1	2	4	B.1	2020-05
ISL_476058	2020-05-26	USA	Michigan	N_America	0	1	6	7	B.1	2020-05
ISL_471840	2020-05-13	USA	Michigan	N_America	0	1	5	9	B.1.507	2020-05
ISL_471894	2020-05-14	USA	Michigan	N_America	0	1	3	7	B.1.216	2020-05
ISL_471823	2020-05-19	USA	Michigan	N_America	0	2	3	6	B.1.103	2020-05
ISL_471904	2020-05-17	USA	Michigan	N_America	0	1	5	9	B.1.507	2020-05
ISL_471842	2020-05-13	USA	Michigan	N_America	0	1	6	7	B.1.311	2020-05
ISL_476066	2020-05-29	USA	Michigan	N_America	0	1	5	9	B.1.360	2020-05
ISL_452284	2020-05-01	USA	Michigan	N_America	0	1	5	7	B.1.360	2020-05
ISL_471900	2020-05-14	USA	Michigan	N_America	0	1	3	7	B.1.216	2020-05
ISL_471898	2020-05-19	USA	Michigan	N_America	0	1	6	7	B.1	2020-05
ISL_471700	2020-05-14	USA	Michigan	N_America	0	1	2	4	B.1	2020-05
ISL_471709	2020-05-16	USA	Michigan	N_America	0	1	2	5	B.1	2020-05
ISL_460569	2020-05-14	USA	Michigan	N_America	0	1	2	5	B.1	2020-05
ISL_471899	2020-05-15	USA	Michigan	N_America	0	2	3	6	B.1.103	2020-05
ISL_471708	2020-05-15	USA	Michigan	N_America	0	1	4	8	B.1.103	2020-05
ISL_460570	2020-05-14	USA	Michigan	N_America	0	1	4	8	B.1	2020-05
ISL_471699	2020-05-14	USA	Michigan	N_America	0	1	2	7	B.1	2020-05
ISL_476028	2020-05-20	USA	Michigan	N_America	0	1	3	7	B.1.216	2020-05
ISL_507784	2020-06-04	USA	Michigan	N_America	0	2	6	9	B.1.311	2020-06
ISL_507783	2020-06-04	USA	Michigan	N_America	0	2	6	9	B.1.311	2020-06
ISL_507785	2020-06-04	USA	Michigan	N_America	0	2	6	9	B.1.311	2020-06
ISL_507779	2020-06-05	USA	Michigan	N_America	0	1	5	11	B.1	2020-06
ISL_507760	2020-06-09	USA	Michigan	N_America	0	1	4	7	B.1	2020-06
ISL_507788	2020-06-09	USA	Michigan	N_America	0	1	3	7	B.1	2020-06
ISL_507771	2020-06-10	USA	Michigan	N_America	0	2	8	12	B.1.3	2020-06
ISL_507778	2020-06-10	USA	Michigan	N_America	0	1	5	7	B.1.311	2020-06
ISL_507767	2020-06-10	USA	Michigan	N_America	0	2	8	13	B.1.3	2020-06
ISL_507789	2020-06-10	USA	Michigan	N_America	0	1	5	10	B.1.507	2020-06
ISL_507786	2020-06-10	USA	Michigan	N_America	0	2	8	12	B.1.3	2020-06
ISL_507780	2020-06-10	USA	Michigan	N_America	0	2	8	12	B.1.3	2020-06
ISL_507787	2020-06-11	USA	Michigan	N_America	0	1	4	7	B.1	2020-06
ISL_516391	2020-06-11	USA	Michigan	N_America	0	1	4	9	B.1	2020-06
ISL_507427	2020-06-11	USA	Michigan	N_America	0	1	6	7	B.1	2020-06
ISL_566030	2020-06-15	USA	Michigan	N_America	0	2	5	9	B.1.311	2020-06
ISL_529826	2020-06-16	USA	Michigan	N_America	0	1	5	12	B.1.507	2020-06
ISL_529823	2020-06-16	USA	Michigan	N_America	0	1	4	6	B.1.108	2020-06
ISL_529827	2020-06-19	USA	Michigan	N_America	0	1	5	8	B.1.311	2020-06
ISL_529830	2020-06-23	USA	Michigan	N_America	0	1	5	10	B.1	2020-06
ISL_566013	2020-06-23	USA	Michigan	N_America	0	2	5	8	B.1.1.208	2020-06
ISL_529829	2020-06-23	USA	Michigan	N_America	0	2	4	7	B.1.1.70	2020-06
ISL_529831	2020-06-23	USA	Michigan	N_America	0	1	5	8	B.1.311	2020-06
ISL_516411	2020-06-24	USA	Michigan	N_America	0	2	4	8	B.1.1.70	2020-06
ISL_516406	2020-06-25	USA	Michigan	N_America	0	2	4	10	B.1.1.29	2020-06
ISL_566025	2020-06-26	USA	Michigan	N_America	0	3	10	14	B.1.363	2020-06
ISL_529832	2020-06-26	USA	Michigan	N_America	0	3	10	13	B.1.363	2020-06
ISL_516407	2020-06-26	USA	Michigan	N_America	0	3	10	13	B.1.363	2020-06
ISL_516410	2020-06-26	USA	Michigan	N_America	0	3	10	13	B.1.363	2020-06
ISL_884461	2020-06-28	USA	Michigan	N_America	0	1	6	12	B.1	2020-06
ISL_565856	2020-06-29	USA	Michigan	N_America	0	3	10	14	B.1.363	2020-06
ISL_516408	2020-06-29	USA	Michigan	N_America	0	3	10	14	B.1.363	2020-06
ISL_507432	2020-06-29	USA	Michigan	N_America	0	2	2	8	B.1	2020-06
ISL_516405	2020-06-30	USA	Michigan	N_America	0	3	10	13	B.1.363	2020-06
ISL_507438	2020-06-30	USA	Michigan	N_America	0	3	4	10	B.1.1.77	2020-06
ISL_529852	2020-07-08	USA	Michigan	N_America	0	2	7	10	B.1.1.304	2020-07
ISL_507434	2020-07-02	USA	Michigan	N_America	0	2	12	14	B.1.2	2020-07
ISL_516389	2020-07-04	USA	Michigan	N_America	0	3	8	12	B.1.363	2020-07
ISL_884477	2020-07-06	USA	Michigan	N_America	0	2	4	7	B.1.413	2020-07
ISL_516214	2020-07-24	USA	Michigan	N_America	0	2	6	16	B.1.139	2020-07
ISL_516404	2020-07-07	USA	Michigan	N_America	0	1	6	11	B.1.521	2020-07
ISL_884480	2020-07-07	USA	Michigan	N_America	0	3	11	14	B.1.2	2020-07
ISL_884460	2020-07-05	USA	Michigan	N_America	0	1	4	6	B.1	2020-07
ISL_884518	2020-07-09	USA	Michigan	N_America	0	2	4	7	B.1	2020-07
ISL_529861	2020-07-30	USA	Michigan	N_America	0	2	5	13	B.1.369	2020-07
ISL_884463	2020-07-05	USA	Michigan	N_America	0	3	6	9	B.1.1.29	2020-07
ISL_884524	2020-07-09	USA	Michigan	N_America	0	2	6	8	B.1.1.29	2020-07
ISL_529842	2020-07-16	USA	Michigan	N_America	0	2	12	15	B.1.2	2020-07
ISL_884469	2020-07-06	USA	Michigan	N_America	0	3	6	9	B.1.1.29	2020-07
ISL_529853	2020-07-28	USA	Michigan	N_America	0	5	4	11	B.1.1.72	2020-07
ISL_565848	2020-07-09	USA	Michigan	N_America	0	2	12	14	B.1.2	2020-07
ISL_507441	2020-07-03	USA	Michigan	N_America	0	1	5	10	B.1	2020-07
ISL_516205	2020-07-22	USA	Michigan	N_America	0	4	3	9	B.1.240	2020-07
ISL_529840	2020-07-15	USA	Michigan	N_America	0	2	12	14	B.1.2	2020-07
ISL_516403	2020-07-13	USA	Michigan	N_America	0	1	4	10	B.1.280	2020-07
ISL_884489	2020-07-07	USA	Michigan	N_America	0	1	6	11	B.1.2	2020-07
ISL_884447	2020-07-02	USA	Michigan	N_America	0	2	5	10	B.1.1.135	2020-07
ISL_516412	2020-07-08	USA	Michigan	N_America	0	2	4	11	B.1.1.29	2020-07
ISL_565845	2020-07-06	USA	Michigan	N_America	0	1	5	8	B.1	2020-07
ISL_884459	2020-07-04	USA	Michigan	N_America	0	3	6	9	B.1.1.29	2020-07
ISL_516221	2020-07-30	USA	Michigan	N_America	0	2	6	9	B.1.361	2020-07
ISL_884481	2020-07-07	USA	Michigan	N_America	0	1	4	9	B.1.280	2020-07
ISL_884486	2020-07-07	USA	Michigan	N_America	0	1	3	7	B.1.206	2020-07
ISL_529839	2020-07-14	USA	Michigan	N_America	0	3	4	11	B.1.1.207	2020-07
ISL_884520	2020-07-09	USA	Michigan	N_America	0	1	5	10	B.1	2020-07
ISL_565846	2020-07-06	USA	Michigan	N_America	0	1	6	9	B.1	2020-07
ISL_516409	2020-07-06	USA	Michigan	N_America	0	3	10	13	B.1.363	2020-07
ISL_884476	2020-07-06	USA	Michigan	N_America	0	3	6	9	B.1.1.29	2020-07
ISL_516212	2020-07-26	USA	Michigan	N_America	0	4	4	8	B.1.240	2020-07
ISL_884458	2020-07-02	USA	Michigan	N_America	0	2	4	7	B.1.413	2020-07
ISL_884457	2020-07-02	USA	Michigan	N_America	0	2	6	8	B.1.1.29	2020-07
ISL_590752	2020-07-02	USA	Michigan	N_America	0	3	10	13	B.1.363	2020-07
ISL_884454	2020-07-02	USA	Michigan	N_America	0	2	5	11	B.1.1.135	2020-07
ISL_565849	2020-07-07	USA	Michigan	N_America	0	3	8	12	B.1.363	2020-07
ISL_516199	2020-07-20	USA	Michigan	N_America	0	2	6	10	B.1.363	2020-07
ISL_884496	2020-07-08	USA	Michigan	N_America	0	3	6	10	B.1.1.29	2020-07
ISL_884522	2020-07-09	USA	Michigan	N_America	0	2	4	8	B.1	2020-07
ISL_516399	2020-07-14	USA	Michigan	N_America	0	2	7	10	B.1.509	2020-07
ISL_516211	2020-07-27	USA	Michigan	N_America	0	2	11	13	B.1.2	2020-07
ISL_516385	2020-07-13	USA	Michigan	N_America	0	1	6	10	B.1	2020-07
ISL_884499	2020-07-08	USA	Michigan	N_America	0	1	10	13	B.1.311	2020-07
ISL_884498	2020-07-08	USA	Michigan	N_America	0	1	6	13	B.1.2	2020-07
ISL_884490	2020-07-07	USA	Michigan	N_America	0	2	8	10	B.1	2020-07
ISL_516222	2020-07-30	USA	Michigan	N_America	0	2	12	16	B.1.2	2020-07
ISL_884446	2020-07-01	USA	Michigan	N_America	0	1	3	8	B.1	2020-07
ISL_884472	2020-07-06	USA	Michigan	N_America	0	2	4	7	B.1	2020-07
ISL_884456	2020-07-02	USA	Michigan	N_America	0	2	4	9	B.1.413	2020-07
ISL_884471	2020-07-06	USA	Michigan	N_America	0	2	4	8	B.1	2020-07
ISL_516216	2020-07-24	USA	Michigan	N_America	0	2	11	13	B.1.2	2020-07
ISL_884506	2020-07-08	USA	Michigan	N_America	0	1	4	11	B.1	2020-07
ISL_884452	2020-07-02	USA	Michigan	N_America	0	4	3	8	B.1.240	2020-07
ISL_884462	2020-07-05	USA	Michigan	N_America	0	1	11	12	B.1.2	2020-07
ISL_516402	2020-07-07	USA	Michigan	N_America	0	1	6	11	B.1.521	2020-07
ISL_884521	2020-07-09	USA	Michigan	N_America	0	3	4	11	B.1.1.291	2020-07
ISL_884484	2020-07-07	USA	Michigan	N_America	0	2	8	12	B.1.509	2020-07
ISL_529841	2020-07-16	USA	Michigan	N_America	0	2	11	14	B.1.2	2020-07
ISL_884579	2020-07-03	USA	Michigan	N_America	0	3	6	9	B.1.1.29	2020-07
ISL_884453	2020-07-02	USA	Michigan	N_America	0	3	6	9	B.1.1.29	2020-07
ISL_884482	2020-07-07	USA	Michigan	N_America	0	3	7	10	B.1.1.29	2020-07
ISL_884478	2020-07-07	USA	Michigan	N_America	0	3	11	14	B.1.2	2020-07
ISL_516400	2020-07-07	USA	Michigan	N_America	0	2	7	9	B.1.509	2020-07
ISL_516398	2020-07-07	USA	Michigan	N_America	0	2	7	13	B.1.1.304	2020-07
ISL_884493	2020-07-07	USA	Michigan	N_America	0	2	6	8	B.1.1.29	2020-07
ISL_884509	2020-07-08	USA	Michigan	N_America	0	1	12	14	B.1.2	2020-07
ISL_884464	2020-07-05	USA	Michigan	N_America	0	1	8	14	B.1	2020-07
ISL_529843	2020-07-31	USA	Michigan	N_America	0	3	7	12	B.1.3	2020-07
ISL_884530	2020-07-12	USA	Michigan	N_America	0	5	7	12	B.1.369	2020-07
ISL_884492	2020-07-07	USA	Michigan	N_America	0	3	8	13	B.1.509	2020-07
ISL_529835	2020-07-12	USA	Michigan	N_America	0	1	4	13	B.1.305	2020-07
ISL_884500	2020-07-08	USA	Michigan	N_America	0	2	5	14	B.1	2020-07
ISL_884510	2020-07-08	USA	Michigan	N_America	0	2	6	10	B.1.361	2020-07
ISL_884479	2020-07-06	USA	Michigan	N_America	0	3	7	10	B.1.363	2020-07
ISL_565855	2020-07-21	USA	Michigan	N_America	0	3	9	14	B.1.363	2020-07
ISL_516223	2020-07-30	USA	Michigan	N_America	0	2	12	16	B.1.2	2020-07
ISL_516215	2020-07-25	USA	Michigan	N_America	0	2	11	13	B.1.2	2020-07
ISL_529854	2020-07-25	USA	Michigan	N_America	0	5	4	11	B.1.1.72	2020-07
ISL_884523	2020-07-09	USA	Michigan	N_America	0	2	6	8	B.1.1.29	2020-07
ISL_884507	2020-07-08	USA	Michigan	N_America	0	2	6	10	B.1.361	2020-07
ISL_516209	2020-07-20	USA	Michigan	N_America	0	3	4	7	B.1.1.29	2020-07
ISL_565843	2020-07-06	USA	Michigan	N_America	0	1	6	9	B.1	2020-07
ISL_884528	2020-07-09	USA	Michigan	N_America	0	2	10	14	B.1.509	2020-07
ISL_516395	2020-07-12	USA	Michigan	N_America	0	2	5	11	B.1.369	2020-07
ISL_516206	2020-07-16	USA	Michigan	N_America	0	2	4	10	B.1.1.29	2020-07
ISL_884449	2020-07-01	USA	Michigan	N_America	0	2	5	9	B.1.1.135	2020-07
ISL_516217	2020-07-28	USA	Michigan	N_America	0	2	12	14	B.1.2	2020-07
ISL_516401	2020-07-06	USA	Michigan	N_America	0	1	6	9	B.1	2020-07
ISL_565851	2020-07-11	USA	Michigan	N_America	0	2	12	14	B.1.2	2020-07
ISL_884487	2020-07-07	USA	Michigan	N_America	0	1	6	11	B.1	2020-07
ISL_529834	2020-07-15	USA	Michigan	N_America	0	2	3	8	B.1	2020-07
ISL_884501	2020-07-08	USA	Michigan	N_America	0	4	8	13	B.1.363	2020-07
ISL_516390	2020-07-12	USA	Michigan	N_America	0	4	7	14	B.1.363	2020-07
ISL_507442	2020-07-01	USA	Michigan	N_America	0	2	4	10	B.1.1.192	2020-07
ISL_529838	2020-07-14	USA	Michigan	N_America	0	3	4	7	B.1.1.29	2020-07
ISL_884513	2020-07-09	USA	Michigan	N_America	0	1	5	7	B.1	2020-07
ISL_884445	2020-07-01	USA	Michigan	N_America	0	3	6	9	B.1.1.29	2020-07
ISL_529900	2020-08-13	USA	Michigan	N_America	0	3	8	11	B.1.361	2020-08
ISL_529898	2020-08-13	USA	Michigan	N_America	0	3	8	11	B.1.361	2020-08
ISL_577567	2020-08-20	USA	Michigan	N_America	0	4	4	9	B.1.240	2020-08
ISL_577560	2020-08-28	USA	Michigan	N_America	0	2	9	14	B.1	2020-08
ISL_583255	2020-08-29	USA	Michigan	N_America	0	2	12	16	B.1.361	2020-08
ISL_565938	2020-08-21	USA	Michigan	N_America	0	2	7	9	B.1	2020-08
ISL_583309	2020-08-31	USA	Michigan	N_America	0	4	8	12	B.1.234	2020-08
ISL_529902	2020-08-18	USA	Michigan	N_America	0	2	11	14	B.1.2	2020-08
ISL_566020	2020-08-23	USA	Michigan	N_America	0	3	2	12	B.1.189	2020-08
ISL_529851	2020-08-04	USA	Michigan	N_America	0	2	11	15	B.1.2	2020-08
ISL_583286	2020-08-28	USA	Michigan	N_America	0	5	4	13	B.1.1.72	2020-08
ISL_566033	2020-08-23	USA	Michigan	N_America	0	2	5	9	B.1.1.29	2020-08
ISL_583253	2020-08-27	USA	Michigan	N_America	0	4	14	20	B.1.2	2020-08
ISL_529850	2020-08-08	USA	Michigan	N_America	0	3	4	14	B.1.1.162	2020-08
ISL_583282	2020-08-28	USA	Michigan	N_America	0	2	8	11	B.1	2020-08
ISL_529857	2020-08-11	USA	Michigan	N_America	0	2	11	18	B.1.2	2020-08
ISL_583294	2020-08-31	USA	Michigan	N_America	0	2	6	10	B.1.361	2020-08
ISL_583302	2020-08-31	USA	Michigan	N_America	0	4	3	8	B.1	2020-08
ISL_566034	2020-08-24	USA	Michigan	N_America	0	2	5	12	B.1.369	2020-08
ISL_583257	2020-08-27	USA	Michigan	N_America	0	5	4	11	B.1.240	2020-08
ISL_529846	2020-08-07	USA	Michigan	N_America	0	2	2	11	B.1	2020-08
ISL_583279	2020-08-28	USA	Michigan	N_America	0	2	12	17	B.1.2	2020-08
ISL_566026	2020-08-25	USA	Michigan	N_America	0	6	7	16	B.1.369	2020-08
ISL_529887	2020-08-13	USA	Michigan	N_America	0	3	8	11	B.1.361	2020-08
ISL_529885	2020-08-13	USA	Michigan	N_America	0	3	8	12	B.1.361	2020-08
ISL_577571	2020-08-31	USA	Michigan	N_America	0	1	10	13	B.1.2	2020-08
ISL_529881	2020-08-11	USA	Michigan	N_America	0	2	12	19	B.1.2	2020-08
ISL_529897	2020-08-13	USA	Michigan	N_America	0	3	8	11	B.1.361	2020-08
ISL_583265	2020-08-24	USA	Michigan	N_America	0	2	11	13	B.1.2	2020-08
ISL_584095	2020-08-26	USA	Michigan	N_America	0	5	4	12	B.1.1.72	2020-08
ISL_577569	2020-08-26	USA	Michigan	N_America	0	2	5	13	B.1.369	2020-08
ISL_529888	2020-08-13	USA	Michigan	N_America	0	3	8	11	B.1.361	2020-08
ISL_529845	2020-08-04	USA	Michigan	N_America	0	3	10	14	B.1.2	2020-08
ISL_577570	2020-08-28	USA	Michigan	N_America	0	2	6	9	B.1.361	2020-08
ISL_583311	2020-08-31	USA	Michigan	N_America	0	2	8	10	B.1	2020-08
ISL_596569	2020-08-31	USA	Michigan	N_America	0	2	6	11	B.1.361	2020-08
ISL_583308	2020-08-31	USA	Michigan	N_America	0	6	4	14	B.1.240	2020-08
ISL_583275	2020-08-18	USA	Michigan	N_America	0	2	11	14	B.1.2	2020-08
ISL_583254	2020-08-29	USA	Michigan	N_America	0	4	4	8	B.1.240	2020-08
ISL_529890	2020-08-13	USA	Michigan	N_America	0	3	8	11	B.1.361	2020-08
ISL_583291	2020-08-31	USA	Michigan	N_America	0	2	8	12	B.1.509	2020-08
ISL_583269	2020-08-28	USA	Michigan	N_America	0	4	5	10	B.1.2	2020-08
ISL_583270	2020-08-24	USA	Michigan	N_America	0	4	14	20	B.1.2	2020-08
ISL_583506	2020-08-26	USA	Michigan	N_America	0	3	3	11	B.1.243	2020-08
ISL_529886	2020-08-13	USA	Michigan	N_America	0	3	8	11	B.1.361	2020-08
ISL_583273	2020-08-28	USA	Michigan	N_America	0	4	4	9	B.1.243	2020-08
ISL_583274	2020-08-27	USA	Michigan	N_America	0	4	3	10	B.1	2020-08
ISL_583260	2020-08-24	USA	Michigan	N_America	0	2	13	17	B.1.2	2020-08
ISL_583298	2020-08-31	USA	Michigan	N_America	0	1	6	10	B.1.2	2020-08
ISL_529903	2020-08-14	USA	Michigan	N_America	0	2	5	14	B.1.313	2020-08
ISL_529855	2020-08-10	USA	Michigan	N_America	0	2	6	8	B.1.361	2020-08
ISL_529884	2020-08-03	USA	Michigan	N_America	0	3	7	14	B.1.3	2020-08
ISL_583305	2020-08-29	USA	Michigan	N_America	0	1	11	13	B.1.361	2020-08
ISL_583295	2020-08-31	USA	Michigan	N_America	0	4	4	8	B.1	2020-08
ISL_583283	2020-08-28	USA	Michigan	N_America	0	6	4	11	B.1.240	2020-08
ISL_583285	2020-08-25	USA	Michigan	N_America	0	2	4	11	B.1	2020-08
ISL_577568	2020-08-26	USA	Michigan	N_America	0	3	8	12	B.1.361	2020-08
ISL_529904	2020-08-14	USA	Michigan	N_America	0	1	10	14	B.1.2	2020-08
ISL_566009	2020-08-25	USA	Michigan	N_America	0	6	7	13	B.1.369	2020-08
ISL_529849	2020-08-04	USA	Michigan	N_America	0	2	5	9	B.1.1.208	2020-08
ISL_583250	2020-08-26	USA	Michigan	N_America	0	5	7	17	B.1.363	2020-08
ISL_566029	2020-08-15	USA	Michigan	N_America	0	2	6	15	B.1.139	2020-08
ISL_583249	2020-08-28	USA	Michigan	N_America	0	4	14	20	B.1.2	2020-08
ISL_529894	2020-08-13	USA	Michigan	N_America	0	3	8	11	B.1.361	2020-08
ISL_583287	2020-08-27	USA	Michigan	N_America	0	1	11	15	B.1.2	2020-08
ISL_583252	2020-08-28	USA	Michigan	N_America	0	2	6	10	B.1.361	2020-08
ISL_529907	2020-08-05	USA	Michigan	N_America	0	1	11	13	B.1.2	2020-08
ISL_566022	2020-08-17	USA	Michigan	N_America	0	2	3	6	B.1	2020-08
ISL_529882	2020-08-03	USA	Michigan	N_America	0	3	7	12	B.1.3	2020-08
ISL_529899	2020-08-13	USA	Michigan	N_America	0	3	8	11	B.1.361	2020-08
ISL_529905	2020-08-14	USA	Michigan	N_America	0	1	7	13	B.1.2	2020-08
ISL_566017	2020-08-20	USA	Michigan	N_America	0	2	11	15	B.1.2	2020-08
ISL_583268	2020-08-28	USA	Michigan	N_America	0	3	5	14	B.1.1.29	2020-08
ISL_529893	2020-08-13	USA	Michigan	N_America	0	3	8	11	B.1.361	2020-08
ISL_529870	2020-08-03	USA	Michigan	N_America	0	3	11	15	B.1.2	2020-08
ISL_583256	2020-08-28	USA	Michigan	N_America	0	5	7	17	B.1.363	2020-08
ISL_583284	2020-08-25	USA	Michigan	N_America	0	2	7	14	B.1.2	2020-08
ISL_529891	2020-08-13	USA	Michigan	N_America	0	3	8	11	B.1.361	2020-08
ISL_583263	2020-08-28	USA	Michigan	N_America	0	4	4	9	B.1.243	2020-08
ISL_529883	2020-08-03	USA	Michigan	N_America	0	3	7	12	B.1.3	2020-08
ISL_529880	2020-08-03	USA	Michigan	N_America	0	2	12	15	B.1.2	2020-08
ISL_529892	2020-08-13	USA	Michigan	N_America	0	3	8	11	B.1.361	2020-08
ISL_529874	2020-08-05	USA	Michigan	N_America	0	5	7	13	B.1.369	2020-08
ISL_529876	2020-08-05	USA	Michigan	N_America	0	5	7	15	B.1.369	2020-08
ISL_583266	2020-08-28	USA	Michigan	N_America	0	4	3	10	B.1	2020-08
ISL_529869	2020-08-04	USA	Michigan	N_America	0	3	8	11	B.1.361	2020-08
ISL_583272	2020-08-27	USA	Michigan	N_America	0	4	14	21	B.1.2	2020-08
ISL_583262	2020-08-28	USA	Michigan	N_America	0	5	4	10	B.1.240	2020-08
ISL_566027	2020-08-12	USA	Michigan	N_America	0	2	4	10	B.1.1.29	2020-08
ISL_583278	2020-08-29	USA	Michigan	N_America	0	1	11	13	B.1.361	2020-08
ISL_583261	2020-08-25	USA	Michigan	N_America	0	5	7	17	B.1.363	2020-08
ISL_566032	2020-08-15	USA	Michigan	N_America	0	3	8	12	B.1.361	2020-08
ISL_577556	2020-08-20	USA	Michigan	N_America	0	5	4	13	B.1.1.72	2020-08
ISL_583251	2020-08-26	USA	Michigan	N_America	0	3	4	9	B.1	2020-08
ISL_577573	2020-08-28	USA	Michigan	N_America	0	2	6	10	B.1.361	2020-08
ISL_583267	2020-08-26	USA	Michigan	N_America	0	4	14	21	B.1.2	2020-08
ISL_583258	2020-08-19	USA	Michigan	N_America	0	2	3	8	B.1	2020-08
ISL_583288	2020-08-28	USA	Michigan	N_America	0	4	14	20	B.1.2	2020-08
ISL_529895	2020-08-13	USA	Michigan	N_America	0	3	8	11	B.1.361	2020-08
ISL_583299	2020-08-31	USA	Michigan	N_America	0	1	6	10	B.1.2	2020-08
ISL_583374	2020-09-17	USA	Michigan	N_America	0	1	6	8	B.1	2020-09
ISL_583348	2020-09-15	USA	Michigan	N_America	0	3	2	5	B.1.240	2020-09
ISL_596581	2020-09-29	USA	Michigan	N_America	0	3	7	10	B.1	2020-09
ISL_590702	2020-09-25	USA	Michigan	N_America	0	2	12	18	B.1.2	2020-09
ISL_583416	2020-09-22	USA	Michigan	N_America	0	1	12	17	B.1.2	2020-09
ISL_583406	2020-09-23	USA	Michigan	N_America	0	4	4	8	B.1.240	2020-09
ISL_590710	2020-09-25	USA	Michigan	N_America	0	4	14	20	B.1.2	2020-09
ISL_583307	2020-09-01	USA	Michigan	N_America	0	6	4	14	B.1.240	2020-09
ISL_583386	2020-09-10	USA	Michigan	N_America	0	2	5	18	B.1.1.207	2020-09
ISL_583423	2020-09-25	USA	Michigan	N_America	0	3	7	10	B.1	2020-09
ISL_583397	2020-09-11	USA	Michigan	N_America	0	4	4	8	B.1.240	2020-09
ISL_577582	2020-09-08	USA	Michigan	N_America	0	2	4	10	B.1.1.29	2020-09
ISL_577592	2020-09-15	USA	Michigan	N_America	0	3	5	13	B.1.1.222	2020-09
ISL_583300	2020-09-01	USA	Michigan	N_America	0	2	8	13	B.1	2020-09
ISL_583530	2020-09-23	USA	Michigan	N_America	0	4	3	10	B.1.240	2020-09
ISL_583518	2020-09-28	USA	Michigan	N_America	0	1	11	16	B.1.2	2020-09
ISL_583379	2020-09-19	USA	Michigan	N_America	0	4	4	16	B.1.36	2020-09
ISL_583521	2020-09-28	USA	Michigan	N_America	0	4	4	8	B.1.240	2020-09
ISL_583391	2020-09-10	USA	Michigan	N_America	0	4	4	8	B.1.240	2020-09
ISL_583376	2020-09-19	USA	Michigan	N_America	0	2	5	19	B.1.1.207	2020-09
ISL_576216	2020-09-26	USA	Michigan	N_America	0	2	11	14	B.1.2	2020-09
ISL_590701	2020-09-24	USA	Michigan	N_America	0	2	13	15	B.1.2	2020-09
ISL_590707	2020-09-26	USA	Michigan	N_America	0	4	3	8	B.1	2020-09
ISL_583372	2020-09-17	USA	Michigan	N_America	0	2	4	15	B.1.232	2020-09
ISL_583355	2020-09-15	USA	Michigan	N_America	0	1	5	9	B.1.265	2020-09
ISL_576220	2020-09-26	USA	Michigan	N_America	0	2	11	13	B.1.2	2020-09
ISL_583330	2020-09-09	USA	Michigan	N_America	0	2	8	10	B.1	2020-09
ISL_590743	2020-09-30	USA	Michigan	N_America	0	2	12	16	B.1.2	2020-09
ISL_583517	2020-09-28	USA	Michigan	N_America	0	4	3	11	B.1.240	2020-09
ISL_583343	2020-09-09	USA	Michigan	N_America	0	4	4	8	B.1	2020-09
ISL_583323	2020-09-03	USA	Michigan	N_America	0	4	3	8	B.1	2020-09
ISL_590717	2020-09-24	USA	Michigan	N_America	0	1	12	17	B.1.2	2020-09
ISL_583290	2020-09-02	USA	Michigan	N_America	0	2	13	15	B.1.2	2020-09
ISL_583516	2020-09-28	USA	Michigan	N_America	0	1	4	9	B.1	2020-09
ISL_583413	2020-09-21	USA	Michigan	N_America	0	3	7	10	B.1	2020-09
ISL_576221	2020-09-26	USA	Michigan	N_America	0	2	12	14	B.1.2	2020-09
ISL_590731	2020-09-28	USA	Michigan	N_America	0	1	12	17	B.1.2	2020-09
ISL_583335	2020-09-09	USA	Michigan	N_America	0	4	4	8	B.1	2020-09
ISL_583382	2020-09-17	USA	Michigan	N_America	0	1	11	16	B.1.361	2020-09
ISL_576208	2020-09-26	USA	Michigan	N_America	0	2	12	15	B.1.2	2020-09
ISL_590737	2020-09-28	USA	Michigan	N_America	0	3	8	15	B.1	2020-09
ISL_583354	2020-09-15	USA	Michigan	N_America	0	3	7	10	B.1	2020-09
ISL_583418	2020-09-22	USA	Michigan	N_America	0	3	7	10	B.1	2020-09
ISL_583414	2020-09-21	USA	Michigan	N_America	0	2	13	16	B.1.2	2020-09
ISL_583515	2020-09-28	USA	Michigan	N_America	0	2	3	11	B.1	2020-09
ISL_614178	2020-09-30	USA	Michigan	N_America	0	2	4	12	B.1.1.250	2020-09
ISL_590725	2020-09-26	USA	Michigan	N_America	0	3	12	15	B.1.361	2020-09
ISL_583425	2020-09-25	USA	Michigan	N_America	0	2	6	10	B.1.361	2020-09
ISL_583331	2020-09-10	USA	Michigan	N_America	0	2	8	10	B.1	2020-09
ISL_576200	2020-09-26	USA	Michigan	N_America	0	2	11	14	B.1.2	2020-09
ISL_583510	2020-09-18	USA	Michigan	N_America	0	3	5	13	B.1.448	2020-09
ISL_577553	2020-09-02	USA	Michigan	N_America	0	3	10	16	B.1.2	2020-09
ISL_577585	2020-09-14	USA	Michigan	N_America	0	2	12	14	B.1.2	2020-09
ISL_583313	2020-09-01	USA	Michigan	N_America	0	1	6	18	B.1	2020-09
ISL_583365	2020-09-16	USA	Michigan	N_America	0	2	13	15	B.1.2	2020-09
ISL_583332	2020-09-08	USA	Michigan	N_America	0	3	5	9	B.1.361	2020-09
ISL_583340	2020-09-09	USA	Michigan	N_America	0	3	4	8	B.1.1.72	2020-09
ISL_577577	2020-09-02	USA	Michigan	N_America	0	2	4	13	B.1.485	2020-09
ISL_583380	2020-09-18	USA	Michigan	N_America	0	2	7	12	B.1.2	2020-09
ISL_590719	2020-09-25	USA	Michigan	N_America	0	4	14	19	B.1.2	2020-09
ISL_583392	2020-09-11	USA	Michigan	N_America	0	3	5	12	B.1.1.29	2020-09
ISL_590712	2020-09-24	USA	Michigan	N_America	0	3	7	11	B.1	2020-09
ISL_583363	2020-09-17	USA	Michigan	N_America	0	3	7	10	B.1	2020-09
ISL_577591	2020-09-15	USA	Michigan	N_America	0	3	5	14	B.1.1.222	2020-09
ISL_614168	2020-09-30	USA	Michigan	N_America	0	5	4	13	B.1.1.72	2020-09
ISL_576206	2020-09-26	USA	Michigan	N_America	0	2	11	13	B.1.2	2020-09
ISL_583345	2020-09-08	USA	Michigan	N_America	0	3	11	16	B.1.2	2020-09
ISL_576202	2020-09-26	USA	Michigan	N_America	0	2	11	13	B.1.2	2020-09
ISL_583507	2020-09-21	USA	Michigan	N_America	0	3	10	13	B.1.361	2020-09
ISL_590733	2020-09-27	USA	Michigan	N_America	0	3	11	14	B.1.361	2020-09
ISL_583346	2020-09-09	USA	Michigan	N_America	0	4	4	8	B.1	2020-09
ISL_583362	2020-09-18	USA	Michigan	N_America	0	3	7	10	B.1	2020-09
ISL_590740	2020-09-29	USA	Michigan	N_America	0	3	7	11	B.1	2020-09
ISL_583326	2020-09-04	USA	Michigan	N_America	0	2	9	12	B.1.2	2020-09
ISL_583318	2020-09-05	USA	Michigan	N_America	0	4	6	12	B.1.240	2020-09
ISL_583393	2020-09-12	USA	Michigan	N_America	0	3	7	10	B.1	2020-09
ISL_583292	2020-09-01	USA	Michigan	N_America	0	2	8	12	B.1.509	2020-09
ISL_583375	2020-09-18	USA	Michigan	N_America	0	3	6	10	B.1.361	2020-09
ISL_590715	2020-09-25	USA	Michigan	N_America	0	4	12	17	B.1.361	2020-09
ISL_583415	2020-09-23	USA	Michigan	N_America	0	4	4	8	B.1	2020-09
ISL_583405	2020-09-24	USA	Michigan	N_America	0	3	7	10	B.1	2020-09
ISL_577549	2020-09-01	USA	Michigan	N_America	0	3	4	8	B.1.1.29	2020-09
ISL_583407	2020-09-21	USA	Michigan	N_America	0	4	6	12	B.1.240	2020-09
ISL_577576	2020-09-02	USA	Michigan	N_America	0	2	4	14	B.1.485	2020-09
ISL_583523	2020-09-22	USA	Michigan	N_America	0	8	8	16	B.1.369	2020-09
ISL_583369	2020-09-15	USA	Michigan	N_America	0	2	5	11	B.1.349	2020-09
ISL_583408	2020-09-22	USA	Michigan	N_America	0	3	7	11	B.1	2020-09
ISL_583511	2020-09-24	USA	Michigan	N_America	0	3	4	9	B.1.234	2020-09
ISL_583388	2020-09-14	USA	Michigan	N_America	0	3	7	10	B.1	2020-09
ISL_583409	2020-09-23	USA	Michigan	N_America	0	4	4	8	B.1	2020-09
ISL_577558	2020-09-11	USA	Michigan	N_America	0	4	4	8	B.1.240	2020-09
ISL_576201	2020-09-26	USA	Michigan	N_America	0	2	11	13	B.1.2	2020-09
ISL_583412	2020-09-23	USA	Michigan	N_America	0	4	4	8	B.1	2020-09
ISL_583370	2020-09-17	USA	Michigan	N_America	0	2	8	16	B.1	2020-09
ISL_583381	2020-09-18	USA	Michigan	N_America	0	2	5	11	B.1.448	2020-09
ISL_583306	2020-09-01	USA	Michigan	N_America	0	1	11	13	B.1.361	2020-09
ISL_577589	2020-09-01	USA	Michigan	N_America	0	2	5	10	B.1.349	2020-09
ISL_577575	2020-09-02	USA	Michigan	N_America	0	2	4	13	B.1.485	2020-09
ISL_577588	2020-09-01	USA	Michigan	N_America	0	2	5	12	B.1.369	2020-09
ISL_583321	2020-09-05	USA	Michigan	N_America	0	4	4	8	B.1	2020-09
ISL_614210	2020-10-12	USA	Michigan	N_America	0	3	7	11	B.1.509	2020-10
ISL_628847	2020-10-15	USA	Michigan	N_America	0	3	7	11	B.1	2020-10
ISL_640179	2020-10-21	USA	Michigan	N_America	0	5	14	19	B.1.2	2020-10
ISL_649995	2020-10-23	USA	Michigan	N_America	0	3	10	13	B.1.1.304	2020-10
ISL_682148	2020-10-30	USA	Michigan	N_America	0	2	7	21	B.1.2	2020-10
ISL_596607	2020-10-06	USA	Michigan	N_America	0	1	12	17	B.1.2	2020-10
ISL_614200	2020-10-15	USA	Michigan	N_America	0	3	11	17	B.1.361	2020-10
ISL_596609	2020-10-07	USA	Michigan	N_America	0	3	7	11	B.1	2020-10
ISL_596596	2020-10-06	USA	Michigan	N_America	0	2	13	16	B.1.2	2020-10
ISL_614192	2020-10-20	USA	Michigan	N_America	0	4	4	11	B.1.240	2020-10
ISL_596589	2020-10-06	USA	Michigan	N_America	0	2	13	16	B.1.2	2020-10
ISL_649988	2020-10-23	USA	Michigan	N_America	0	3	10	13	B.1.1.304	2020-10
ISL_640147	2020-10-20	USA	Michigan	N_America	0	3	10	13	B.1.1.304	2020-10
ISL_649985	2020-10-23	USA	Michigan	N_America	0	5	14	24	B.1.2	2020-10
ISL_649989	2020-10-23	USA	Michigan	N_America	0	3	10	14	B.1.1.304	2020-10
ISL_614218	2020-10-06	USA	Michigan	N_America	0	1	6	11	B.1.311	2020-10
ISL_649998	2020-10-22	USA	Michigan	N_America	0	3	10	14	B.1.1.304	2020-10
ISL_640193	2020-10-21	USA	Michigan	N_America	0	3	7	15	B.1.139	2020-10
ISL_640275	2020-10-22	USA	Michigan	N_America	0	3	4	17	B.1.110.3	2020-10
ISL_610113	2020-10-15	USA	Michigan	N_America	0	2	8	18	B.1.2	2020-10
ISL_640216	2020-10-24	USA	Michigan	N_America	0	3	7	11	B.1	2020-10
ISL_640145	2020-10-20	USA	Michigan	N_America	0	4	5	10	B.1.243	2020-10
ISL_614236	2020-10-15	USA	Michigan	N_America	0	3	7	13	B.1.139	2020-10
ISL_682113	2020-10-30	USA	Michigan	N_America	0	4	11	15	B.1.361	2020-10
ISL_610074	2020-10-13	USA	Michigan	N_America	0	3	10	13	B.1.1.304	2020-10
ISL_614226	2020-10-20	USA	Michigan	N_America	0	2	8	19	B.1.2	2020-10
ISL_610102	2020-10-14	USA	Michigan	N_America	0	3	8	11	B.1	2020-10
ISL_614219	2020-10-09	USA	Michigan	N_America	0	2	13	15	B.1.2	2020-10
ISL_682090	2020-10-29	USA	Michigan	N_America	0	8	8	16	B.1.369	2020-10
ISL_610049	2020-10-15	USA	Michigan	N_America	0	3	7	11	B.1	2020-10
ISL_682087	2020-10-29	USA	Michigan	N_America	0	6	5	18	B.1.1	2020-10
ISL_640212	2020-10-22	USA	Michigan	N_America	0	4	10	14	B.1.1.304	2020-10
ISL_650091	2020-10-28	USA	Michigan	N_America	0	8	8	18	B.1.369	2020-10
ISL_650063	2020-10-28	USA	Michigan	N_America	0	7	7	17	B.1.369	2020-10
ISL_640144	2020-10-20	USA	Michigan	N_America	0	3	5	16	B.1.1.222	2020-10
ISL_596624	2020-10-14	USA	Michigan	N_America	0	3	10	13	B.1.1.304	2020-10
ISL_628835	2020-10-15	USA	Michigan	N_America	0	3	10	13	B.1.1.304	2020-10
ISL_650109	2020-10-26	USA	Michigan	N_America	0	2	4	8	B.1	2020-10
ISL_640163	2020-10-22	USA	Michigan	N_America	0	2	7	16	B.1.139	2020-10
ISL_596590	2020-10-06	USA	Michigan	N_America	0	2	12	15	B.1.2	2020-10
ISL_614239	2020-10-19	USA	Michigan	N_America	0	1	4	15	B.1	2020-10
ISL_682135	2020-10-30	USA	Michigan	N_America	0	4	15	19	B.1.2	2020-10
ISL_666920	2020-10-30	USA	Michigan	N_America	0	3	3	10	B.1.243	2020-10
ISL_596626	2020-10-13	USA	Michigan	N_America	0	3	10	13	B.1.1.304	2020-10
ISL_650009	2020-10-25	USA	Michigan	N_America	0	3	5	16	B.1.1.222	2020-10
ISL_640189	2020-10-21	USA	Michigan	N_America	0	3	4	12	B.1.457.1	2020-10
ISL_614242	2020-10-17	USA	Michigan	N_America	0	4	14	21	B.1.2	2020-10
ISL_650083	2020-10-28	USA	Michigan	N_America	0	4	16	24	B.1.2	2020-10
ISL_650054	2020-10-28	USA	Michigan	N_America	0	4	14	19	B.1.2	2020-10
ISL_682092	2020-10-29	USA	Michigan	N_America	0	8	8	17	B.1.369	2020-10
ISL_628808	2020-10-15	USA	Michigan	N_America	0	3	10	13	B.1.1.304	2020-10
ISL_666925	2020-10-28	USA	Michigan	N_America	0	2	11	14	B.1.2	2020-10
ISL_682119	2020-10-29	USA	Michigan	N_America	0	2	13	16	B.1.2	2020-10
ISL_650068	2020-10-28	USA	Michigan	N_America	0	2	15	17	B.1.2	2020-10
ISL_610097	2020-10-13	USA	Michigan	N_America	0	3	7	11	B.1	2020-10
ISL_610246	2020-10-15	USA	Michigan	N_America	0	2	4	8	B.1	2020-10
ISL_610084	2020-10-12	USA	Michigan	N_America	0	3	10	14	B.1.1.304	2020-10
ISL_666938	2020-10-27	USA	Michigan	N_America	0	4	14	18	B.1.2	2020-10
ISL_650088	2020-10-29	USA	Michigan	N_America	0	3	14	20	B.1.2	2020-10
ISL_640176	2020-10-21	USA	Michigan	N_America	0	3	10	13	B.1.1.304	2020-10
ISL_628817	2020-10-16	USA	Michigan	N_America	0	3	11	17	B.1.361	2020-10
ISL_628851	2020-10-15	USA	Michigan	N_America	0	2	13	16	B.1.2	2020-10
ISL_644358	2020-10-26	USA	Michigan	N_America	0	3	12	19	B.1.2	2020-10
ISL_644366	2020-10-27	USA	Michigan	N_America	0	4	4	10	B.1.240	2020-10
ISL_614206	2020-10-05	USA	Michigan	N_America	0	3	11	15	B.1.361	2020-10
ISL_590722	2020-10-01	USA	Michigan	N_America	0	4	7	12	B.1	2020-10
ISL_628879	2020-10-19	USA	Michigan	N_America	0	3	10	13	B.1.1.304	2020-10
ISL_666939	2020-10-28	USA	Michigan	N_America	0	2	5	13	B.1.448	2020-10
ISL_596591	2020-10-05	USA	Michigan	N_America	0	3	9	12	B.1.521	2020-10
ISL_650056	2020-10-28	USA	Michigan	N_America	0	3	10	13	B.1.1.304	2020-10
ISL_628826	2020-10-15	USA	Michigan	N_America	0	3	7	13	B.1.139	2020-10
ISL_614164	2020-10-14	USA	Michigan	N_America	0	3	7	10	B.1.509	2020-10
ISL_614205	2020-10-20	USA	Michigan	N_America	0	3	10	13	B.1.361	2020-10
ISL_649979	2020-10-24	USA	Michigan	N_America	0	4	4	9	B.1.240	2020-10
ISL_640175	2020-10-21	USA	Michigan	N_America	0	2	12	16	B.1.2	2020-10
ISL_640143	2020-10-20	USA	Michigan	N_America	0	3	11	15	B.1.361	2020-10
ISL_650095	2020-10-29	USA	Michigan	N_America	0	3	7	10	B.1	2020-10
ISL_640158	2020-10-22	USA	Michigan	N_America	0	7	7	17	B.1.369	2020-10
ISL_650007	2020-10-23	USA	Michigan	N_America	0	3	10	13	B.1.1.304	2020-10
ISL_682150	2020-10-30	USA	Michigan	N_America	0	2	13	17	B.1.2	2020-10
ISL_610111	2020-10-14	USA	Michigan	N_America	0	1	11	14	B.1.2	2020-10
ISL_682151	2020-10-30	USA	Michigan	N_America	0	2	12	15	B.1.2	2020-10
ISL_666923	2020-10-16	USA	Michigan	N_America	0	3	7	10	B.1.509	2020-10
ISL_640173	2020-10-21	USA	Michigan	N_America	0	2	13	16	B.1.2	2020-10
ISL_682147	2020-10-30	USA	Michigan	N_America	0	8	9	18	B.1.369	2020-10
ISL_610099	2020-10-13	USA	Michigan	N_America	0	3	12	17	B.1.361	2020-10
ISL_650037	2020-10-26	USA	Michigan	N_America	0	8	9	19	B.1.369	2020-10
ISL_590721	2020-10-02	USA	Michigan	N_America	0	3	7	10	B.1	2020-10
ISL_682102	2020-10-27	USA	Michigan	N_America	0	2	13	15	B.1.2	2020-10
ISL_640202	2020-10-21	USA	Michigan	N_America	0	3	10	14	B.1.1.304	2020-10
ISL_650012	2020-10-23	USA	Michigan	N_America	0	3	10	14	B.1.1.304	2020-10
ISL_628822	2020-10-16	USA	Michigan	N_America	0	2	12	16	B.1.2	2020-10
ISL_590741	2020-10-02	USA	Michigan	N_America	0	3	7	11	B.1	2020-10
ISL_650032	2020-10-26	USA	Michigan	N_America	0	2	14	18	B.1.2	2020-10
ISL_628862	2020-10-18	USA	Michigan	N_America	0	3	10	13	B.1.1.304	2020-10
ISL_596621	2020-10-10	USA	Michigan	N_America	0	2	11	16	B.1.2	2020-10
ISL_682136	2020-10-31	USA	Michigan	N_America	0	1	11	15	B.1.2	2020-10
ISL_649993	2020-10-23	USA	Michigan	N_America	0	2	14	18	B.1.2	2020-10
ISL_884356	2020-10-04	USA	Michigan	N_America	0	2	13	17	B.1.2	2020-10
ISL_666914	2020-10-29	USA	Michigan	N_America	0	2	11	14	B.1.2	2020-10
ISL_707836	2020-11-05	USA	Michigan	N_America	0	2	5	15	B.1.369	2020-11
ISL_1133036	2020-11-20	USA	Michigan	N_America	0	2	12	16	B.1.2	2020-11
ISL_1133099	2020-11-23	USA	Michigan	N_America	0	3	7	14	B.1.234	2020-11
ISL_913250	2020-11-18	USA	Michigan	N_America	0	1	11	20	B.1.311	2020-11
ISL_767360	2020-11-14	USA	Michigan	N_America	0	4	3	10	B.1.240	2020-11
ISL_804740	2020-11-07	USA	Michigan	N_America	0	2	6	13	B.1.2	2020-11
ISL_846763	2020-11-14	USA	Michigan	N_America	0	3	10	14	B.1.1.304	2020-11
ISL_873140	2020-11-18	USA	Michigan	N_America	0	2	16	19	B.1.2	2020-11
ISL_826383	2020-11-10	USA	Michigan	N_America	0	4	4	10	B.1.243	2020-11
ISL_1118792	2020-11-24	USA	Michigan	N_America	0	3	3	8	B.1.78	2020-11
ISL_682212	2020-11-03	USA	Michigan	N_America	0	2	14	19	B.1.2	2020-11
ISL_737275	2020-11-06	USA	Michigan	N_America	0	2	6	10	B.1.361	2020-11
ISL_682198	2020-11-03	USA	Michigan	N_America	0	4	13	19	B.1.2	2020-11
ISL_804645	2020-11-18	USA	Michigan	N_America	0	3	10	18	B.1.2	2020-11
ISL_737179	2020-11-19	USA	Michigan	N_America	0	2	11	15	B.1.2	2020-11
ISL_708377	2020-11-09	USA	Michigan	N_America	0	2	5	11	B.1.448	2020-11
ISL_826438	2020-11-12	USA	Michigan	N_America	0	2	14	20	B.1.2	2020-11
ISL_826359	2020-11-09	USA	Michigan	N_America	0	3	11	19	B.1.2	2020-11
ISL_707841	2020-11-05	USA	Michigan	N_America	0	2	13	16	B.1.2	2020-11
ISL_1118734	2020-11-24	USA	Michigan	N_America	0	1	5	13	B.1.280	2020-11
ISL_804658	2020-11-18	USA	Michigan	N_America	0	3	5	21	B.1.1	2020-11
ISL_728418	2020-11-06	USA	Michigan	N_America	0	3	10	13	B.1.1.304	2020-11
ISL_751569	2020-11-07	USA	Michigan	N_America	0	1	4	7	B.1	2020-11
ISL_708252	2020-11-18	USA	Michigan	N_America	0	2	8	14	B.1	2020-11
ISL_1133095	2020-11-23	USA	Michigan	N_America	0	2	13	16	B.1.2	2020-11
ISL_913242	2020-11-18	USA	Michigan	N_America	0	3	4	20	B.1.1.29	2020-11
ISL_666911	2020-11-05	USA	Michigan	N_America	0	3	11	16	B.1.361	2020-11
ISL_708289	2020-11-10	USA	Michigan	N_America	0	2	11	15	B.1.2	2020-11
ISL_737172	2020-11-09	USA	Michigan	N_America	0	5	13	19	B.1.2	2020-11
ISL_682184	2020-11-02	USA	Michigan	N_America	0	3	10	14	B.1.1.304	2020-11
ISL_804776	2020-11-20	USA	Michigan	N_America	0	3	10	15	B.1.361	2020-11
ISL_708364	2020-11-09	USA	Michigan	N_America	0	3	7	18	B.1.139	2020-11
ISL_728401	2020-11-06	USA	Michigan	N_America	0	4	13	18	B.1.2	2020-11
ISL_826373	2020-11-09	USA	Michigan	N_America	0	3	7	15	B.1.139	2020-11
ISL_1133050	2020-11-20	USA	Michigan	N_America	0	4	11	17	B.1.361	2020-11
ISL_913117	2020-11-18	USA	Michigan	N_America	0	2	12	15	B.1.2	2020-11
ISL_682228	2020-11-03	USA	Michigan	N_America	0	4	15	23	B.1.2	2020-11
ISL_707877	2020-11-05	USA	Michigan	N_America	0	3	11	15	B.1.361	2020-11
ISL_1133027	2020-11-19	USA	Michigan	N_America	0	3	15	19	B.1.2	2020-11
ISL_728489	2020-11-10	USA	Michigan	N_America	0	1	11	18	B.1.2	2020-11
ISL_728478	2020-11-09	USA	Michigan	N_America	0	4	13	20	B.1.2	2020-11
ISL_826404	2020-11-10	USA	Michigan	N_America	0	1	11	19	B.1.2	2020-11
ISL_804772	2020-11-24	USA	Michigan	N_America	0	5	14	21	B.1.2	2020-11
ISL_1118721	2020-11-23	USA	Michigan	N_America	0	1	11	16	B.1.2	2020-11
ISL_682129	2020-11-02	USA	Michigan	N_America	0	3	12	16	B.1.361	2020-11
ISL_826428	2020-11-11	USA	Michigan	N_America	0	2	15	17	B.1.2	2020-11
ISL_710036	2020-11-05	USA	Michigan	N_America	0	5	14	20	B.1.2	2020-11
ISL_826439	2020-11-13	USA	Michigan	N_America	0	2	13	17	B.1.2	2020-11
ISL_747113	2020-11-07	USA	Michigan	N_America	0	3	12	17	B.1.361	2020-11
ISL_728429	2020-11-06	USA	Michigan	N_America	0	4	13	19	B.1.2	2020-11
ISL_728383	2020-11-06	USA	Michigan	N_America	0	5	14	20	B.1.2	2020-11
ISL_804668	2020-11-25	USA	Michigan	N_America	0	2	5	14	B.1.448	2020-11
ISL_1118812	2020-11-25	USA	Michigan	N_America	0	4	11	16	B.1.361	2020-11
ISL_1118753	2020-11-24	USA	Michigan	N_America	0	5	14	20	B.1.2	2020-11
ISL_1133009	2020-11-19	USA	Michigan	N_America	0	1	11	18	B.1.2	2020-11
ISL_708305	2020-11-09	USA	Michigan	N_America	0	3	6	13	B.1.361	2020-11
ISL_1133086	2020-11-23	USA	Michigan	N_America	0	1	11	19	B.1.2	2020-11
ISL_804764	2020-11-20	USA	Michigan	N_America	0	1	11	16	B.1.2	2020-11
ISL_1118712	2020-11-25	USA	Michigan	N_America	0	4	15	19	B.1.2	2020-11
ISL_708258	2020-11-09	USA	Michigan	N_America	0	2	8	14	B.1	2020-11
ISL_682108	2020-11-02	USA	Michigan	N_America	0	8	8	18	B.1.369	2020-11
ISL_804752	2020-11-25	USA	Michigan	N_America	0	3	11	18	B.1.2	2020-11
ISL_1404361	2020-11-18	USA	Michigan	N_America	0	2	8	20	B.1.2	2020-11
ISL_804795	2020-11-23	USA	Michigan	N_America	0	4	7	12	B.1.139	2020-11
ISL_728495	2020-11-09	USA	Michigan	N_America	0	1	11	15	B.1.2	2020-11
ISL_1118700	2020-11-24	USA	Michigan	N_America	0	4	14	20	B.1.2	2020-11
ISL_826360	2020-11-09	USA	Michigan	N_America	0	3	11	15	B.1.361	2020-11
ISL_1118778	2020-11-25	USA	Michigan	N_America	0	2	12	19	B.1.2	2020-11
ISL_710037	2020-11-03	USA	Michigan	N_America	0	4	13	20	B.1.2	2020-11
ISL_737196	2020-11-23	USA	Michigan	N_America	0	2	8	14	B.1	2020-11
ISL_826353	2020-11-11	USA	Michigan	N_America	0	2	6	12	B.1.369	2020-11
ISL_1118811	2020-11-25	USA	Michigan	N_America	0	4	11	16	B.1.361	2020-11
ISL_707811	2020-11-05	USA	Michigan	N_America	0	1	8	10	B.1	2020-11
ISL_1133060	2020-11-20	USA	Michigan	N_America	0	4	11	16	B.1.361	2020-11
ISL_737107	2020-11-30	USA	Michigan	N_America	0	1	9	16	B.1.311	2020-11
ISL_1133033	2020-11-20	USA	Michigan	N_America	0	3	13	20	B.1.2	2020-11
ISL_708298	2020-11-10	USA	Michigan	N_America	0	2	11	14	B.1.2	2020-11
ISL_708219	2020-11-17	USA	Michigan	N_America	0	2	12	14	B.1.2	2020-11
ISL_1133034	2020-11-20	USA	Michigan	N_America	0	3	12	17	B.1.2	2020-11
ISL_1118716	2020-11-23	USA	Michigan	N_America	0	2	3	12	B.1	2020-11
ISL_913203	2020-11-18	USA	Michigan	N_America	0	4	11	19	B.1.2	2020-11
ISL_728442	2020-11-07	USA	Michigan	N_America	0	4	13	18	B.1.2	2020-11
ISL_708248	2020-11-14	USA	Michigan	N_America	0	4	14	20	B.1.2	2020-11
ISL_728450	2020-11-09	USA	Michigan	N_America	0	2	14	20	B.1.2	2020-11
ISL_804809	2020-11-23	USA	Michigan	N_America	0	3	11	20	B.1.2	2020-11
ISL_737176	2020-11-29	USA	Michigan	N_America	0	4	13	21	B.1.2	2020-11
ISL_1133030	2020-11-19	USA	Michigan	N_America	0	4	11	21	B.1.2	2020-11
ISL_1133045	2020-11-20	USA	Michigan	N_America	0	4	12	20	B.1.2	2020-11
ISL_682227	2020-11-03	USA	Michigan	N_America	0	2	6	12	B.1.139	2020-11
ISL_1118717	2020-11-23	USA	Michigan	N_America	0	3	5	16	B.1.1.189	2020-11
ISL_728415	2020-11-06	USA	Michigan	N_America	0	4	11	16	B.1.361	2020-11
ISL_728412	2020-11-06	USA	Michigan	N_America	0	4	13	21	B.1.2	2020-11
ISL_826389	2020-11-10	USA	Michigan	N_America	0	4	12	18	B.1.2	2020-11
ISL_804712	2020-11-07	USA	Michigan	N_America	0	3	13	18	B.1.2	2020-11
ISL_737197	2020-11-27	USA	Michigan	N_America	0	4	10	15	B.1.361	2020-11
ISL_728514	2020-11-09	USA	Michigan	N_America	0	2	12	16	B.1.2	2020-11
ISL_737134	2020-11-20	USA	Michigan	N_America	0	3	11	14	B.1.361	2020-11
ISL_826357	2020-11-09	USA	Michigan	N_America	0	2	13	16	B.1.2	2020-11
ISL_737276	2020-11-13	USA	Michigan	N_America	0	4	13	24	B.1.2	2020-11
ISL_1118763	2020-11-24	USA	Michigan	N_America	0	2	4	13	B.1.1.59	2020-11
ISL_1314284	2020-12-17	USA	Michigan	N_America	0	1	4	11	B.1.298	2020-12
ISL_804707	2020-12-09	USA	Michigan	N_America	0	4	13	17	B.1.2	2020-12
ISL_1314277	2020-12-31	USA	Michigan	N_America	0	3	13	20	B.1.2	2020-12
ISL_824382	2020-12-01	USA	Michigan	N_America	0	3	13	16	B.1.361	2020-12
ISL_1291602	2020-12-31	USA	Michigan	N_America	0	3	14	20	B.1.2	2020-12
ISL_888046	2020-12-28	USA	Michigan	N_America	0	3	13	17	B.1.2	2020-12
ISL_737113	2020-12-01	USA	Michigan	N_America	0	2	10	14	B.1.2	2020-12
ISL_1314285	2020-12-16	USA	Michigan	N_America	0	2	14	18	B.1.2	2020-12
ISL_913624	2020-12-18	USA	Michigan	N_America	0	2	12	18	B.1.2	2020-12
ISL_913640	2020-12-29	USA	Michigan	N_America	0	3	4	16	B.1.457.1	2020-12
ISL_1314290	2020-12-04	USA	Michigan	N_America	0	1	10	17	B.1.2	2020-12
ISL_767361	2020-12-09	USA	Michigan	N_America	0	3	12	17	B.1.2	2020-12
ISL_737116	2020-12-03	USA	Michigan	N_America	0	3	10	14	B.1.361	2020-12
ISL_873134	2020-12-02	USA	Michigan	N_America	0	1	13	17	B.1.2	2020-12
ISL_888000	2020-12-24	USA	Michigan	N_America	0	4	14	19	B.1.2	2020-12
ISL_848057	2020-12-15	USA	Michigan	N_America	0	3	13	18	B.1.2	2020-12
ISL_1314292	2020-12-01	USA	Michigan	N_America	0	5	11	17	B.1.361	2020-12
ISL_913633	2020-12-23	USA	Michigan	N_America	0	2	12	14	B.1.2	2020-12
ISL_1404370	2020-12-10	USA	Michigan	N_America	0	5	8	13	B.1.243	2020-12
ISL_1314293	2020-12-01	USA	Michigan	N_America	0	2	13	16	B.1.2	2020-12
ISL_1314275	2020-12-31	USA	Michigan	N_America	0	3	14	20	B.1.2	2020-12
ISL_1291601	2020-12-26	USA	Michigan	N_America	0	3	14	20	B.1.2	2020-12
ISL_1404365	2020-12-05	USA	Michigan	N_America	0	5	8	13	B.1.243	2020-12
ISL_737112	2020-12-02	USA	Michigan	N_America	0	2	11	14	B.1.2	2020-12
ISL_1314270	2020-12-15	USA	Michigan	N_America	0	2	6	12	B.1.1.8	2020-12
ISL_1404364	2020-12-03	USA	Michigan	N_America	0	5	8	14	B.1.243	2020-12
ISL_737132	2020-12-01	USA	Michigan	N_America	0	4	10	14	B.1.361	2020-12
ISL_1314274	2020-12-31	USA	Michigan	N_America	0	3	13	26	B.1.2	2020-12
ISL_913639	2020-12-28	USA	Michigan	N_America	0	2	11	20	B.1.2	2020-12
ISL_767358	2020-12-07	USA	Michigan	N_America	0	3	6	14	B.1.234	2020-12
ISL_804694	2020-12-07	USA	Michigan	N_America	0	4	15	21	B.1.2	2020-12
ISL_1314278	2020-12-30	USA	Michigan	N_America	0	3	12	19	B.1.2	2020-12
ISL_1029737	2020-12-24	USA	Michigan	N_America	0	4	14	19	B.1.2	2020-12
ISL_913644	2020-12-30	USA	Michigan	N_America	0	2	12	18	B.1.2	2020-12
ISL_737145	2020-12-02	USA	Michigan	N_America	0	2	8	14	B.1	2020-12
ISL_737111	2020-12-01	USA	Michigan	N_America	0	4	11	16	B.1.361	2020-12
ISL_1404366	2020-12-05	USA	Michigan	N_America	0	5	8	14	B.1.243	2020-12
ISL_873125	2020-12-07	USA	Michigan	N_America	0	5	14	20	B.1.2	2020-12
ISL_1404369	2020-12-05	USA	Michigan	N_America	0	5	8	13	B.1.243	2020-12
ISL_737118	2020-12-02	USA	Michigan	N_America	0	3	12	17	B.1.2	2020-12
ISL_767354	2020-12-09	USA	Michigan	N_America	0	4	10	18	B.1.2	2020-12
ISL_1404372	2020-12-10	USA	Michigan	N_America	0	5	8	13	B.1.243	2020-12
ISL_913611	2020-12-28	USA	Michigan	N_America	0	2	12	15	B.1.2	2020-12
ISL_767359	2020-12-07	USA	Michigan	N_America	0	3	11	18	B.1.2	2020-12
ISL_1314286	2020-12-15	USA	Michigan	N_America	0	1	11	19	B.1.2	2020-12
ISL_913614	2020-12-29	USA	Michigan	N_America	0	4	11	16	B.1.361	2020-12
ISL_873133	2020-12-01	USA	Michigan	N_America	0	2	13	16	B.1.2	2020-12
ISL_804654	2020-12-10	USA	Michigan	N_America	0	2	11	17	B.1.2	2020-12
ISL_936805	2020-12-26	USA	Michigan	N_America	0	1	12	22	B.1.311	2020-12
ISL_804709	2020-12-18	USA	Michigan	N_America	0	1	11	22	B.1.2	2020-12
ISL_848023	2020-12-09	USA	Michigan	N_America	0	5	10	15	B.1.361	2020-12
ISL_873155	2020-12-18	USA	Michigan	N_America	0	3	5	16	B.1.1.29	2020-12
ISL_1404368	2020-12-05	USA	Michigan	N_America	0	5	8	14	B.1.243	2020-12
ISL_888842	2020-12-01	USA	Michigan	N_America	0	4	10	14	B.1.361	2020-12
ISL_1314291	2020-12-01	USA	Michigan	N_America	0	3	8	17	B.1.234	2020-12
ISL_737127	2020-12-02	USA	Michigan	N_America	0	3	12	18	B.1.2	2020-12
ISL_1404362	2020-12-02	USA	Michigan	N_America	0	5	8	13	B.1.243	2020-12
ISL_804706	2020-12-11	USA	Michigan	N_America	0	1	7	19	B.1.2	2020-12
ISL_804708	2020-12-03	USA	Michigan	N_America	0	3	13	16	B.1.2	2020-12
ISL_913613	2020-12-29	USA	Michigan	N_America	0	1	10	19	B.1.2	2020-12
ISL_888847	2020-12-29	USA	Michigan	N_America	0	4	12	18	B.1.2	2020-12
ISL_1314282	2020-12-28	USA	Michigan	N_America	0	4	11	18	B.1.361	2020-12
ISL_1314280	2020-12-29	USA	Michigan	N_America	0	3	13	18	B.1.2	2020-12
ISL_804656	2020-12-03	USA	Michigan	N_America	0	4	13	18	B.1.2	2020-12
ISL_804640	2020-12-03	USA	Michigan	N_America	0	2	12	14	B.1.2	2020-12
ISL_873129	2020-12-02	USA	Michigan	N_America	0	3	8	14	B.1.509	2020-12
ISL_913629	2020-12-21	USA	Michigan	N_America	0	2	11	16	B.1.2	2020-12
ISL_913634	2020-12-27	USA	Michigan	N_America	0	5	13	21	B.1.2	2020-12
ISL_737117	2020-12-01	USA	Michigan	N_America	0	4	10	14	B.1.361	2020-12
ISL_1314295	2020-12-01	USA	Michigan	N_America	0	1	10	16	B.1.311	2020-12
ISL_913636	2020-12-24	USA	Michigan	N_America	0	2	11	14	B.1.2	2020-12
ISL_1404371	2020-12-10	USA	Michigan	N_America	0	5	8	13	B.1.243	2020-12
ISL_1250415	2020-12-21	USA	Michigan	N_America	0	4	14	24	B.1.2	2020-12
ISL_1314289	2020-12-04	USA	Michigan	N_America	0	4	11	18	B.1.361	2020-12
ISL_1404373	2020-12-10	USA	Michigan	N_America	0	2	11	15	B.1.2	2020-12
ISL_804677	2020-12-11	USA	Michigan	N_America	0	3	10	19	B.1.2	2020-12
ISL_1404367	2020-12-05	USA	Michigan	N_America	0	5	8	13	B.1.243	2020-12
ISL_873161	2020-12-09	USA	Michigan	N_America	0	2	13	16	B.1.2	2020-12
ISL_737129	2020-12-02	USA	Michigan	N_America	0	2	8	14	B.1	2020-12
ISL_804649	2020-12-17	USA	Michigan	N_America	0	5	4	13	B.1.240	2020-12
ISL_1250421	2020-12-28	USA	Michigan	N_America	0	4	15	25	B.1.2	2020-12
ISL_886472	2020-12-31	USA	Michigan	N_America	0	4	12	18	B.1.2	2020-12
ISL_767355	2020-12-10	USA	Michigan	N_America	0	4	14	20	B.1.2	2020-12
ISL_767352	2020-12-10	USA	Michigan	N_America	0	4	10	14	B.1.361	2020-12
ISL_913631	2020-12-22	USA	Michigan	N_America	0	1	10	15	B.1.2	2020-12
ISL_737121	2020-12-01	USA	Michigan	N_America	0	4	10	14	B.1.361	2020-12
ISL_913630	2020-12-22	USA	Michigan	N_America	0	3	10	15	B.1.361	2020-12
ISL_1314288	2020-12-14	USA	Michigan	N_America	0	5	11	17	B.1.361	2020-12
ISL_1314283	2020-12-28	USA	Michigan	N_America	0	2	14	19	B.1.2	2020-12
ISL_913612	2020-12-28	USA	Michigan	N_America	0	3	13	25	B.1.2	2020-12
ISL_1314287	2020-12-15	USA	Michigan	N_America	0	4	13	20	B.1.2	2020-12
ISL_913632	2020-12-23	USA	Michigan	N_America	0	5	4	12	B.1.240	2020-12
ISL_1314264	2020-12-29	USA	Michigan	N_America	0	2	12	20	B.1.2	2020-12
ISL_737301	2020-12-07	USA	Michigan	N_America	0	2	8	14	B.1	2020-12
ISL_737123	2020-12-01	USA	Michigan	N_America	0	4	13	18	B.1.2	2020-12
ISL_913642	2020-12-29	USA	Michigan	N_America	0	4	13	21	B.1.2	2020-12
ISL_1314294	2020-12-01	USA	Michigan	N_America	0	1	13	17	B.1.2	2020-12
ISL_1404363	2020-12-02	USA	Michigan	N_America	0	5	8	13	B.1.243	2020-12
ISL_1029541	2020-12-28	USA	Michigan	N_America	0	3	13	17	B.1.2	2020-12
ISL_913627	2020-12-21	USA	Michigan	N_America	0	5	15	22	B.1.2	2020-12
ISL_886332	2021-01-04	USA	Michigan	N_America	0	4	15	22	B.1.2	2021-01
ISL_955853	2021-01-22	USA	Michigan	N_America	0	4	11	15	B.1.234	2021-01
ISL_1058819	2021-01-30	USA	Michigan	N_America	0	3	12	18	B.1.2	2021-01
ISL_913129	2021-01-12	USA	Michigan	N_America	0	2	14	18	B.1.2	2021-01
ISL_978692	2021-01-09	USA	Michigan	N_America	0	7	4	15	B.1.240	2021-01
ISL_1008835	2021-01-22	USA	Michigan	N_America	0	4	12	20	B.1.2	2021-01
ISL_1059230	2021-01-31	USA	Michigan	N_America	0	4	15	20	B.1.2	2021-01
ISL_955805	2021-01-19	USA	Michigan	N_America	0	2	12	19	B.1.2	2021-01
ISL_961552	2021-01-04	USA	Michigan	N_America	0	8	8	17	B.1.369	2021-01
ISL_961494	2021-01-16	USA	Michigan	N_America	0	3	4	12	B.1.396	2021-01
ISL_1095283	2021-01-12	USA	Michigan	N_America	0	1	13	19	B.1.2	2021-01
ISL_911376	2021-01-27	USA	Michigan	N_America	0	2	16	22	B.1.2	2021-01
ISL_1014890	2021-01-29	USA	Michigan	N_America	0	4	11	15	B.1.234	2021-01
ISL_961551	2021-01-06	USA	Michigan	N_America	0	4	5	11	B.1.240	2021-01
ISL_1058917	2021-01-26	USA	Michigan	N_America	0	1	3	4	B.1.196	2021-01
ISL_1058906	2021-01-26	USA	Michigan	N_America	0	1	12	20	B.1.2	2021-01
ISL_873091	2021-01-06	USA	Michigan	N_America	0	3	14	20	B.1.2	2021-01
ISL_955896	2021-01-26	USA	Michigan	N_America	0	7	20	33	B.1.1.7	2021-01
ISL_955825	2021-01-21	USA	Michigan	N_America	0	6	16	24	B.1.2	2021-01
ISL_961521	2021-01-20	USA	Michigan	N_America	0	3	13	19	B.1.2	2021-01
ISL_955903	2021-01-26	USA	Michigan	N_America	0	4	15	19	B.1.2	2021-01
ISL_1058852	2021-01-29	USA	Michigan	N_America	0	5	14	23	B.1.2	2021-01
ISL_888667	2021-01-13	USA	Michigan	N_America	0	3	4	14	B.1.396	2021-01
ISL_955866	2021-01-27	USA	Michigan	N_America	0	4	14	22	B.1.2	2021-01
ISL_886347	2021-01-12	USA	Michigan	N_America	1	4	10	24	B.1.429	2021-01
ISL_1008773	2021-01-21	USA	Michigan	N_America	0	3	14	20	B.1.2	2021-01
ISL_873111	2021-01-06	USA	Michigan	N_America	0	5	14	22	B.1.2	2021-01
ISL_1086875	2021-01-25	USA	Michigan	N_America	0	3	13	20	B.1.2	2021-01
ISL_913167	2021-01-08	USA	Michigan	N_America	0	3	5	13	B.1.189	2021-01
ISL_1014802	2021-01-27	USA	Michigan	N_America	0	5	13	21	B.1.2	2021-01
ISL_1058885	2021-01-28	USA	Michigan	N_America	0	1	12	20	B.1.2	2021-01
ISL_1014989	2021-01-18	USA	Michigan	N_America	0	2	12	18	B.1.2	2021-01
ISL_886409	2021-01-08	USA	Michigan	N_America	0	2	11	20	B.1.2	2021-01
ISL_873156	2021-01-07	USA	Michigan	N_America	0	4	14	22	B.1.2	2021-01
ISL_888660	2021-01-25	USA	Michigan	N_America	0	4	15	19	B.1.2	2021-01
ISL_1008864	2021-01-20	USA	Michigan	N_America	0	1	11	18	B.1.2	2021-01
ISL_913199	2021-01-13	USA	Michigan	N_America	0	2	12	19	B.1.2	2021-01
ISL_1014771	2021-01-28	USA	Michigan	N_America	0	3	11	17	B.1.2	2021-01
ISL_888851	2021-01-14	USA	Michigan	N_America	0	7	22	32	B.1.1.7	2021-01
ISL_1008846	2021-01-28	USA	Michigan	N_America	0	4	15	24	B.1.2	2021-01
ISL_955795	2021-01-18	USA	Michigan	N_America	0	6	14	22	B.1.2	2021-01
ISL_1014785	2021-01-28	USA	Michigan	N_America	0	6	5	14	B.1.243	2021-01
ISL_873060	2021-01-04	USA	Michigan	N_America	0	2	5	14	B.1.369	2021-01
ISL_955893	2021-01-25	USA	Michigan	N_America	0	7	20	33	B.1.1.7	2021-01
ISL_955839	2021-01-18	USA	Michigan	N_America	0	3	7	11	B.1	2021-01
ISL_1029909	2021-01-03	USA	Michigan	N_America	0	1	11	20	B.1.2	2021-01
ISL_1008794	2021-01-24	USA	Michigan	N_America	0	2	12	24	B.1.2	2021-01
ISL_886516	2021-01-07	USA	Michigan	N_America	0	3	14	20	B.1.2	2021-01
ISL_955861	2021-01-22	USA	Michigan	N_America	0	4	11	15	B.1.234	2021-01
ISL_1014882	2021-01-26	USA	Michigan	N_America	0	4	11	15	B.1.234	2021-01
ISL_955831	2021-01-29	USA	Michigan	N_America	0	4	15	19	B.1.2	2021-01
ISL_961545	2021-01-16	USA	Michigan	N_America	0	2	10	18	B.1.2	2021-01
ISL_955901	2021-01-26	USA	Michigan	N_America	0	4	11	15	B.1.234	2021-01
ISL_873095	2021-01-06	USA	Michigan	N_America	0	3	5	16	B.1.1.109	2021-01
ISL_1008836	2021-01-22	USA	Michigan	N_America	0	2	12	22	B.1.2	2021-01
ISL_1058928	2021-01-21	USA	Michigan	N_America	0	2	16	23	B.1.2	2021-01
ISL_873107	2021-01-06	USA	Michigan	N_America	0	4	15	22	B.1.2	2021-01
ISL_955812	2021-01-19	USA	Michigan	N_America	0	4	15	21	B.1.2	2021-01
ISL_1008815	2021-01-21	USA	Michigan	N_America	0	8	24	32	B.1.1.7	2021-01
ISL_1008812	2021-01-25	USA	Michigan	N_America	0	1	12	21	B.1.2	2021-01
ISL_1008783	2021-01-22	USA	Michigan	N_America	0	2	11	14	B.1.2	2021-01
ISL_955786	2021-01-12	USA	Michigan	N_America	0	1	11	21	B.1.2	2021-01
ISL_1058850	2021-01-24	USA	Michigan	N_America	0	6	16	23	B.1.2	2021-01
ISL_961498	2021-01-07	USA	Michigan	N_America	0	4	12	16	B.1.2	2021-01
ISL_961512	2021-01-07	USA	Michigan	N_America	0	1	11	17	B.1.2	2021-01
ISL_913143	2021-01-08	USA	Michigan	N_America	0	4	15	22	B.1.2	2021-01
ISL_860728	2021-01-18	USA	Michigan	N_America	0	6	21	33	B.1.1.7	2021-01
ISL_967228	2021-01-11	USA	Michigan	N_America	0	2	16	20	B.1.2	2021-01
ISL_1058838	2021-01-28	USA	Michigan	N_America	0	2	12	19	B.1.2	2021-01
ISL_913161	2021-01-08	USA	Michigan	N_America	0	3	14	20	B.1.2	2021-01
ISL_1014825	2021-01-27	USA	Michigan	N_America	0	3	7	17	B.1.234	2021-01
ISL_955860	2021-01-22	USA	Michigan	N_America	0	3	11	18	B.1.2	2021-01
ISL_955898	2021-01-25	USA	Michigan	N_America	0	4	15	19	B.1.2	2021-01
ISL_961495	2021-01-20	USA	Michigan	N_America	0	2	11	15	B.1.2	2021-01
ISL_1008826	2021-01-22	USA	Michigan	N_America	0	5	11	18	B.1.1.222	2021-01
ISL_888849	2021-01-10	USA	Michigan	N_America	0	5	10	18	B.1.361	2021-01
ISL_888658	2021-01-25	USA	Michigan	N_America	0	7	21	35	B.1.1.7	2021-01
ISL_1058822	2021-01-30	USA	Michigan	N_America	0	4	9	16	B.1.234	2021-01
ISL_1008839	2021-01-27	USA	Michigan	N_America	0	3	14	21	B.1.2	2021-01
ISL_1058925	2021-01-21	USA	Michigan	N_America	0	3	5	12	B.1.36	2021-01
ISL_955873	2021-01-26	USA	Michigan	N_America	0	4	13	18	B.1.2	2021-01
ISL_913141	2021-01-12	USA	Michigan	N_America	0	2	12	20	B.1.2	2021-01
ISL_1008871	2021-01-27	USA	Michigan	N_America	0	4	13	22	B.1.2	2021-01
ISL_967330	2021-01-15	USA	Michigan	N_America	0	3	11	17	B.1.2	2021-01
ISL_913190	2021-01-14	USA	Michigan	N_America	0	3	12	18	B.1.2	2021-01
ISL_1014884	2021-01-26	USA	Michigan	N_America	0	4	15	20	B.1.2	2021-01
ISL_911382	2021-01-26	USA	Michigan	N_America	0	8	23	36	B.1.1.7	2021-01
ISL_1014772	2021-01-28	USA	Michigan	N_America	0	5	11	20	B.1.1.222	2021-01
ISL_1095094	2021-01-20	USA	Michigan	N_America	0	1	4	9	B.1	2021-01
ISL_913181	2021-01-11	USA	Michigan	N_America	0	2	7	12	B.1.369	2021-01
ISL_1058826	2021-01-25	USA	Michigan	N_America	0	2	6	20	B.1.241	2021-01
ISL_1095278	2021-01-08	USA	Michigan	N_America	0	4	14	22	B.1.2	2021-01
ISL_961544	2021-01-17	USA	Michigan	N_America	0	4	15	23	B.1.2	2021-01
ISL_1016651	2021-01-31	USA	Michigan	N_America	0	2	7	20	B.1.361	2021-01
ISL_1158426	2021-01-25	USA	Michigan	N_America	0	2	11	21	B.1.2	2021-01
ISL_873101	2021-01-07	USA	Michigan	N_America	0	4	15	24	B.1.2	2021-01
ISL_1014777	2021-01-26	USA	Michigan	N_America	0	6	16	24	B.1.2	2021-01
ISL_955801	2021-01-18	USA	Michigan	N_America	0	3	16	20	B.1.2	2021-01
ISL_1058890	2021-01-27	USA	Michigan	N_America	0	2	16	25	B.1.2	2021-01
ISL_959539	2021-01-18	USA	Michigan	N_America	0	2	4	18	B.1.110.3	2021-01
ISL_1158033	2021-02-08	USA	Michigan	N_America	0	4	14	21	B.1.2	2021-02
ISL_1233753	2021-02-23	USA	Michigan	N_America	0	4	10	15	B.1.234	2021-02
ISL_1158284	2021-02-09	USA	Michigan	N_America	0	3	14	24	B.1.2	2021-02
ISL_1200921	2021-02-22	USA	Michigan	N_America	0	4	12	17	B.1.350	2021-02
ISL_1289547	2021-02-28	USA	Michigan	N_America	0	7	27	34	B.1.1.7	2021-02
ISL_1158481	2021-02-05	USA	Michigan	N_America	0	1	11	26	B.1	2021-02
ISL_1233811	2021-02-23	USA	Michigan	N_America	1	3	8	23	B.1.427	2021-02
ISL_1268021	2021-02-18	USA	Michigan	N_America	0	3	14	21	B.1.2	2021-02
ISL_1250341	2021-02-14	USA	Michigan	N_America	0	4	17	22	B.1.2	2021-02
ISL_1058988	2021-02-08	USA	Michigan	N_America	0	4	11	15	B.1.234	2021-02
ISL_1059102	2021-02-11	USA	Michigan	N_America	0	4	15	19	B.1.2	2021-02
ISL_1260973	2021-02-25	USA	Michigan	N_America	0	4	11	16	B.1.234	2021-02
ISL_1158450	2021-02-09	USA	Michigan	N_America	0	2	12	17	B.1.2	2021-02
ISL_1200941	2021-02-15	USA	Michigan	N_America	0	4	15	19	B.1.2	2021-02
ISL_1196919	2021-02-22	USA	Michigan	N_America	0	5	11	16	B.1.234	2021-02
ISL_1158499	2021-02-10	USA	Michigan	N_America	0	7	28	35	B.1.1.7	2021-02
ISL_1158507	2021-02-11	USA	Michigan	N_America	0	7	28	35	B.1.1.7	2021-02
ISL_1200917	2021-02-24	USA	Michigan	N_America	0	8	23	37	B.1.1.7	2021-02
ISL_1267612	2021-02-14	USA	Michigan	N_America	0	4	11	17	B.1.234	2021-02
ISL_1158439	2021-02-08	USA	Michigan	N_America	0	2	14	16	B.1.2	2021-02
ISL_1200960	2021-02-20	USA	Michigan	N_America	0	4	15	22	B.1.2	2021-02
ISL_1261005	2021-02-25	USA	Michigan	N_America	0	6	18	28	B.1.1.7	2021-02
ISL_1283605	2021-02-26	USA	Michigan	N_America	0	5	14	22	B.1.2	2021-02
ISL_1158463	2021-02-09	USA	Michigan	N_America	0	3	5	25	B.1.160	2021-02
ISL_1158218	2021-02-02	USA	Michigan	N_America	0	1	11	19	B.1.2	2021-02
ISL_1059021	2021-02-10	USA	Michigan	N_America	0	4	11	16	B.1.234	2021-02
ISL_1250556	2021-02-08	USA	Michigan	N_America	0	8	24	32	B.1.1.7	2021-02
ISL_1200979	2021-02-22	USA	Michigan	N_America	1	3	10	26	B.1.429	2021-02
ISL_1270283	2021-02-22	USA	Michigan	N_America	0	2	16	19	B.1.2	2021-02
ISL_1200964	2021-02-17	USA	Michigan	N_America	0	4	11	15	B.1.234	2021-02
ISL_1262455	2021-02-12	USA	Michigan	N_America	0	4	11	16	B.1.234	2021-02
ISL_1200894	2021-02-13	USA	Michigan	N_America	0	4	11	15	B.1.234	2021-02
ISL_1059119	2021-02-10	USA	Michigan	N_America	0	4	14	22	B.1.2	2021-02
ISL_1158399	2021-02-04	USA	Michigan	N_America	0	3	13	19	B.1.2	2021-02
ISL_1059161	2021-02-07	USA	Michigan	N_America	0	4	15	19	B.1.2	2021-02
ISL_1200948	2021-02-17	USA	Michigan	N_America	0	3	11	19	B.1.2	2021-02
ISL_1134000	2021-02-10	USA	Michigan	N_America	0	3	13	17	B.1.2	2021-02
ISL_1059140	2021-02-08	USA	Michigan	N_America	0	4	15	19	B.1.2	2021-02
ISL_1158519	2021-02-12	USA	Michigan	N_America	0	7	28	35	B.1.1.7	2021-02
ISL_1089209	2021-02-06	USA	Michigan	N_America	0	3	14	19	B.1.2	2021-02
ISL_1014871	2021-02-02	USA	Michigan	N_America	0	4	11	15	B.1.234	2021-02
ISL_1158053	2021-02-12	USA	Michigan	N_America	0	2	15	17	B.1.2	2021-02
ISL_1262154	2021-02-22	USA	Michigan	N_America	0	2	13	17	B.1.2	2021-02
ISL_1196915	2021-02-16	USA	Michigan	N_America	0	4	11	16	B.1.234	2021-02
ISL_1268984	2021-02-20	USA	Michigan	N_America	0	2	7	18	B.1.2	2021-02
ISL_1158389	2021-02-05	USA	Michigan	N_America	0	2	12	20	B.1.2	2021-02
ISL_1270271	2021-02-22	USA	Michigan	N_America	0	2	13	24	B.1.2	2021-02
ISL_1261069	2021-02-13	USA	Michigan	N_America	0	4	11	15	B.1.234	2021-02
ISL_1250564	2021-02-21	USA	Michigan	N_America	0	7	27	34	B.1.1.7	2021-02
ISL_1367606	2021-02-27	USA	Michigan	N_America	0	2	16	23	B.1.2	2021-02
ISL_1200982	2021-02-23	USA	Michigan	N_America	0	4	15	21	B.1.2	2021-02
ISL_955938	2021-02-02	USA	Michigan	N_America	0	4	11	15	B.1.234	2021-02
ISL_1297953	2021-02-28	USA	Michigan	N_America	0	3	12	18	B.1.2	2021-02
ISL_1058753	2021-02-09	USA	Michigan	N_America	0	7	27	34	B.1.1.7	2021-02
ISL_1059108	2021-02-11	USA	Michigan	N_America	0	4	11	15	B.1.234	2021-02
ISL_1367709	2021-02-23	USA	Michigan	N_America	0	2	14	19	B.1.2	2021-02
ISL_1200910	2021-02-22	USA	Michigan	N_America	0	8	22	34	B.1.1.7	2021-02
ISL_1233818	2021-02-19	USA	Michigan	N_America	0	4	11	20	B.1.361	2021-02
ISL_1158466	2021-02-09	USA	Michigan	N_America	0	8	28	36	B.1.1.7	2021-02
ISL_1250433	2021-02-16	USA	Michigan	N_America	0	4	14	22	B.1.2	2021-02
ISL_1233768	2021-02-18	USA	Michigan	N_America	0	2	11	18	B.1.2	2021-02
ISL_1200870	2021-02-23	USA	Michigan	N_America	0	4	15	19	B.1.2	2021-02
ISL_1367886	2021-02-25	USA	Michigan	N_America	0	4	17	22	B.1.2	2021-02
ISL_1158328	2021-02-17	USA	Michigan	N_America	0	1	10	18	B.1.2	2021-02
ISL_1289625	2021-02-25	USA	Michigan	N_America	0	2	12	20	B.1.2	2021-02
ISL_1158316	2021-02-10	USA	Michigan	N_America	0	2	10	21	B.1.2	2021-02
ISL_1270272	2021-02-22	USA	Michigan	N_America	0	7	11	25	B.1.1.222	2021-02
ISL_1193734	2021-02-18	USA	Michigan	N_America	1	3	9	23	B.1.429	2021-02
ISL_1158213	2021-02-01	USA	Michigan	N_America	0	2	15	22	B.1.2	2021-02
ISL_1058995	2021-02-08	USA	Michigan	N_America	0	4	15	20	B.1.2	2021-02
ISL_1014858	2021-02-01	USA	Michigan	N_America	0	4	14	22	B.1.2	2021-02
ISL_1200974	2021-02-18	USA	Michigan	N_America	0	4	11	15	B.1.234	2021-02
ISL_1058798	2021-02-03	USA	Michigan	N_America	0	1	11	21	B.1.2	2021-02
ISL_1059211	2021-02-02	USA	Michigan	N_America	0	3	11	18	B.1.2	2021-02
ISL_1014868	2021-02-02	USA	Michigan	N_America	0	2	3	9	B.1	2021-02
ISL_1200904	2021-02-17	USA	Michigan	N_America	0	8	22	35	B.1.1.7	2021-02
ISL_1289527	2021-02-28	USA	Michigan	N_America	0	5	5	18	B.1.243	2021-02
ISL_1200914	2021-02-16	USA	Michigan	N_America	0	8	22	36	B.1.1.7	2021-02
ISL_1200938	2021-02-12	USA	Michigan	N_America	0	5	9	15	B.1.234	2021-02
ISL_1058719	2021-02-09	USA	Michigan	N_America	0	7	28	35	B.1.1.7	2021-02
ISL_1158369	2021-02-02	USA	Michigan	N_America	0	8	22	30	B.1.1.7	2021-02
ISL_1250325	2021-02-19	USA	Michigan	N_America	0	7	27	34	B.1.1.7	2021-02
ISL_1226304	2021-02-11	USA	Michigan	N_America	0	1	2	3	B.1	2021-02
ISL_1250353	2021-02-21	USA	Michigan	N_America	0	3	12	20	B.1.2	2021-02
ISL_1196904	2021-02-17	USA	Michigan	N_America	0	7	22	35	B.1.1.7	2021-02
ISL_955931	2021-02-02	USA	Michigan	N_America	0	4	11	17	B.1.234	2021-02
ISL_955927	2021-02-01	USA	Michigan	N_America	0	7	20	33	B.1.1.7	2021-02
ISL_1200913	2021-02-16	USA	Michigan	N_America	0	8	24	37	B.1.1.7	2021-02
ISL_1289601	2021-02-24	USA	Michigan	N_America	0	8	23	33	B.1.1.7	2021-02
ISL_1158321	2021-02-16	USA	Michigan	N_America	0	3	14	21	B.1.2	2021-02
ISL_1196912	2021-02-16	USA	Michigan	N_America	0	4	11	15	B.1.234	2021-02
ISL_1270577	2021-02-24	USA	Michigan	N_America	0	3	9	14	B.1	2021-02
ISL_1158052	2021-02-12	USA	Michigan	N_America	0	1	5	11	B.1.265	2021-02
ISL_1159607	2021-02-15	USA	Michigan	N_America	0	4	16	23	B.1.2	2021-02
ISL_1289639	2021-02-28	USA	Michigan	N_America	0	1	7	25	B.1.2	2021-02
ISL_1059005	2021-02-08	USA	Michigan	N_America	0	4	11	15	B.1.234	2021-02
ISL_1261021	2021-02-25	USA	Michigan	N_America	1	3	10	23	B.1.429	2021-02
ISL_1058954	2021-02-05	USA	Michigan	N_America	0	2	14	16	B.1.2	2021-02
ISL_1059074	2021-02-06	USA	Michigan	N_America	0	4	11	15	B.1.234	2021-02
ISL_1261105	2021-02-26	USA	Michigan	N_America	0	4	11	15	B.1.234	2021-02
ISL_1367889	2021-03-04	USA	Michigan	N_America	0	8	24	32	B.1.1.7	2021-03
ISL_1289768	2021-03-05	USA	Michigan	N_America	0	7	27	34	B.1.1.7	2021-03
ISL_1367391	2021-03-10	USA	Michigan	N_America	1	3	10	24	B.1.429	2021-03
ISL_1391834	2021-03-09	USA	Michigan	N_America	0	2	11	22	B.1.2	2021-03
ISL_1391488	2021-03-12	USA	Michigan	N_America	0	2	15	21	B.1.2	2021-03
ISL_1340331	2021-03-03	USA	Michigan	N_America	0	3	13	22	B.1.2	2021-03
ISL_1367360	2021-03-10	USA	Michigan	N_America	0	6	12	21	B.1.1.222	2021-03
ISL_1289558	2021-03-01	USA	Michigan	N_America	0	7	26	33	B.1.1.7	2021-03
ISL_1314759	2021-03-08	USA	Michigan	N_America	0	4	17	21	B.1.2	2021-03
ISL_1391702	2021-03-11	USA	Michigan	N_America	0	3	13	20	B.1.2	2021-03
ISL_1367900	2021-03-08	USA	Michigan	N_America	0	2	13	18	B.1.2	2021-03
ISL_1340693	2021-03-05	USA	Michigan	N_America	0	3	10	15	B.1	2021-03
ISL_1289776	2021-03-06	USA	Michigan	N_America	0	7	28	35	B.1.1.7	2021-03
ISL_1422866	2021-03-04	USA	Michigan	N_America	0	8	22	36	B.1.1.7	2021-03
ISL_1406264	2021-03-15	USA	Michigan	N_America	1	2	9	23	B.1.324	2021-03
ISL_1367851	2021-03-10	USA	Michigan	N_America	0	6	12	18	B.1	2021-03
ISL_1289778	2021-03-06	USA	Michigan	N_America	0	7	27	36	B.1.1.7	2021-03
ISL_1391585	2021-03-15	USA	Michigan	N_America	0	2	4	16	B.1.517	2021-03
ISL_1367672	2021-03-05	USA	Michigan	N_America	0	5	14	20	B.1.2	2021-03
ISL_1404307	2021-03-16	USA	Michigan	N_America	0	8	23	37	B.1.1.7	2021-03
ISL_1314595	2021-03-04	USA	Michigan	N_America	0	6	11	19	B.1.1.222	2021-03
ISL_1291588	2021-03-09	USA	Michigan	N_America	0	1	9	26	B.1	2021-03
ISL_1261042	2021-03-04	USA	Michigan	N_America	0	6	12	21	B.1.1.222	2021-03
ISL_1289741	2021-03-04	USA	Michigan	N_America	0	7	27	34	B.1.1.7	2021-03
ISL_1422877	2021-03-05	USA	Michigan	N_America	0	8	24	39	B.1.1.7	2021-03
ISL_1367830	2021-03-08	USA	Michigan	N_America	0	1	6	10	B.1	2021-03
ISL_1367846	2021-03-11	USA	Michigan	N_America	0	8	25	34	B.1.1.7	2021-03
ISL_1318322	2021-03-01	USA	Michigan	N_America	0	7	12	23	B.1.1.222	2021-03
ISL_1261048	2021-03-05	USA	Michigan	N_America	1	3	10	20	B.1.427	2021-03
ISL_1367792	2021-03-09	USA	Michigan	N_America	0	3	17	21	B.1.2	2021-03
ISL_1289592	2021-03-01	USA	Michigan	N_America	0	5	15	24	B.1.2	2021-03
ISL_1367780	2021-03-08	USA	Michigan	N_America	0	7	24	34	B.1.1.7	2021-03
ISL_1340245	2021-03-04	USA	Michigan	N_America	0	4	11	17	B.1.234	2021-03
ISL_1367783	2021-03-05	USA	Michigan	N_America	0	4	4	16	B.1.36	2021-03
ISL_1404261	2021-03-12	USA	Michigan	N_America	0	8	24	41	B.1.1.7	2021-03
ISL_1289655	2021-03-03	USA	Michigan	N_America	0	7	23	31	B.1.1.7	2021-03
ISL_1289689	2021-03-01	USA	Michigan	N_America	0	8	24	32	B.1.1.7	2021-03
ISL_1404289	2021-03-16	USA	Michigan	N_America	0	8	23	37	B.1.1.7	2021-03
ISL_1404306	2021-03-16	USA	Michigan	N_America	0	2	9	29	B.1	2021-03
ISL_1367847	2021-03-08	USA	Michigan	N_America	0	8	28	36	B.1.1.7	2021-03
ISL_1391878	2021-03-10	USA	Michigan	N_America	0	2	15	21	B.1.2	2021-03
ISL_1261008	2021-03-04	USA	Michigan	N_America	0	8	22	35	B.1.1.7	2021-03
ISL_1391881	2021-03-10	USA	Michigan	N_America	0	3	12	20	B.1.2	2021-03
ISL_1367171	2021-03-10	USA	Michigan	N_America	0	5	14	25	B.1.2	2021-03
ISL_1289779	2021-03-06	USA	Michigan	N_America	0	7	28	35	B.1.1.7	2021-03
ISL_1367870	2021-03-05	USA	Michigan	N_America	0	8	23	31	B.1.1.7	2021-03
ISL_1297666	2021-03-05	USA	Michigan	N_America	0	5	11	24	B.1.2	2021-03
ISL_1404287	2021-03-15	USA	Michigan	N_America	0	7	24	37	B.1.1.7	2021-03
ISL_1314832	2021-03-08	USA	Michigan	N_America	0	2	4	12	B.1.324	2021-03
ISL_1367394	2021-03-10	USA	Michigan	N_America	0	2	13	19	B.1.2	2021-03
ISL_1404249	2021-03-11	USA	Michigan	N_America	0	8	25	39	B.1.1.7	2021-03
ISL_1406261	2021-03-15	USA	Michigan	N_America	1	2	10	24	B.1.324	2021-03
ISL_1392309	2021-03-11	USA	Michigan	N_America	0	3	6	23	P.2	2021-03
ISL_1404317	2021-03-18	USA	Michigan	N_America	0	7	22	38	B.1.1.7	2021-03
ISL_1392361	2021-03-12	USA	Michigan	N_America	0	2	15	20	B.1.2	2021-03
ISL_1297657	2021-03-04	USA	Michigan	N_America	0	3	15	22	B.1.2	2021-03
ISL_1289617	2021-03-01	USA	Michigan	N_America	0	4	17	22	B.1.2	2021-03
ISL_1289760	2021-03-05	USA	Michigan	N_America	0	7	27	34	B.1.1.7	2021-03
ISL_1289643	2021-03-02	USA	Michigan	N_America	0	1	7	26	B.1.2	2021-03
ISL_1404285	2021-03-16	USA	Michigan	N_America	0	6	12	23	B.1.1.222	2021-03
ISL_1367777	2021-03-08	USA	Michigan	N_America	0	8	26	34	B.1.1.7	2021-03
ISL_1367906	2021-03-09	USA	Michigan	N_America	0	7	27	34	B.1.1.7	2021-03
ISL_1404255	2021-03-12	USA	Michigan	N_America	0	7	19	36	B.1.1.7	2021-03
ISL_1314622	2021-03-04	USA	Michigan	N_America	0	2	13	22	B.1.2	2021-03
ISL_1404315	2021-03-20	USA	Michigan	N_America	0	2	15	21	B.1.2	2021-03
ISL_1289708	2021-03-01	USA	Michigan	N_America	0	1	7	24	B.1.2	2021-03
ISL_1261115	2021-03-03	USA	Michigan	N_America	0	4	15	21	B.1.2	2021-03
ISL_1404314	2021-03-21	USA	Michigan	N_America	0	8	21	33	B.1.1.7	2021-03
ISL_1367740	2021-03-01	USA	Michigan	N_America	0	4	17	21	B.1.2	2021-03
ISL_1367841	2021-03-08	USA	Michigan	N_America	0	1	10	25	B.1.526	2021-03
ISL_1367836	2021-03-10	USA	Michigan	N_America	0	8	24	32	B.1.1.7	2021-03
ISL_1260982	2021-03-03	USA	Michigan	N_America	0	4	17	21	B.1.2	2021-03
ISL_1391497	2021-03-11	USA	Michigan	N_America	0	2	15	21	B.1.2	2021-03
ISL_1289649	2021-03-02	USA	Michigan	N_America	0	3	9	14	B.1	2021-03
ISL_1391500	2021-03-12	USA	Michigan	N_America	0	1	14	21	B.1.2	2021-03
ISL_1289654	2021-03-03	USA	Michigan	N_America	0	7	27	34	B.1.1.7	2021-03
ISL_1289772	2021-03-07	USA	Michigan	N_America	0	7	28	37	B.1.1.7	2021-03
ISL_1314269	2021-03-11	USA	Michigan	N_America	0	7	21	38	B.1.1.7	2021-03
ISL_1391502	2021-03-11	USA	Michigan	N_America	1	3	10	23	B.1.427	2021-03
ISL_1391529	2021-03-12	USA	Michigan	N_America	0	2	15	20	B.1.2	2021-03
ISL_1338176	2021-03-07	USA	Michigan	N_America	0	3	10	15	B.1	2021-03
ISL_1314572	2021-03-04	USA	Michigan	N_America	0	3	10	15	B.1	2021-03
ISL_1261047	2021-03-05	USA	Michigan	N_America	0	2	5	20	B.1.1.64	2021-03
ISL_1260996	2021-03-02	USA	Michigan	N_America	0	6	10	22	B.1.1.222	2021-03
ISL_1367409	2021-03-11	USA	Michigan	N_America	0	2	12	22	B.1.2	2021-03
ISL_1367825	2021-03-08	USA	Michigan	N_America	0	3	14	20	B.1.2	2021-03
ISL_1367905	2021-03-09	USA	Michigan	N_America	0	7	27	34	B.1.1.7	2021-03
ISL_1289608	2021-03-01	USA	Michigan	N_America	0	3	12	19	B.1.2	2021-03
ISL_1367864	2021-03-05	USA	Michigan	N_America	0	1	10	23	B.1	2021-03
ISL_1289556	2021-03-01	USA	Michigan	N_America	0	7	27	34	B.1.1.7	2021-03
ISL_1404350	2021-03-05	USA	Michigan	N_America	0	6	11	17	B.1.234	2021-03
ISL_1367739	2021-03-02	USA	Michigan	N_America	0	4	17	21	B.1.2	2021-03
ISL_1367901	2021-03-09	USA	Michigan	N_America	0	8	22	30	B.1.1.7	2021-03
ISL_1404349	2021-03-19	USA	Michigan	N_America	0	8	22	39	B.1.1.7	2021-03
ISL_1291606	2021-03-11	USA	Michigan	N_America	0	1	11	25	B.1.526	2021-03
ISL_1406260	2021-03-15	USA	Michigan	N_America	0	2	10	33	B.1	2021-03
ISL_1340445	2021-03-05	USA	Michigan	N_America	0	2	13	18	B.1.2	2021-03
ISL_1404256	2021-03-11	USA	Michigan	N_America	0	2	15	20	B.1.2	2021-03
ISL_1367782	2021-03-01	USA	Michigan	N_America	0	8	23	32	B.1.1.7	2021-03
ISL_1289761	2021-03-05	USA	Michigan	N_America	0	7	28	36	B.1.1.7	2021-03
