ISL_414476	2020-02-29	USA	New York	N_America	0	0	3	7	B.4	2020-02
ISL_525575	2020-02-29	USA	New York	N_America	0	0	3	8	B.4	2020-02
ISL_604359	2020-03-18	USA	New York	N_America	0	1	5	7	B.1.359	2020-03
ISL_605044	2020-03-14	USA	New York	N_America	1	1	6	8	B.1	2020-03
ISL_420572	2020-03-17	USA	New York	N_America	0	1	5	6	B.1.319	2020-03
ISL_456047	2020-03-27	USA	New York	N_America	0	1	4	5	B.1	2020-03
ISL_631880	2020-03-04	USA	New York	N_America	0	3	1	7	A.2	2020-03
ISL_450051	2020-03-17	USA	New York	N_America	0	1	4	6	B.1	2020-03
ISL_421618	2020-03-20	USA	New York	N_America	0	1	4	6	B.1	2020-03
ISL_571670	2020-03-16	USA	New York	N_America	0	1	4	6	B.1	2020-03
ISL_676782	2020-03-29	USA	New York	N_America	0	1	4	5	B.1	2020-03
ISL_604266	2020-03-15	USA	New York	N_America	1	1	6	9	B.1	2020-03
ISL_571681	2020-03-16	USA	New York	N_America	0	2	4	6	B.1	2020-03
ISL_421630	2020-03-18	USA	New York	N_America	0	1	4	7	B.1.332	2020-03
ISL_632007	2020-03-23	USA	New York	N_America	1	1	6	9	B.1	2020-03
ISL_632228	2020-03-29	USA	New York	N_America	1	1	6	8	B.1	2020-03
ISL_450084	2020-03-19	USA	New York	N_America	0	1	4	6	B.1	2020-03
ISL_435479	2020-03-30	USA	New York	N_America	1	1	6	9	B.1	2020-03
ISL_631892	2020-03-25	USA	New York	N_America	0	1	4	6	B.1	2020-03
ISL_427520	2020-03-18	USA	New York	N_America	0	1	4	7	B.1	2020-03
ISL_571675	2020-03-16	USA	New York	N_America	0	1	4	7	B.1	2020-03
ISL_631596	2020-03-26	USA	New York	N_America	0	2	3	8	B.1	2020-03
ISL_456007	2020-03-26	USA	New York	N_America	0	1	4	6	B.1	2020-03
ISL_451416	2020-03-26	USA	New York	N_America	0	1	4	7	B.1	2020-03
ISL_631808	2020-03-20	USA	New York	N_America	0	2	1	14	A.3	2020-03
ISL_604357	2020-03-17	USA	New York	N_America	0	1	4	5	B.1	2020-03
ISL_676750	2020-03-19	USA	New York	N_America	0	2	5	7	B.1.1.29	2020-03
ISL_451464	2020-03-21	USA	New York	N_America	0	1	4	5	B.1	2020-03
ISL_456041	2020-03-27	USA	New York	N_America	0	1	4	5	B.1	2020-03
ISL_421623	2020-03-20	USA	New York	N_America	0	1	4	7	B.1	2020-03
ISL_632016	2020-03-26	USA	New York	N_America	0	1	5	6	B.1.319	2020-03
ISL_632014	2020-03-25	USA	New York	N_America	0	1	4	5	B.1	2020-03
ISL_468583	2020-03-12	USA	New York	N_America	0	1	4	6	B.1	2020-03
ISL_418197	2020-03-15	USA	New York	N_America	0	1	4	6	B.1	2020-03
ISL_632073	2020-03-12	USA	New York	N_America	0	1	4	5	B.1	2020-03
ISL_632122	2020-03-19	USA	New York	N_America	0	1	4	6	B.1	2020-03
ISL_529034	2020-03-08	USA	New York	N_America	0	1	4	5	B.1	2020-03
ISL_456030	2020-03-27	USA	New York	N_America	0	1	4	6	B.1	2020-03
ISL_421388	2020-03-18	USA	New York	N_America	1	1	6	10	B.1	2020-03
ISL_631830	2020-03-14	USA	New York	N_America	0	1	7	8	B.1.319	2020-03
ISL_572013	2020-03-17	USA	New York	N_America	0	1	2	6	B.40	2020-03
ISL_604821	2020-03-16	USA	New York	N_America	0	1	4	5	B.1	2020-03
ISL_604715	2020-03-16	USA	New York	N_America	0	1	4	6	B.1	2020-03
ISL_632952	2020-03-27	USA	New York	N_America	0	1	4	5	B.1	2020-03
ISL_633070	2020-03-24	USA	New York	N_America	0	1	4	5	B.1	2020-03
ISL_421588	2020-03-18	USA	New York	N_America	0	1	4	5	B.1	2020-03
ISL_632008	2020-03-23	USA	New York	N_America	0	2	1	6	A	2020-03
ISL_450078	2020-03-19	USA	New York	N_America	0	2	3	7	B.1	2020-03
ISL_427585	2020-03-16	USA	New York	N_America	1	1	6	9	B.1.507	2020-03
ISL_451419	2020-03-26	USA	New York	N_America	0	1	4	5	B.1	2020-03
ISL_427590	2020-03-16	USA	New York	N_America	0	1	4	7	B.1	2020-03
ISL_605051	2020-03-14	USA	New York	N_America	0	1	4	6	B.1	2020-03
ISL_604252	2020-03-16	USA	New York	N_America	0	1	4	5	B.1	2020-03
ISL_444706	2020-03-31	USA	New York	N_America	0	1	5	7	B.1	2020-03
ISL_451433	2020-03-26	USA	New York	N_America	0	1	4	5	B.1	2020-03
ISL_571662	2020-03-16	USA	New York	N_America	1	1	6	8	B.1	2020-03
ISL_631995	2020-03-18	USA	New York	N_America	0	1	4	5	B.1	2020-03
ISL_430328	2020-03-30	USA	New York	N_America	0	1	4	5	B.1	2020-03
ISL_676781	2020-03-29	USA	New York	N_America	0	2	5	7	B.1.108	2020-03
ISL_632067	2020-03-11	USA	New York	N_America	0	1	2	3	B.1	2020-03
ISL_631881	2020-03-06	USA	New York	N_America	0	2	3	5	B.1	2020-03
ISL_632218	2020-03-29	USA	New York	N_America	0	1	4	6	B.1	2020-03
ISL_451665	2020-03-20	USA	New York	N_America	0	1	1	7	B.37	2020-03
ISL_632084	2020-03-12	USA	New York	N_America	0	1	4	5	B.1	2020-03
ISL_614294	2020-03-06	USA	New York	N_America	0	2	3	5	B.1	2020-03
ISL_430333	2020-03-30	USA	New York	N_America	0	1	4	5	B.1	2020-03
ISL_631594	2020-03-25	USA	New York	N_America	0	1	4	6	B.1	2020-03
ISL_430335	2020-03-30	USA	New York	N_America	0	1	5	6	B.1.448	2020-03
ISL_418198	2020-03-17	USA	New York	N_America	0	1	5	6	B.1.319	2020-03
ISL_421407	2020-03-18	USA	New York	N_America	0	2	5	7	B.1.108	2020-03
ISL_427552	2020-03-14	USA	New York	N_America	0	2	3	5	B.1	2020-03
ISL_631864	2020-03-12	USA	New York	N_America	1	1	6	8	B.1	2020-03
ISL_571985	2020-03-13	USA	New York	N_America	0	1	4	5	B.1	2020-03
ISL_467896	2020-03-15	USA	New York	N_America	0	1	5	6	B.1	2020-03
ISL_427532	2020-03-13	USA	New York	N_America	0	1	4	5	B.1	2020-03
ISL_450043	2020-03-16	USA	New York	N_America	0	1	5	6	B.1	2020-03
ISL_450045	2020-03-15	USA	New York	N_America	0	1	4	5	B.1	2020-03
ISL_450024	2020-03-18	USA	New York	N_America	0	1	4	6	B.1	2020-03
ISL_421594	2020-03-21	USA	New York	N_America	0	1	4	6	B.1	2020-03
ISL_421602	2020-03-21	USA	New York	N_America	0	1	4	5	B.1	2020-03
ISL_631863	2020-03-11	USA	New York	N_America	1	1	6	8	B.1	2020-03
ISL_468580	2020-03-12	USA	New York	N_America	0	1	1	6	B	2020-03
ISL_604260	2020-03-16	USA	New York	N_America	0	1	4	5	B.1	2020-03
ISL_422551	2020-03-20	USA	New York	N_America	0	2	5	7	B.1.108	2020-03
ISL_444664	2020-03-30	USA	New York	N_America	1	1	6	9	B.1	2020-03
ISL_571657	2020-03-17	USA	New York	N_America	0	2	3	5	B.1	2020-03
ISL_444629	2020-03-30	USA	New York	N_America	0	1	4	5	B.1	2020-03
ISL_525622	2020-03-16	USA	New York	N_America	0	2	5	7	B.1.1.29	2020-03
ISL_450125	2020-03-19	USA	New York	N_America	0	1	2	3	B.1	2020-03
ISL_632001	2020-03-20	USA	New York	N_America	0	1	4	5	B.1	2020-03
ISL_450068	2020-03-19	USA	New York	N_America	0	1	5	7	B.1	2020-03
ISL_631609	2020-03-29	USA	New York	N_America	1	1	6	9	B.1	2020-03
ISL_444675	2020-03-30	USA	New York	N_America	0	1	5	8	B.1	2020-03
ISL_631827	2020-03-13	USA	New York	N_America	0	1	4	5	B.1	2020-03
ISL_479671	2020-03-25	USA	New York	N_America	0	1	4	6	B.1	2020-03
ISL_422503	2020-03-19	USA	New York	N_America	1	1	6	9	B.1.507	2020-03
ISL_605043	2020-03-15	USA	New York	N_America	0	2	4	8	B.1	2020-03
ISL_456042	2020-03-25	USA	New York	N_America	0	2	4	7	B.1.1.29	2020-03
ISL_450160	2020-03-20	USA	New York	N_America	0	2	5	8	B.1.108	2020-03
ISL_632137	2020-03-20	USA	New York	N_America	0	1	2	3	B.1	2020-03
ISL_632030	2020-03-30	USA	New York	N_America	0	1	4	6	B.1.413	2020-03
ISL_444774	2020-03-17	USA	New York	N_America	0	1	4	6	B.1	2020-03
ISL_430433	2020-04-13	USA	New York	N_America	0	2	5	9	B.1.1.64	2020-04
ISL_631639	2020-04-04	USA	New York	N_America	0	1	5	7	B.1	2020-04
ISL_430387	2020-04-08	USA	New York	N_America	0	1	5	6	B.1	2020-04
ISL_1009328	2020-04-10	USA	New York	N_America	0	1	1	5	A.1	2020-04
ISL_435515	2020-04-20	USA	New York	N_America	1	1	6	9	B.1	2020-04
ISL_427510	2020-04-03	USA	New York	N_America	0	2	3	5	B.1	2020-04
ISL_631731	2020-04-15	USA	New York	N_America	0	1	4	5	B.1	2020-04
ISL_444613	2020-04-03	USA	New York	N_America	0	1	1	6	B.37	2020-04
ISL_826609	2020-04-03	USA	New York	N_America	0	1	4	8	B.1	2020-04
ISL_435545	2020-04-23	USA	New York	N_America	0	2	5	8	B.1.108	2020-04
ISL_424941	2020-04-01	USA	New York	N_America	0	1	4	7	B.1	2020-04
ISL_444769	2020-04-06	USA	New York	N_America	0	1	4	6	B.1	2020-04
ISL_424945	2020-04-01	USA	New York	N_America	0	1	4	6	B.1	2020-04
ISL_826611	2020-04-15	USA	New York	N_America	0	2	3	5	B.1	2020-04
ISL_548244	2020-04-15	USA	New York	N_America	0	1	4	8	B.1.413	2020-04
ISL_676880	2020-04-23	USA	New York	N_America	0	2	3	7	B.1	2020-04
ISL_826634	2020-04-15	USA	New York	N_America	1	1	6	9	B.1	2020-04
ISL_961313	2020-04-15	USA	New York	N_America	0	2	4	7	B.1.1.29	2020-04
ISL_802008	2020-04-10	USA	New York	N_America	0	1	6	7	B.1.319	2020-04
ISL_444745	2020-04-02	USA	New York	N_America	0	1	3	6	B.1.383	2020-04
ISL_631636	2020-04-03	USA	New York	N_America	1	1	6	10	B.1	2020-04
ISL_467385	2020-04-10	USA	New York	N_America	0	1	4	6	B.1	2020-04
ISL_424933	2020-04-01	USA	New York	N_America	0	2	5	7	B.1.1.208	2020-04
ISL_467394	2020-04-26	USA	New York	N_America	0	1	4	7	B.1.413	2020-04
ISL_1009400	2020-04-29	USA	New York	N_America	0	1	4	7	B.1	2020-04
ISL_525660	2020-04-08	USA	New York	N_America	0	2	4	7	B.1	2020-04
ISL_424944	2020-04-01	USA	New York	N_America	0	1	5	7	B.1	2020-04
ISL_428787	2020-04-06	USA	New York	N_America	0	1	5	10	B.1	2020-04
ISL_1009333	2020-04-14	USA	New York	N_America	0	2	5	9	B.1.1.29	2020-04
ISL_428788	2020-04-06	USA	New York	N_America	0	1	4	6	B.1	2020-04
ISL_1009379	2020-04-20	USA	New York	N_America	0	2	4	8	B.1	2020-04
ISL_435505	2020-04-15	USA	New York	N_America	0	2	3	6	B.1	2020-04
ISL_826629	2020-04-15	USA	New York	N_America	0	1	4	5	B.1	2020-04
ISL_631850	2020-04-09	USA	New York	N_America	0	1	5	6	B.1.334	2020-04
ISL_435539	2020-04-21	USA	New York	N_America	0	1	5	6	B.1	2020-04
ISL_676978	2020-04-18	USA	New York	N_America	0	1	4	6	B.1	2020-04
ISL_444759	2020-04-03	USA	New York	N_America	0	1	5	8	B.1	2020-04
ISL_430393	2020-04-09	USA	New York	N_America	0	1	4	5	B.1	2020-04
ISL_676962	2020-04-04	USA	New York	N_America	0	1	4	6	B.1	2020-04
ISL_826601	2020-04-15	USA	New York	N_America	0	1	4	5	B.1	2020-04
ISL_444720	2020-04-03	USA	New York	N_America	0	1	5	6	B.1	2020-04
ISL_583436	2020-04-13	USA	New York	N_America	0	1	4	7	B.1	2020-04
ISL_435512	2020-04-15	USA	New York	N_America	0	1	4	6	B.1	2020-04
ISL_961315	2020-04-15	USA	New York	N_America	0	1	4	5	B.1	2020-04
ISL_444735	2020-04-02	USA	New York	N_America	0	1	4	6	B.1	2020-04
ISL_802010	2020-04-10	USA	New York	N_America	0	1	4	5	B.1	2020-04
ISL_802015	2020-04-12	USA	New York	N_America	0	1	4	7	B.1	2020-04
ISL_435510	2020-04-14	USA	New York	N_America	0	2	5	10	B.1.332	2020-04
ISL_802039	2020-04-29	USA	New York	N_America	1	1	6	11	B.1	2020-04
ISL_631927	2020-04-04	USA	New York	N_America	0	1	4	5	B.1	2020-04
ISL_631929	2020-04-06	USA	New York	N_America	0	1	4	5	B.1	2020-04
ISL_676967	2020-04-17	USA	New York	N_America	0	1	4	7	B.1	2020-04
ISL_428759	2020-04-03	USA	New York	N_America	0	2	3	6	B.1	2020-04
ISL_676815	2020-04-07	USA	New York	N_America	0	1	5	6	B.1.319	2020-04
ISL_427492	2020-04-01	USA	New York	N_America	0	1	4	6	B.1	2020-04
ISL_426621	2020-04-01	USA	New York	N_America	1	1	6	8	B.1	2020-04
ISL_427513	2020-04-03	USA	New York	N_America	1	2	7	10	B.1	2020-04
ISL_435498	2020-04-07	USA	New York	N_America	0	2	3	5	B.1	2020-04
ISL_548243	2020-04-11	USA	New York	N_America	0	1	4	6	B.1	2020-04
ISL_631725	2020-04-13	USA	New York	N_America	0	1	4	6	B.1	2020-04
ISL_583441	2020-04-13	USA	New York	N_America	0	2	4	7	B.1.1.29	2020-04
ISL_631632	2020-04-03	USA	New York	N_America	0	1	4	5	B.1	2020-04
ISL_1009376	2020-04-17	USA	New York	N_America	0	1	4	7	B.1	2020-04
ISL_583432	2020-04-02	USA	New York	N_America	0	1	4	7	B.1	2020-04
ISL_444615	2020-04-03	USA	New York	N_America	0	1	4	7	B.1	2020-04
ISL_802022	2020-04-14	USA	New York	N_America	1	1	6	10	B.1	2020-04
ISL_802037	2020-04-25	USA	New York	N_America	0	1	4	7	B.1	2020-04
ISL_435535	2020-04-16	USA	New York	N_America	1	1	6	10	B.1	2020-04
ISL_676965	2020-04-20	USA	New York	N_America	0	1	4	7	B.1	2020-04
ISL_430369	2020-04-08	USA	New York	N_America	0	1	5	6	B.1	2020-04
ISL_427471	2020-04-01	USA	New York	N_America	0	2	3	6	B.1	2020-04
ISL_430421	2020-04-13	USA	New York	N_America	0	1	4	6	B.1.302	2020-04
ISL_631717	2020-04-18	USA	New York	N_America	1	1	6	9	B.1	2020-04
ISL_444710	2020-04-01	USA	New York	N_America	0	1	4	5	B.1	2020-04
ISL_430367	2020-04-07	USA	New York	N_America	1	1	6	9	B.1	2020-04
ISL_631695	2020-04-12	USA	New York	N_America	0	2	3	6	B.1	2020-04
ISL_961314	2020-04-15	USA	New York	N_America	0	2	2	4	B.1.1.161	2020-04
ISL_961300	2020-04-15	USA	New York	N_America	1	1	6	8	B.1	2020-04
ISL_428793	2020-04-05	USA	New York	N_America	0	1	4	5	B.1	2020-04
ISL_450400	2020-04-03	USA	New York	N_America	0	2	4	6	B.1	2020-04
ISL_826603	2020-04-03	USA	New York	N_America	0	1	4	5	B.1	2020-04
ISL_430366	2020-04-08	USA	New York	N_America	0	2	3	9	B.1	2020-04
ISL_444713	2020-04-02	USA	New York	N_America	0	1	4	6	B.1	2020-04
ISL_424942	2020-04-01	USA	New York	N_America	0	1	5	8	B.1	2020-04
ISL_676831	2020-04-09	USA	New York	N_America	0	2	6	13	B.1.2	2020-04
ISL_435531	2020-04-16	USA	New York	N_America	0	1	4	6	B.1	2020-04
ISL_467399	2020-04-30	USA	New York	N_America	0	1	4	5	B.1	2020-04
ISL_444732	2020-04-02	USA	New York	N_America	1	1	6	8	B.1	2020-04
ISL_430355	2020-04-02	USA	New York	N_America	0	1	4	6	B.1	2020-04
ISL_1009364	2020-04-17	USA	New York	N_America	0	2	5	7	B.1.1.29	2020-04
ISL_826624	2020-04-03	USA	New York	N_America	0	1	4	5	B.1	2020-04
ISL_435537	2020-04-20	USA	New York	N_America	1	1	6	10	B.1	2020-04
ISL_1009318	2020-04-08	USA	New York	N_America	0	1	4	5	B.1	2020-04
ISL_676855	2020-04-14	USA	New York	N_America	0	1	4	5	B.1	2020-04
ISL_631779	2020-04-24	USA	New York	N_America	0	1	4	6	B.1	2020-04
ISL_1009391	2020-04-24	USA	New York	N_America	0	2	5	8	B.1.1.29	2020-04
ISL_427484	2020-04-01	USA	New York	N_America	0	1	1	6	B.37	2020-04
ISL_435502	2020-04-24	USA	New York	N_America	0	1	4	6	B.1	2020-04
ISL_631784	2020-04-29	USA	New York	N_America	1	1	6	13	B.1	2020-04
ISL_435526	2020-04-20	USA	New York	N_America	0	1	4	5	B.1	2020-04
ISL_1009412	2020-05-06	USA	New York	N_America	0	4	6	10	B.1.1.29	2020-05
ISL_676940	2020-05-15	USA	New York	N_America	1	1	7	9	B.1	2020-05
ISL_631943	2020-05-02	USA	New York	N_America	0	2	4	8	B.1	2020-05
ISL_676906	2020-05-04	USA	New York	N_America	1	1	6	11	B.1	2020-05
ISL_676679	2020-05-30	USA	New York	N_America	0	2	5	7	B.1.369	2020-05
ISL_631938	2020-05-12	USA	New York	N_America	0	1	4	5	B.1	2020-05
ISL_802047	2020-05-02	USA	New York	N_America	1	1	6	12	B.1	2020-05
ISL_583448	2020-05-12	USA	New York	N_America	1	2	7	12	B.1	2020-05
ISL_676894	2020-05-01	USA	New York	N_America	0	1	4	7	B.1	2020-05
ISL_1009425	2020-05-12	USA	New York	N_America	0	4	6	10	B.1.1.29	2020-05
ISL_583459	2020-05-07	USA	New York	N_America	0	1	4	7	B.1	2020-05
ISL_631947	2020-05-06	USA	New York	N_America	1	2	6	9	B.1	2020-05
ISL_1009406	2020-05-04	USA	New York	N_America	0	2	3	7	B.1	2020-05
ISL_583443	2020-05-28	USA	New York	N_America	0	2	4	8	B.1.1.29	2020-05
ISL_676945	2020-05-18	USA	New York	N_America	1	1	7	9	B.1	2020-05
ISL_802064	2020-05-04	USA	New York	N_America	0	1	4	5	B.1	2020-05
ISL_676893	2020-05-05	USA	New York	N_America	0	2	5	8	B.1.1.29	2020-05
ISL_1009426	2020-05-12	USA	New York	N_America	0	4	6	10	B.1.1.29	2020-05
ISL_676952	2020-05-22	USA	New York	N_America	0	1	4	10	B.1	2020-05
ISL_631940	2020-05-01	USA	New York	N_America	0	2	5	9	B.1.1.29	2020-05
ISL_826592	2020-05-07	USA	New York	N_America	0	1	4	7	B.1	2020-05
ISL_676901	2020-05-02	USA	New York	N_America	0	1	4	5	B.1	2020-05
ISL_802091	2020-05-09	USA	New York	N_America	0	1	5	6	B.1.448	2020-05
ISL_631933	2020-05-07	USA	New York	N_America	0	2	3	9	B.1	2020-05
ISL_676899	2020-05-02	USA	New York	N_America	0	1	4	5	B.1	2020-05
ISL_631936	2020-05-08	USA	New York	N_America	1	1	6	9	B.1	2020-05
ISL_631932	2020-05-05	USA	New York	N_America	0	1	4	6	B.1	2020-05
ISL_676943	2020-05-18	USA	New York	N_America	1	1	7	11	B.1	2020-05
ISL_676685	2020-05-09	USA	New York	N_America	0	2	5	10	B.1.1.106	2020-05
ISL_802084	2020-05-04	USA	New York	N_America	0	1	4	7	B.1	2020-05
ISL_676897	2020-05-01	USA	New York	N_America	0	1	4	5	B.1	2020-05
ISL_1009432	2020-05-21	USA	New York	N_America	0	1	4	8	B.1	2020-05
ISL_676902	2020-05-02	USA	New York	N_America	0	1	4	6	B.1	2020-05
ISL_676941	2020-05-15	USA	New York	N_America	1	1	7	10	B.1	2020-05
ISL_1009416	2020-05-08	USA	New York	N_America	0	1	4	7	B.1	2020-05
ISL_802069	2020-05-04	USA	New York	N_America	0	1	4	6	B.1	2020-05
ISL_1009408	2020-05-06	USA	New York	N_America	0	4	6	11	B.1.1.29	2020-05
ISL_676672	2020-05-14	USA	New York	N_America	0	0	1	5	B.3	2020-05
ISL_802052	2020-05-03	USA	New York	N_America	0	2	3	6	B.1	2020-05
ISL_631939	2020-05-01	USA	New York	N_America	0	2	4	6	B.1	2020-05
ISL_631942	2020-05-02	USA	New York	N_America	0	1	4	6	B.1	2020-05
ISL_1009427	2020-05-13	USA	New York	N_America	0	1	4	5	B.1	2020-05
ISL_676934	2020-05-14	USA	New York	N_America	1	1	6	10	B.1	2020-05
ISL_583465	2020-05-02	USA	New York	N_America	0	2	3	6	B.1	2020-05
ISL_676896	2020-05-01	USA	New York	N_America	0	1	4	6	B.1	2020-05
ISL_676912	2020-05-14	USA	New York	N_America	0	1	4	5	B.1	2020-05
ISL_676682	2020-05-12	USA	New York	N_America	0	1	4	8	B.1	2020-05
ISL_676919	2020-05-09	USA	New York	N_America	0	2	5	9	B.1.1.106	2020-05
ISL_676693	2020-05-14	USA	New York	N_America	0	4	6	10	B.1.1.29	2020-05
ISL_676724	2020-05-07	USA	New York	N_America	0	1	4	8	B.1	2020-05
ISL_677685	2020-05-06	USA	New York	N_America	0	1	4	7	B.1	2020-05
ISL_467377	2020-05-03	USA	New York	N_America	0	1	4	5	B.1	2020-05
ISL_802066	2020-05-04	USA	New York	N_America	0	1	6	13	B.1.319	2020-05
ISL_467379	2020-05-08	USA	New York	N_America	0	1	4	5	B.1	2020-05
ISL_1009411	2020-05-06	USA	New York	N_America	0	4	6	10	B.1.1.29	2020-05
ISL_583457	2020-05-07	USA	New York	N_America	0	1	4	5	B.1	2020-05
ISL_583440	2020-05-06	USA	New York	N_America	0	2	4	7	B.1.1.29	2020-05
ISL_802048	2020-05-02	USA	New York	N_America	0	2	3	5	B.1	2020-05
ISL_802045	2020-05-01	USA	New York	N_America	0	1	4	5	B.1	2020-05
ISL_676932	2020-05-13	USA	New York	N_America	0	1	4	5	B.1	2020-05
ISL_631944	2020-05-05	USA	New York	N_America	0	1	5	8	B.1	2020-05
ISL_676935	2020-05-14	USA	New York	N_America	0	1	4	5	B.1	2020-05
ISL_676956	2020-05-27	USA	New York	N_America	0	1	4	8	B.1	2020-05
ISL_467390	2020-05-09	USA	New York	N_America	0	1	4	5	B.1	2020-05
ISL_676705	2020-05-15	USA	New York	N_America	1	1	6	10	B.1	2020-05
ISL_802072	2020-05-04	USA	New York	N_America	0	1	4	6	B.1	2020-05
ISL_676670	2020-05-04	USA	New York	N_America	0	1	2	5	B.1	2020-05
ISL_1009420	2020-05-11	USA	New York	N_America	0	2	5	10	B.1.1.29	2020-05
ISL_802094	2020-05-18	USA	New York	N_America	0	1	4	7	B.1	2020-05
ISL_802081	2020-05-04	USA	New York	N_America	0	2	3	6	B.1	2020-05
ISL_631941	2020-05-01	USA	New York	N_America	1	1	6	9	B.1	2020-05
ISL_676910	2020-05-13	USA	New York	N_America	0	1	4	8	B.1.298	2020-05
ISL_676917	2020-05-09	USA	New York	N_America	0	3	5	11	B.1.1.106	2020-05
ISL_676677	2020-05-13	USA	New York	N_America	0	1	4	7	B.1	2020-05
ISL_676702	2020-05-30	USA	New York	N_America	1	1	6	8	B.1	2020-05
ISL_676688	2020-05-22	USA	New York	N_America	0	1	4	11	B.1	2020-05
ISL_802067	2020-05-04	USA	New York	N_America	0	1	4	7	B.1	2020-05
ISL_801891	2020-05-03	USA	New York	N_America	0	2	3	5	B.1	2020-05
ISL_583470	2020-05-04	USA	New York	N_America	0	1	4	9	B.1	2020-05
ISL_583478	2020-05-02	USA	New York	N_America	0	1	4	5	B.1	2020-05
ISL_631948	2020-05-06	USA	New York	N_America	1	1	6	9	B.1.507	2020-05
ISL_802068	2020-05-04	USA	New York	N_America	0	2	6	9	B.1.1.231	2020-05
ISL_676714	2020-05-17	USA	New York	N_America	0	1	5	9	B.1	2020-05
ISL_826648	2020-05-11	USA	New York	N_America	0	1	5	6	B.1.319	2020-05
ISL_801902	2020-05-19	USA	New York	N_America	0	3	3	7	B.1	2020-05
ISL_676664	2020-05-01	USA	New York	N_America	0	1	4	6	B.1	2020-05
ISL_1009417	2020-05-08	USA	New York	N_America	0	2	5	7	B.1.1.29	2020-05
ISL_802096	2020-05-24	USA	New York	N_America	0	1	6	9	B.1.319	2020-05
ISL_676928	2020-05-13	USA	New York	N_America	0	1	4	7	B.1	2020-05
ISL_676683	2020-05-07	USA	New York	N_America	0	1	4	5	B.1	2020-05
ISL_802093	2020-05-11	USA	New York	N_America	0	1	4	12	B.1	2020-05
ISL_1009429	2020-05-13	USA	New York	N_America	0	1	4	6	B.1	2020-05
ISL_1009414	2020-05-06	USA	New York	N_America	0	4	6	11	B.1.1.29	2020-05
ISL_1009407	2020-05-06	USA	New York	N_America	0	4	6	10	B.1.1.29	2020-05
ISL_801977	2020-05-04	USA	New York	N_America	0	1	4	8	B.1	2020-05
ISL_676708	2020-05-26	USA	New York	N_America	1	1	7	13	B.1	2020-05
ISL_802086	2020-05-04	USA	New York	N_America	0	2	6	9	B.1.1.231	2020-05
ISL_676721	2020-05-13	USA	New York	N_America	0	1	4	6	B.1	2020-05
ISL_631937	2020-05-09	USA	New York	N_America	0	1	4	5	B.1	2020-05
ISL_676898	2020-05-02	USA	New York	N_America	0	1	4	6	B.1	2020-05
ISL_676959	2020-06-01	USA	New York	N_America	0	2	4	10	B.1	2020-06
ISL_676716	2020-06-01	USA	New York	N_America	0	1	4	6	B.1	2020-06
ISL_802099	2020-06-02	USA	New York	N_America	0	1	4	7	B.1	2020-06
ISL_801953	2020-06-02	USA	New York	N_America	1	1	7	10	B.1	2020-06
ISL_801952	2020-06-02	USA	New York	N_America	1	1	7	10	B.1	2020-06
ISL_802100	2020-06-03	USA	New York	N_America	1	1	7	9	B.1	2020-06
ISL_583451	2020-06-04	USA	New York	N_America	1	2	7	12	B.1	2020-06
ISL_802101	2020-06-04	USA	New York	N_America	0	3	3	6	B.1	2020-06
ISL_802102	2020-06-04	USA	New York	N_America	0	1	6	10	B.1.319	2020-06
ISL_583476	2020-06-04	USA	New York	N_America	0	1	4	5	B.1	2020-06
ISL_801895	2020-06-04	USA	New York	N_America	0	3	2	6	B.1	2020-06
ISL_676706	2020-06-05	USA	New York	N_America	0	2	5	10	B.1	2020-06
ISL_802104	2020-06-05	USA	New York	N_America	0	3	4	11	B.1.1	2020-06
ISL_801887	2020-06-06	USA	New York	N_America	0	1	6	8	B.1.319	2020-06
ISL_802105	2020-06-07	USA	New York	N_America	0	3	4	13	B.1.1.28	2020-06
ISL_1300937	2020-06-07	USA	New York	N_America	0	3	4	13	B.1.1.28	2020-06
ISL_802106	2020-06-07	USA	New York	N_America	0	3	4	12	B.1.1.28	2020-06
ISL_801888	2020-06-08	USA	New York	N_America	0	1	6	8	B.1.319	2020-06
ISL_801889	2020-06-08	USA	New York	N_America	0	1	6	8	B.1.319	2020-06
ISL_1300936	2020-06-09	USA	New York	N_America	0	2	5	11	B.1.1.177	2020-06
ISL_801917	2020-06-09	USA	New York	N_America	0	2	5	11	B.1.1.177	2020-06
ISL_802107	2020-06-10	USA	New York	N_America	0	1	4	7	B.1	2020-06
ISL_826651	2020-06-12	USA	New York	N_America	0	1	2	8	B.1	2020-06
ISL_676996	2020-06-15	USA	New York	N_America	1	2	7	12	B.1.506	2020-06
ISL_676995	2020-06-15	USA	New York	N_America	1	2	7	12	B.1.506	2020-06
ISL_676997	2020-06-15	USA	New York	N_America	1	2	7	12	B.1.506	2020-06
ISL_676701	2020-06-16	USA	New York	N_America	1	2	7	13	B.1.506	2020-06
ISL_676718	2020-06-16	USA	New York	N_America	0	5	10	15	B.1.334	2020-06
ISL_676998	2020-06-17	USA	New York	N_America	1	2	7	12	B.1.506	2020-06
ISL_677049	2020-06-17	USA	New York	N_America	1	3	7	13	B.1.506	2020-06
ISL_676979	2020-06-17	USA	New York	N_America	0	1	4	8	B.1	2020-06
ISL_676999	2020-06-18	USA	New York	N_America	1	2	7	10	B.1.506	2020-06
ISL_677050	2020-06-18	USA	New York	N_America	1	2	7	10	B.1.506	2020-06
ISL_677001	2020-06-18	USA	New York	N_America	1	2	7	11	B.1.506	2020-06
ISL_676694	2020-06-20	USA	New York	N_America	0	1	4	8	B.1	2020-06
ISL_676700	2020-06-20	USA	New York	N_America	0	1	4	8	B.1	2020-06
ISL_677000	2020-06-21	USA	New York	N_America	0	5	10	16	B.1.334	2020-06
ISL_676709	2020-06-21	USA	New York	N_America	1	2	7	11	B.1.506	2020-06
ISL_677002	2020-06-21	USA	New York	N_America	1	2	7	10	B.1.506	2020-06
ISL_676982	2020-06-21	USA	New York	N_America	1	2	7	11	B.1.506	2020-06
ISL_677003	2020-06-21	USA	New York	N_America	0	2	2	7	B.1	2020-06
ISL_677051	2020-06-22	USA	New York	N_America	0	2	3	10	B.1	2020-06
ISL_677052	2020-06-23	USA	New York	N_America	0	2	5	8	B.1.1.135	2020-06
ISL_677053	2020-06-23	USA	New York	N_America	0	2	5	8	B.1.1.135	2020-06
ISL_484959	2020-06-23	USA	New York	N_America	0	2	3	7	B.1	2020-06
ISL_677076	2020-06-23	USA	New York	N_America	1	2	7	11	B.1.506	2020-06
ISL_677055	2020-06-24	USA	New York	N_America	0	1	4	7	B.1	2020-06
ISL_677057	2020-06-24	USA	New York	N_America	1	2	7	11	B.1.506	2020-06
ISL_677054	2020-06-24	USA	New York	N_America	0	1	4	8	B.1	2020-06
ISL_676984	2020-06-24	USA	New York	N_America	0	3	5	8	B.1.1.162	2020-06
ISL_677056	2020-06-24	USA	New York	N_America	0	1	4	6	B.1	2020-06
ISL_677004	2020-06-24	USA	New York	N_America	0	2	2	5	B.1	2020-06
ISL_676983	2020-06-25	USA	New York	N_America	0	5	9	14	B.1.334	2020-06
ISL_676986	2020-06-25	USA	New York	N_America	0	4	8	12	B.1.334	2020-06
ISL_676985	2020-06-25	USA	New York	N_America	0	4	8	12	B.1.334	2020-06
ISL_491321	2020-06-26	USA	New York	N_America	0	2	3	8	B.1	2020-06
ISL_484972	2020-06-27	USA	New York	N_America	0	1	6	11	B.1.2	2020-06
ISL_1300938	2020-06-27	USA	New York	N_America	0	2	7	13	B.1.1.225	2020-06
ISL_491320	2020-06-28	USA	New York	N_America	0	1	4	11	B.1.139	2020-06
ISL_677058	2020-06-28	USA	New York	N_America	0	2	4	13	B.1.1.67	2020-06
ISL_676668	2020-06-29	USA	New York	N_America	0	5	9	14	B.1.334	2020-06
ISL_676661	2020-06-29	USA	New York	N_America	0	4	8	12	B.1.334	2020-06
ISL_677005	2020-06-29	USA	New York	N_America	0	5	9	14	B.1.334	2020-06
ISL_677008	2020-06-29	USA	New York	N_America	0	5	10	15	B.1.334	2020-06
ISL_876041	2020-06-29	USA	New York	N_America	0	2	4	9	B.1	2020-06
ISL_677006	2020-06-29	USA	New York	N_America	1	2	7	11	B.1.506	2020-06
ISL_677007	2020-06-30	USA	New York	N_America	0	5	9	14	B.1.334	2020-06
ISL_677009	2020-06-30	USA	New York	N_America	0	5	9	14	B.1.334	2020-06
ISL_677014	2020-07-03	USA	New York	N_America	0	5	9	14	B.1.334	2020-07
ISL_677022	2020-07-06	USA	New York	N_America	0	5	9	14	B.1.334	2020-07
ISL_583452	2020-07-22	USA	New York	N_America	1	3	7	13	B.1	2020-07
ISL_676991	2020-07-10	USA	New York	N_America	0	2	5	10	B.1.1.265	2020-07
ISL_583473	2020-07-18	USA	New York	N_America	0	2	5	8	B.1.108	2020-07
ISL_677019	2020-07-04	USA	New York	N_America	1	2	7	11	B.1.506	2020-07
ISL_961333	2020-07-15	USA	New York	N_America	0	1	5	6	B.1	2020-07
ISL_495497	2020-07-05	USA	New York	N_America	0	1	6	11	B.1.2	2020-07
ISL_802123	2020-07-05	USA	New York	N_America	1	1	7	10	B.1	2020-07
ISL_961350	2020-07-15	USA	New York	N_America	0	2	5	8	B.1.369	2020-07
ISL_676994	2020-07-31	USA	New York	N_America	0	1	5	10	B.1.313	2020-07
ISL_1300944	2020-07-23	USA	New York	N_America	0	2	12	14	B.1.2	2020-07
ISL_801963	2020-07-09	USA	New York	N_America	0	1	4	9	B.1	2020-07
ISL_1171857	2020-07-02	USA	New York	N_America	0	1	5	16	B.1	2020-07
ISL_583454	2020-07-22	USA	New York	N_America	1	3	7	13	B.1	2020-07
ISL_961332	2020-07-15	USA	New York	N_America	0	1	4	6	B.1	2020-07
ISL_632964	2020-07-10	USA	New York	N_America	0	2	8	12	B.1.509	2020-07
ISL_677121	2020-07-27	USA	New York	N_America	1	2	7	11	B.1.506	2020-07
ISL_802138	2020-07-15	USA	New York	N_America	0	3	3	7	B.1	2020-07
ISL_677024	2020-07-22	USA	New York	N_America	1	2	7	11	B.1.506	2020-07
ISL_961335	2020-07-15	USA	New York	N_America	0	1	5	6	B.1.363	2020-07
ISL_677073	2020-07-17	USA	New York	N_America	0	2	9	14	B.1.363	2020-07
ISL_677120	2020-07-27	USA	New York	N_America	1	2	7	11	B.1.506	2020-07
ISL_802127	2020-07-06	USA	New York	N_America	0	3	5	12	B.1.1.192	2020-07
ISL_961338	2020-07-15	USA	New York	N_America	1	1	6	9	B.1	2020-07
ISL_677017	2020-07-04	USA	New York	N_America	0	5	9	14	B.1.334	2020-07
ISL_677115	2020-07-28	USA	New York	N_America	0	4	5	10	B.1.1.162	2020-07
ISL_802121	2020-07-05	USA	New York	N_America	0	3	5	10	B.1.369	2020-07
ISL_802116	2020-07-02	USA	New York	N_America	0	1	2	3	B.1	2020-07
ISL_676992	2020-07-10	USA	New York	N_America	0	2	5	10	B.1.1.265	2020-07
ISL_826654	2020-07-10	USA	New York	N_America	0	3	6	11	B.1.1.225	2020-07
ISL_876035	2020-07-06	USA	New York	N_America	0	2	3	7	B.1	2020-07
ISL_961334	2020-07-15	USA	New York	N_America	0	1	4	5	B.1	2020-07
ISL_677059	2020-07-01	USA	New York	N_America	0	4	5	9	B.1.1.162	2020-07
ISL_1300940	2020-07-17	USA	New York	N_America	0	2	5	10	B.1.108	2020-07
ISL_677066	2020-07-05	USA	New York	N_America	0	5	9	14	B.1.334	2020-07
ISL_676673	2020-07-28	USA	New York	N_America	1	2	7	12	B.1.506	2020-07
ISL_802122	2020-07-05	USA	New York	N_America	0	3	3	9	B.1.243	2020-07
ISL_1171856	2020-07-02	USA	New York	N_America	0	1	5	16	B.1	2020-07
ISL_961336	2020-07-15	USA	New York	N_America	0	2	1	8	B.37	2020-07
ISL_961351	2020-07-15	USA	New York	N_America	0	1	4	5	B.1	2020-07
ISL_1300947	2020-07-05	USA	New York	N_America	1	1	7	10	B.1	2020-07
ISL_802113	2020-07-02	USA	New York	N_America	0	1	3	8	B.1.139	2020-07
ISL_802112	2020-07-01	USA	New York	N_America	1	1	7	10	B.1	2020-07
ISL_802135	2020-07-10	USA	New York	N_America	0	4	4	13	B.1	2020-07
ISL_802118	2020-07-04	USA	New York	N_America	0	1	5	10	B.1	2020-07
ISL_961341	2020-07-15	USA	New York	N_America	1	1	6	9	B.1	2020-07
ISL_961340	2020-07-15	USA	New York	N_America	0	1	4	6	B.1	2020-07
ISL_1168735	2020-07-15	USA	New York	N_America	1	0	2	8	B.1.260	2020-07
ISL_677061	2020-07-01	USA	New York	N_America	0	4	5	10	B.1.1.162	2020-07
ISL_802119	2020-07-04	USA	New York	N_America	0	2	4	11	B.1.1.28	2020-07
ISL_676680	2020-07-09	USA	New York	N_America	0	6	9	16	B.1.334	2020-07
ISL_676676	2020-07-17	USA	New York	N_America	0	3	5	12	B.1.369	2020-07
ISL_1168734	2020-07-15	USA	New York	N_America	0	0	1	2	B	2020-07
ISL_802114	2020-07-02	USA	New York	N_America	0	1	2	3	B.1	2020-07
ISL_961329	2020-07-15	USA	New York	N_America	0	1	4	6	B.1	2020-07
ISL_1300948	2020-07-27	USA	New York	N_America	1	1	6	9	B.1	2020-07
ISL_583477	2020-07-18	USA	New York	N_America	0	1	4	5	B.1	2020-07
ISL_677071	2020-07-13	USA	New York	N_America	0	3	5	13	B.1.306	2020-07
ISL_961348	2020-07-15	USA	New York	N_America	1	1	6	8	B.1	2020-07
ISL_876038	2020-07-28	USA	New York	N_America	0	1	5	9	B.1	2020-07
ISL_802133	2020-07-09	USA	New York	N_America	0	1	4	8	B.1	2020-07
ISL_802117	2020-07-03	USA	New York	N_America	0	4	3	8	B.1.240	2020-07
ISL_1300939	2020-07-07	USA	New York	N_America	1	1	7	10	B.1	2020-07
ISL_676990	2020-07-08	USA	New York	N_America	0	2	4	7	B.1.1.29	2020-07
ISL_961347	2020-07-15	USA	New York	N_America	1	1	6	8	B.1	2020-07
ISL_676713	2020-07-08	USA	New York	N_America	0	4	8	12	B.1.334	2020-07
ISL_677021	2020-07-03	USA	New York	N_America	0	5	9	14	B.1.334	2020-07
ISL_1300946	2020-07-13	USA	New York	N_America	0	1	6	10	B.1.2	2020-07
ISL_802134	2020-07-09	USA	New York	N_America	0	2	6	11	B.1.1.304	2020-07
ISL_677075	2020-07-20	USA	New York	N_America	0	4	5	10	B.1.1.162	2020-07
ISL_677011	2020-07-02	USA	New York	N_America	0	5	10	16	B.1.334	2020-07
ISL_676989	2020-07-08	USA	New York	N_America	0	2	4	9	B.1	2020-07
ISL_826653	2020-07-03	USA	New York	N_America	0	2	5	11	B.1.280	2020-07
ISL_677064	2020-07-02	USA	New York	N_America	0	2	5	11	B.1.306	2020-07
ISL_677023	2020-07-07	USA	New York	N_America	0	5	9	15	B.1.334	2020-07
ISL_802110	2020-07-01	USA	New York	N_America	0	2	4	8	B.1.1.186	2020-07
ISL_1300945	2020-07-15	USA	New York	N_America	0	2	8	12	B.1.509	2020-07
ISL_677668	2020-07-17	USA	New York	N_America	0	3	5	12	B.1.369	2020-07
ISL_802131	2020-07-08	USA	New York	N_America	0	2	7	11	B.1.363	2020-07
ISL_583453	2020-07-22	USA	New York	N_America	1	2	7	12	B.1	2020-07
ISL_677025	2020-07-27	USA	New York	N_America	1	2	7	11	B.1.506	2020-07
ISL_676659	2020-07-02	USA	New York	N_America	0	4	7	11	B.1	2020-07
ISL_676657	2020-07-24	USA	New York	N_America	0	2	4	10	B.1.1.29	2020-07
ISL_961291	2020-07-15	USA	New York	N_America	1	1	6	11	B.1.502	2020-07
ISL_801910	2020-07-10	USA	New York	N_America	0	4	3	12	B.1	2020-07
ISL_961331	2020-07-15	USA	New York	N_America	0	1	4	5	B.1	2020-07
ISL_677070	2020-07-08	USA	New York	N_America	0	2	8	13	B.1.363	2020-07
ISL_677016	2020-07-03	USA	New York	N_America	0	5	9	14	B.1.334	2020-07
ISL_802126	2020-07-06	USA	New York	N_America	0	3	6	15	B.1.369	2020-07
ISL_677018	2020-07-04	USA	New York	N_America	0	5	9	14	B.1.334	2020-07
ISL_961346	2020-07-15	USA	New York	N_America	1	1	6	10	B.1	2020-07
ISL_961330	2020-07-15	USA	New York	N_America	0	1	5	7	B.1.319	2020-07
ISL_676707	2020-07-31	USA	New York	N_America	0	2	12	15	B.1.2	2020-07
ISL_802139	2020-07-19	USA	New York	N_America	0	2	4	11	B.1.1.28	2020-07
ISL_677074	2020-07-19	USA	New York	N_America	0	4	5	9	B.1.1.162	2020-07
ISL_677065	2020-07-02	USA	New York	N_America	1	2	7	11	B.1.506	2020-07
ISL_677060	2020-07-01	USA	New York	N_America	0	5	9	17	B.1.334	2020-07
ISL_677062	2020-07-01	USA	New York	N_America	0	1	4	6	B.1	2020-07
ISL_802111	2020-07-01	USA	New York	N_America	0	3	6	12	B.1.1.225	2020-07
ISL_677126	2020-08-20	USA	New York	N_America	0	1	4	7	B.1.293	2020-08
ISL_802186	2020-08-19	USA	New York	N_America	0	2	4	9	B.1.1	2020-08
ISL_802199	2020-08-23	USA	New York	N_America	0	3	5	12	B.1.1.192	2020-08
ISL_633014	2020-08-26	USA	New York	N_America	0	2	3	7	B.1	2020-08
ISL_802185	2020-08-19	USA	New York	N_America	0	3	5	15	B.1.369	2020-08
ISL_802164	2020-08-13	USA	New York	N_America	0	2	4	12	B.1.1.29	2020-08
ISL_633016	2020-08-31	USA	New York	N_America	0	2	4	9	B.1	2020-08
ISL_677080	2020-08-25	USA	New York	N_America	0	4	10	15	B.1.265	2020-08
ISL_677034	2020-08-07	USA	New York	N_America	0	10	8	18	B.1.1.64	2020-08
ISL_802162	2020-08-12	USA	New York	N_America	0	2	2	5	B.1	2020-08
ISL_801976	2020-08-04	USA	New York	N_America	0	3	5	8	B.1.369	2020-08
ISL_802171	2020-08-17	USA	New York	N_America	0	2	6	13	B.1.1.225	2020-08
ISL_801930	2020-08-28	USA	New York	N_America	0	3	9	12	B.1.1.304	2020-08
ISL_802204	2020-08-27	USA	New York	N_America	0	3	10	13	B.1.1.304	2020-08
ISL_802212	2020-08-30	USA	New York	N_America	0	3	11	14	B.1.1.304	2020-08
ISL_802195	2020-08-21	USA	New York	N_America	0	2	10	14	B.1.2	2020-08
ISL_801904	2020-08-30	USA	New York	N_America	0	4	2	8	B.1.240	2020-08
ISL_801903	2020-08-16	USA	New York	N_America	0	3	3	12	B.1.243	2020-08
ISL_633011	2020-08-18	USA	New York	N_America	0	2	12	14	B.1.2	2020-08
ISL_802180	2020-08-18	USA	New York	N_America	0	7	8	16	B.1.369	2020-08
ISL_802192	2020-08-21	USA	New York	N_America	0	3	7	17	B.1.1.216	2020-08
ISL_801936	2020-08-30	USA	New York	N_America	0	3	11	15	B.1.1.304	2020-08
ISL_677047	2020-08-17	USA	New York	N_America	0	3	10	13	B.1.265	2020-08
ISL_677028	2020-08-07	USA	New York	N_America	0	10	7	18	B.1.1.64	2020-08
ISL_633002	2020-08-31	USA	New York	N_America	0	2	5	12	B.1.1.29	2020-08
ISL_677119	2020-08-23	USA	New York	N_America	0	5	5	12	B.1.243	2020-08
ISL_802181	2020-08-19	USA	New York	N_America	0	2	5	13	B.1.369	2020-08
ISL_677035	2020-08-07	USA	New York	N_America	0	10	8	19	B.1.1.64	2020-08
ISL_802161	2020-08-11	USA	New York	N_America	0	1	11	15	B.1.2	2020-08
ISL_677085	2020-08-26	USA	New York	N_America	0	3	10	13	B.1.265	2020-08
ISL_802209	2020-08-30	USA	New York	N_America	0	3	11	15	B.1.1.304	2020-08
ISL_1080797	2020-08-15	USA	New York	N_America	0	2	6	9	B.1	2020-08
ISL_677043	2020-08-17	USA	New York	N_America	0	4	10	14	B.1.265	2020-08
ISL_802151	2020-08-04	USA	New York	N_America	0	2	7	13	B.1.1.247	2020-08
ISL_802198	2020-08-22	USA	New York	N_America	0	2	4	10	B.1.1	2020-08
ISL_802158	2020-08-08	USA	New York	N_America	0	1	6	11	B.1.2	2020-08
ISL_677079	2020-08-25	USA	New York	N_America	0	3	10	13	B.1.265	2020-08
ISL_802216	2020-08-31	USA	New York	N_America	0	4	3	9	B.1.240	2020-08
ISL_801927	2020-08-27	USA	New York	N_America	0	3	5	12	B.1.1.192	2020-08
ISL_677026	2020-08-07	USA	New York	N_America	0	10	7	17	B.1.1.64	2020-08
ISL_826655	2020-08-01	USA	New York	N_America	0	2	5	13	B.1.1.231	2020-08
ISL_1300953	2020-08-17	USA	New York	N_America	0	3	5	12	B.1.1.192	2020-08
ISL_802145	2020-08-03	USA	New York	N_America	0	3	7	14	B.1.363	2020-08
ISL_676660	2020-08-07	USA	New York	N_America	0	10	7	17	B.1.1.64	2020-08
ISL_802208	2020-08-30	USA	New York	N_America	0	2	4	12	B.1	2020-08
ISL_802150	2020-08-03	USA	New York	N_America	0	3	5	8	B.1.369	2020-08
ISL_802194	2020-08-21	USA	New York	N_America	0	2	12	16	B.1.2	2020-08
ISL_826658	2020-08-23	USA	New York	N_America	0	2	9	18	B.1.370	2020-08
ISL_633013	2020-08-24	USA	New York	N_America	0	3	5	12	B.1.369	2020-08
ISL_677031	2020-08-07	USA	New York	N_America	0	10	8	19	B.1.1.64	2020-08
ISL_802169	2020-08-16	USA	New York	N_America	0	4	3	8	B.1.240	2020-08
ISL_802175	2020-08-18	USA	New York	N_America	0	7	7	15	B.1.369	2020-08
ISL_876951	2020-08-05	USA	New York	N_America	0	4	3	10	B.1.240	2020-08
ISL_677086	2020-08-26	USA	New York	N_America	0	2	10	12	B.1.265	2020-08
ISL_826593	2020-08-25	USA	New York	N_America	0	4	6	18	C.1	2020-08
ISL_802152	2020-08-04	USA	New York	N_America	0	2	2	4	B.1.243	2020-08
ISL_677040	2020-08-07	USA	New York	N_America	0	10	8	20	B.1.1.64	2020-08
ISL_802167	2020-08-15	USA	New York	N_America	0	3	6	11	B.1.1.29	2020-08
ISL_802197	2020-08-22	USA	New York	N_America	0	1	11	14	B.1.2	2020-08
ISL_633017	2020-08-31	USA	New York	N_America	0	1	11	14	B.1.2	2020-08
ISL_802146	2020-08-03	USA	New York	N_America	0	3	3	7	B.1.363	2020-08
ISL_801966	2020-08-18	USA	New York	N_America	0	4	6	18	C.1	2020-08
ISL_802207	2020-08-29	USA	New York	N_America	0	3	11	15	B.1.1.304	2020-08
ISL_802176	2020-08-18	USA	New York	N_America	0	5	5	14	B.1.177	2020-08
ISL_677044	2020-08-17	USA	New York	N_America	0	3	10	13	B.1.265	2020-08
ISL_677124	2020-08-24	USA	New York	N_America	0	4	4	15	B.1.1.251	2020-08
ISL_677087	2020-08-26	USA	New York	N_America	0	3	10	13	B.1.265	2020-08
ISL_802165	2020-08-13	USA	New York	N_America	0	5	7	12	B.1.1.220	2020-08
ISL_802155	2020-08-06	USA	New York	N_America	0	1	4	9	B.1	2020-08
ISL_802203	2020-08-26	USA	New York	N_America	0	4	11	15	B.1.1.304	2020-08
ISL_802200	2020-08-25	USA	New York	N_America	0	5	5	13	B.1.177	2020-08
ISL_676671	2020-08-07	USA	New York	N_America	0	10	7	18	B.1.1.64	2020-08
ISL_802179	2020-08-18	USA	New York	N_America	0	4	3	9	B.1.240	2020-08
ISL_677077	2020-08-19	USA	New York	N_America	0	3	10	13	B.1.265	2020-08
ISL_677129	2020-08-19	USA	New York	N_America	0	2	4	11	B.1	2020-08
ISL_677112	2020-08-20	USA	New York	N_America	0	4	4	11	B.1.1.226	2020-08
ISL_677118	2020-08-17	USA	New York	N_America	0	4	4	11	B.1.1.226	2020-08
ISL_802206	2020-08-29	USA	New York	N_America	0	2	5	15	B.1.1.101	2020-08
ISL_677030	2020-08-07	USA	New York	N_America	0	10	8	18	B.1.1.64	2020-08
ISL_801892	2020-08-05	USA	New York	N_America	0	2	4	9	B.1.280	2020-08
ISL_802141	2020-08-01	USA	New York	N_America	0	1	3	4	B.1	2020-08
ISL_677038	2020-08-07	USA	New York	N_America	0	10	8	18	B.1.1.64	2020-08
ISL_801965	2020-08-14	USA	New York	N_America	0	2	6	16	B.1.319	2020-08
ISL_677078	2020-08-19	USA	New York	N_America	0	4	10	14	B.1.265	2020-08
ISL_802160	2020-08-09	USA	New York	N_America	0	1	11	15	B.1.2	2020-08
ISL_802154	2020-08-05	USA	New York	N_America	0	5	3	11	B.1.243	2020-08
ISL_802201	2020-08-25	USA	New York	N_America	0	3	5	14	B.1.1.231	2020-08
ISL_802173	2020-08-17	USA	New York	N_America	0	3	5	12	B.1.1.192	2020-08
ISL_801937	2020-08-05	USA	New York	N_America	0	2	5	10	B.1.280	2020-08
ISL_633001	2020-08-28	USA	New York	N_America	0	2	5	12	B.1.1.29	2020-08
ISL_677048	2020-08-17	USA	New York	N_America	0	3	10	13	B.1.265	2020-08
ISL_536702	2020-08-30	USA	New York	N_America	0	2	5	19	B.1.369	2020-08
ISL_876925	2020-08-23	USA	New York	N_America	0	2	3	12	A.19	2020-08
ISL_877121	2020-08-23	USA	New York	N_America	0	1	3	12	B.1.110.3	2020-08
ISL_802215	2020-08-31	USA	New York	N_America	0	1	4	8	B.1	2020-08
ISL_802166	2020-08-15	USA	New York	N_America	1	2	7	15	B.1	2020-08
ISL_802168	2020-08-16	USA	New York	N_America	0	3	6	15	B.1.1.70	2020-08
ISL_801925	2020-08-22	USA	New York	N_America	0	2	4	6	B.1	2020-08
ISL_802149	2020-08-03	USA	New York	N_America	0	5	3	11	B.1.243	2020-08
ISL_677088	2020-08-26	USA	New York	N_America	0	2	10	13	B.1.265	2020-08
ISL_802221	2020-09-02	USA	New York	N_America	0	1	11	18	B.1.2	2020-09
ISL_802239	2020-09-10	USA	New York	N_America	0	2	6	11	B.1.361	2020-09
ISL_801915	2020-09-08	USA	New York	N_America	0	1	6	12	B.1	2020-09
ISL_632988	2020-09-29	USA	New York	N_America	0	7	8	18	B.1.369	2020-09
ISL_801920	2020-09-04	USA	New York	N_America	0	1	7	15	B.1.336	2020-09
ISL_802316	2020-09-30	USA	New York	N_America	0	2	12	16	B.1.2	2020-09
ISL_802249	2020-09-13	USA	New York	N_America	0	4	11	15	B.1.1.304	2020-09
ISL_794022	2020-09-03	USA	New York	N_America	0	2	5	10	B.1.1.265	2020-09
ISL_633049	2020-09-29	USA	New York	N_America	0	5	7	12	B.1.243	2020-09
ISL_677696	2020-09-14	USA	New York	N_America	0	3	4	11	B.1.1.291	2020-09
ISL_802257	2020-09-18	USA	New York	N_America	0	2	6	13	B.1.1.207	2020-09
ISL_765501	2020-09-09	USA	New York	N_America	0	2	5	10	B.1.1.265	2020-09
ISL_677094	2020-09-03	USA	New York	N_America	0	4	6	14	B.1.1.130	2020-09
ISL_633038	2020-09-17	USA	New York	N_America	0	3	10	13	B.1.1.304	2020-09
ISL_765515	2020-09-21	USA	New York	N_America	0	5	5	10	B.1.243	2020-09
ISL_633043	2020-09-28	USA	New York	N_America	0	1	12	18	B.1.2	2020-09
ISL_826660	2020-09-01	USA	New York	N_America	0	3	7	11	B.1.1.247	2020-09
ISL_633037	2020-09-16	USA	New York	N_America	0	4	3	9	B.1.240	2020-09
ISL_767442	2020-09-25	USA	New York	N_America	0	3	13	16	B.1.2	2020-09
ISL_802310	2020-09-30	USA	New York	N_America	0	2	5	16	B.1.1.231	2020-09
ISL_826659	2020-09-01	USA	New York	N_America	0	1	9	17	B.1	2020-09
ISL_802237	2020-09-09	USA	New York	N_America	0	4	3	8	B.1.240	2020-09
ISL_801905	2020-09-05	USA	New York	N_America	0	3	4	13	B.1.1.4	2020-09
ISL_801941	2020-09-06	USA	New York	N_America	0	2	5	11	B.1.1.29	2020-09
ISL_765485	2020-09-21	USA	New York	N_America	0	2	8	13	B.1.363	2020-09
ISL_802274	2020-09-26	USA	New York	N_America	0	1	4	14	B.1.139	2020-09
ISL_802262	2020-09-20	USA	New York	N_America	0	3	10	14	B.1.1.304	2020-09
ISL_802247	2020-09-12	USA	New York	N_America	0	2	5	10	B.1.280	2020-09
ISL_801959	2020-09-28	USA	New York	N_America	0	2	3	20	B.1.258	2020-09
ISL_802268	2020-09-24	USA	New York	N_America	0	2	5	14	B.1	2020-09
ISL_801943	2020-09-30	USA	New York	N_America	0	3	5	17	B.1.1.231	2020-09
ISL_677101	2020-09-15	USA	New York	N_America	0	1	6	12	B.1	2020-09
ISL_765516	2020-09-22	USA	New York	N_America	0	3	13	16	B.1.2	2020-09
ISL_801924	2020-09-24	USA	New York	N_America	0	2	6	14	B.1.361	2020-09
ISL_677105	2020-09-22	USA	New York	N_America	0	4	5	14	B.1.1.222	2020-09
ISL_794037	2020-09-30	USA	New York	N_America	0	2	10	12	B.1.509	2020-09
ISL_794019	2020-09-01	USA	New York	N_America	0	4	10	15	B.1.265	2020-09
ISL_802307	2020-09-29	USA	New York	N_America	0	3	6	14	B.1.1.222	2020-09
ISL_794020	2020-09-01	USA	New York	N_America	0	3	10	13	B.1.265	2020-09
ISL_802282	2020-09-27	USA	New York	N_America	0	7	8	18	B.1.369	2020-09
ISL_802315	2020-09-30	USA	New York	N_America	0	3	10	14	B.1.1.304	2020-09
ISL_677131	2020-09-25	USA	New York	N_America	0	3	13	16	B.1.2	2020-09
ISL_802260	2020-09-18	USA	New York	N_America	0	3	10	15	B.1.1.304	2020-09
ISL_765482	2020-09-13	USA	New York	N_America	0	2	8	12	B.1.363	2020-09
ISL_633040	2020-09-22	USA	New York	N_America	0	2	12	15	B.1.2	2020-09
ISL_802318	2020-09-30	USA	New York	N_America	0	3	4	13	B.1.36	2020-09
ISL_677695	2020-09-03	USA	New York	N_America	0	2	3	7	B.1	2020-09
ISL_794021	2020-09-01	USA	New York	N_America	0	3	10	13	B.1.265	2020-09
ISL_765508	2020-09-17	USA	New York	N_America	0	5	5	10	B.1.243	2020-09
ISL_677130	2020-09-24	USA	New York	N_America	0	2	5	12	B.1.1.231	2020-09
ISL_801914	2020-09-06	USA	New York	N_America	0	6	8	15	B.1.369	2020-09
ISL_677106	2020-09-22	USA	New York	N_America	0	4	5	14	B.1.1.222	2020-09
ISL_765506	2020-09-15	USA	New York	N_America	0	1	6	11	B.1	2020-09
ISL_802241	2020-09-10	USA	New York	N_America	0	3	11	16	B.1.1.304	2020-09
ISL_765500	2020-09-09	USA	New York	N_America	0	2	5	10	B.1.1.265	2020-09
ISL_801911	2020-09-24	USA	New York	N_America	0	5	5	11	B.1.177	2020-09
ISL_801921	2020-09-18	USA	New York	N_America	0	2	4	9	B.1.1.29	2020-09
ISL_794030	2020-09-09	USA	New York	N_America	0	2	8	12	B.1.363	2020-09
ISL_802312	2020-09-30	USA	New York	N_America	0	7	7	17	B.1.1.244	2020-09
ISL_802231	2020-09-08	USA	New York	N_America	0	3	3	7	B.1	2020-09
ISL_794031	2020-09-09	USA	New York	N_America	0	2	8	12	B.1.363	2020-09
ISL_802219	2020-09-01	USA	New York	N_America	0	8	8	17	B.1.369	2020-09
ISL_633035	2020-09-10	USA	New York	N_America	0	5	3	10	B.1.240	2020-09
ISL_826664	2020-09-08	USA	New York	N_America	0	3	4	15	B.1.1.8	2020-09
ISL_802259	2020-09-18	USA	New York	N_America	0	3	10	15	B.1.1.304	2020-09
ISL_767433	2020-09-23	USA	New York	N_America	0	3	13	16	B.1.2	2020-09
ISL_677109	2020-09-22	USA	New York	N_America	0	3	13	16	B.1.2	2020-09
ISL_633041	2020-09-23	USA	New York	N_America	0	3	8	16	B.1.509	2020-09
ISL_767446	2020-09-25	USA	New York	N_America	0	3	13	16	B.1.2	2020-09
ISL_801899	2020-09-16	USA	New York	N_America	0	1	4	11	B.1	2020-09
ISL_767432	2020-09-23	USA	New York	N_America	0	3	13	16	B.1.2	2020-09
ISL_802297	2020-09-28	USA	New York	N_America	0	3	8	13	B.1.509	2020-09
ISL_765510	2020-09-19	USA	New York	N_America	0	2	4	8	B.1	2020-09
ISL_1228295	2020-09-25	USA	New York	N_America	0	3	13	16	B.1.2	2020-09
ISL_677098	2020-09-08	USA	New York	N_America	0	2	4	8	B.1	2020-09
ISL_802294	2020-09-28	USA	New York	N_America	0	2	5	13	B.1.369	2020-09
ISL_633054	2020-09-08	USA	New York	N_America	0	2	4	15	B.1	2020-09
ISL_677670	2020-09-02	USA	New York	N_America	0	2	3	11	B.1	2020-09
ISL_794026	2020-09-08	USA	New York	N_America	0	2	6	8	B.1.361	2020-09
ISL_802248	2020-09-13	USA	New York	N_America	0	4	4	10	B.1.240	2020-09
ISL_677093	2020-09-03	USA	New York	N_America	0	2	7	14	B.1.349	2020-09
ISL_632984	2020-09-28	USA	New York	N_America	0	3	4	14	B.1.274	2020-09
ISL_801934	2020-09-10	USA	New York	N_America	0	2	7	12	B.1.361	2020-09
ISL_802222	2020-09-03	USA	New York	N_America	0	3	10	14	B.1.1.304	2020-09
ISL_632982	2020-09-24	USA	New York	N_America	0	3	6	13	B.1.1.222	2020-09
ISL_802246	2020-09-12	USA	New York	N_America	0	3	11	14	B.1.1.304	2020-09
ISL_794035	2020-09-30	USA	New York	N_America	0	2	10	12	B.1.509	2020-09
ISL_767431	2020-09-23	USA	New York	N_America	0	3	13	16	B.1.2	2020-09
ISL_633053	2020-09-08	USA	New York	N_America	0	4	7	15	B.1.1.220	2020-09
ISL_767578	2020-09-26	USA	New York	N_America	0	3	13	16	B.1.2	2020-09
ISL_767429	2020-09-23	USA	New York	N_America	0	3	13	16	B.1.2	2020-09
ISL_765509	2020-09-19	USA	New York	N_America	0	2	2	11	B.1.258	2020-09
ISL_802252	2020-09-14	USA	New York	N_America	0	4	11	15	B.1.1.304	2020-09
ISL_1228294	2020-09-09	USA	New York	N_America	0	2	8	12	B.1.363	2020-09
ISL_802285	2020-09-27	USA	New York	N_America	0	3	10	15	B.1.1.304	2020-09
ISL_765511	2020-09-21	USA	New York	N_America	0	3	13	16	B.1.2	2020-09
ISL_802256	2020-09-18	USA	New York	N_America	0	3	6	17	B.1.36	2020-09
ISL_677108	2020-09-22	USA	New York	N_America	0	3	13	16	B.1.2	2020-09
ISL_802267	2020-09-23	USA	New York	N_America	0	3	3	12	B.1	2020-09
ISL_765487	2020-09-09	USA	New York	N_America	0	2	8	12	B.1.363	2020-09
ISL_633076	2020-10-15	USA	New York	N_America	0	4	11	18	B.1.1.304	2020-10
ISL_802344	2020-10-04	USA	New York	N_America	0	1	4	10	B.1	2020-10
ISL_802323	2020-10-01	USA	New York	N_America	0	3	11	14	B.1.1.304	2020-10
ISL_802368	2020-10-08	USA	New York	N_America	0	2	5	14	B.1	2020-10
ISL_671716	2020-10-26	USA	New York	N_America	0	2	12	17	B.1.2	2020-10
ISL_633061	2020-10-14	USA	New York	N_America	0	2	5	14	B.1	2020-10
ISL_671725	2020-10-23	USA	New York	N_America	0	1	6	12	B.1.2	2020-10
ISL_754785	2020-10-22	USA	New York	N_America	0	3	13	16	B.1.2	2020-10
ISL_754686	2020-10-18	USA	New York	N_America	0	3	13	16	B.1.2	2020-10
ISL_754532	2020-10-01	USA	New York	N_America	0	4	5	14	B.1.1.222	2020-10
ISL_754803	2020-10-21	USA	New York	N_America	0	3	13	16	B.1.2	2020-10
ISL_965303	2020-10-13	USA	New York	N_America	0	2	2	20	B.1.258	2020-10
ISL_734351	2020-10-13	USA	New York	N_America	0	5	6	12	B.1.243	2020-10
ISL_734352	2020-10-14	USA	New York	N_America	0	5	6	11	B.1.243	2020-10
ISL_754797	2020-10-22	USA	New York	N_America	0	3	13	16	B.1.2	2020-10
ISL_734355	2020-10-17	USA	New York	N_America	0	3	13	17	B.1.2	2020-10
ISL_734459	2020-10-20	USA	New York	N_America	0	5	5	15	B.1.243	2020-10
ISL_671697	2020-10-20	USA	New York	N_America	0	1	4	13	B.1.390	2020-10
ISL_734304	2020-10-22	USA	New York	N_America	0	3	13	16	B.1.2	2020-10
ISL_802347	2020-10-05	USA	New York	N_America	0	7	7	17	B.1.1.244	2020-10
ISL_794070	2020-10-28	USA	New York	N_America	0	6	5	12	B.1.243	2020-10
ISL_802389	2020-10-09	USA	New York	N_America	0	3	11	15	B.1.1.304	2020-10
ISL_754822	2020-10-21	USA	New York	N_America	0	3	13	16	B.1.2	2020-10
ISL_754697	2020-10-18	USA	New York	N_America	0	3	13	17	B.1.2	2020-10
ISL_754714	2020-10-19	USA	New York	N_America	0	3	13	16	B.1.2	2020-10
ISL_754792	2020-10-22	USA	New York	N_America	0	5	6	11	B.1.243	2020-10
ISL_794068	2020-10-27	USA	New York	N_America	0	3	11	14	B.1.1.304	2020-10
ISL_754818	2020-10-21	USA	New York	N_America	0	3	13	16	B.1.2	2020-10
ISL_754831	2020-10-21	USA	New York	N_America	0	3	13	16	B.1.2	2020-10
ISL_794082	2020-10-30	USA	New York	N_America	0	5	4	14	B.1.1.192	2020-10
ISL_1300979	2020-10-29	USA	New York	N_America	0	3	3	11	B.1.243	2020-10
ISL_633072	2020-10-15	USA	New York	N_America	0	4	6	16	B.1.1.296	2020-10
ISL_734468	2020-10-27	USA	New York	N_America	0	5	5	15	B.1.243	2020-10
ISL_747041	2020-10-05	USA	New York	N_America	0	4	3	9	B.1.240	2020-10
ISL_633021	2020-10-01	USA	New York	N_America	0	2	4	11	B.1.1.29	2020-10
ISL_754703	2020-10-18	USA	New York	N_America	0	3	13	19	B.1.2	2020-10
ISL_683771	2020-10-29	USA	New York	N_America	0	1	5	14	B.1.324	2020-10
ISL_734455	2020-10-20	USA	New York	N_America	0	5	5	15	B.1.243	2020-10
ISL_734380	2020-10-20	USA	New York	N_America	0	5	6	11	B.1.243	2020-10
ISL_734362	2020-10-17	USA	New York	N_America	0	3	13	16	B.1.2	2020-10
ISL_802412	2020-10-12	USA	New York	N_America	0	3	11	14	B.1.1.304	2020-10
ISL_633059	2020-10-08	USA	New York	N_America	0	3	11	14	B.1.1.304	2020-10
ISL_801954	2020-10-01	USA	New York	N_America	0	3	3	12	B.1	2020-10
ISL_754816	2020-10-21	USA	New York	N_America	0	3	13	16	B.1.2	2020-10
ISL_802334	2020-10-04	USA	New York	N_America	0	7	7	17	B.1.1.244	2020-10
ISL_1300973	2020-10-19	USA	New York	N_America	0	2	4	10	B.1.1.29	2020-10
ISL_754813	2020-10-21	USA	New York	N_America	0	3	13	16	B.1.2	2020-10
ISL_754723	2020-10-19	USA	New York	N_America	0	3	13	16	B.1.2	2020-10
ISL_754683	2020-10-17	USA	New York	N_America	0	3	13	16	B.1.2	2020-10
ISL_1300964	2020-10-31	USA	New York	N_America	0	3	11	15	B.1.1.304	2020-10
ISL_671700	2020-10-21	USA	New York	N_America	0	3	11	15	B.1.1.304	2020-10
ISL_1300968	2020-10-19	USA	New York	N_America	0	3	8	15	B.1.509	2020-10
ISL_802427	2020-10-18	USA	New York	N_America	0	2	4	10	B.1.1.29	2020-10
ISL_802413	2020-10-12	USA	New York	N_America	0	3	11	14	B.1.1.304	2020-10
ISL_794075	2020-10-29	USA	New York	N_America	0	6	5	12	B.1.243	2020-10
ISL_734385	2020-10-20	USA	New York	N_America	0	3	13	18	B.1.2	2020-10
ISL_633025	2020-10-02	USA	New York	N_America	0	1	6	14	B.1.320	2020-10
ISL_754719	2020-10-19	USA	New York	N_America	0	3	13	18	B.1.2	2020-10
ISL_802391	2020-10-09	USA	New York	N_America	0	3	11	17	B.1.1.304	2020-10
ISL_683886	2020-10-30	USA	New York	N_America	0	3	12	17	B.1.1.304	2020-10
ISL_754738	2020-10-20	USA	New York	N_America	0	3	13	18	B.1.2	2020-10
ISL_754534	2020-10-05	USA	New York	N_America	0	5	6	11	B.1.243	2020-10
ISL_734354	2020-10-16	USA	New York	N_America	0	2	8	13	B.1.509	2020-10
ISL_801901	2020-10-09	USA	New York	N_America	0	3	10	15	B.1.1.304	2020-10
ISL_801974	2020-10-10	USA	New York	N_America	0	2	17	22	B.1	2020-10
ISL_802383	2020-10-09	USA	New York	N_America	0	3	11	14	B.1.1.304	2020-10
ISL_794050	2020-10-22	USA	New York	N_America	0	3	13	16	B.1.2	2020-10
ISL_633065	2020-10-09	USA	New York	N_America	0	2	8	10	B.1.517	2020-10
ISL_734407	2020-10-26	USA	New York	N_America	0	1	6	12	B.1	2020-10
ISL_734464	2020-10-27	USA	New York	N_America	0	5	5	15	B.1.243	2020-10
ISL_734405	2020-10-24	USA	New York	N_America	0	2	11	17	B.1.311	2020-10
ISL_671704	2020-10-22	USA	New York	N_America	0	2	9	15	B.1.517	2020-10
ISL_754730	2020-10-20	USA	New York	N_America	0	3	13	19	B.1.2	2020-10
ISL_632993	2020-10-05	USA	New York	N_America	0	1	6	11	B.1.433	2020-10
ISL_794044	2020-10-22	USA	New York	N_America	0	3	13	17	B.1.2	2020-10
ISL_802337	2020-10-04	USA	New York	N_America	0	3	10	15	B.1.1.304	2020-10
ISL_734365	2020-10-18	USA	New York	N_America	0	3	13	16	B.1.2	2020-10
ISL_671761	2020-10-30	USA	New York	N_America	0	3	11	15	B.1.1.304	2020-10
ISL_734309	2020-10-01	USA	New York	N_America	0	5	6	11	B.1.243	2020-10
ISL_671728	2020-10-25	USA	New York	N_America	0	3	11	15	B.1.1.304	2020-10
ISL_1300966	2020-10-20	USA	New York	N_America	0	3	10	15	B.1.1.304	2020-10
ISL_794072	2020-10-28	USA	New York	N_America	0	6	5	12	B.1.243	2020-10
ISL_734344	2020-10-11	USA	New York	N_America	0	5	6	11	B.1.243	2020-10
ISL_754833	2020-10-21	USA	New York	N_America	0	3	13	18	B.1.2	2020-10
ISL_734379	2020-10-20	USA	New York	N_America	0	3	13	16	B.1.2	2020-10
ISL_802365	2020-10-07	USA	New York	N_America	0	3	10	14	B.1.1.304	2020-10
ISL_794061	2020-10-23	USA	New York	N_America	0	3	13	16	B.1.2	2020-10
ISL_633006	2020-10-01	USA	New York	N_America	0	1	5	12	B.1.298	2020-10
ISL_671739	2020-10-28	USA	New York	N_America	0	2	5	15	B.1.369	2020-10
ISL_633057	2020-10-08	USA	New York	N_America	0	2	10	17	B.1.2	2020-10
ISL_633078	2020-10-16	USA	New York	N_America	0	3	12	15	B.1.1.304	2020-10
ISL_802408	2020-10-12	USA	New York	N_America	0	3	10	15	B.1.1.304	2020-10
ISL_794047	2020-10-22	USA	New York	N_America	0	3	13	16	B.1.2	2020-10
ISL_734323	2020-10-05	USA	New York	N_America	0	5	6	11	B.1.243	2020-10
ISL_734305	2020-10-23	USA	New York	N_America	0	3	13	17	B.1.2	2020-10
ISL_754779	2020-10-21	USA	New York	N_America	0	3	12	15	B.1.2	2020-10
ISL_734373	2020-10-19	USA	New York	N_America	0	3	13	16	B.1.2	2020-10
ISL_754787	2020-10-22	USA	New York	N_America	0	3	13	17	B.1.2	2020-10
ISL_802377	2020-10-08	USA	New York	N_America	0	4	10	17	B.1.1.304	2020-10
ISL_671688	2020-10-18	USA	New York	N_America	0	4	7	18	B.1.1.1	2020-10
ISL_683850	2020-11-06	USA	New York	N_America	0	6	9	17	B.1.409	2020-11
ISL_683984	2020-11-16	USA	New York	N_America	0	2	5	15	B.1.1.186	2020-11
ISL_683780	2020-11-18	USA	New York	N_America	0	2	4	13	B.1.1.29	2020-11
ISL_734426	2020-11-05	USA	New York	N_America	0	5	6	11	B.1.243	2020-11
ISL_683882	2020-11-13	USA	New York	N_America	0	3	12	17	B.1.1.304	2020-11
ISL_683992	2020-11-17	USA	New York	N_America	0	2	9	12	B.1.517	2020-11
ISL_1300995	2020-11-11	USA	New York	N_America	0	1	10	18	B.1.2	2020-11
ISL_754596	2020-11-22	USA	New York	N_America	0	7	9	16	B.1.243	2020-11
ISL_1060662	2020-11-10	USA	New York	N_America	0	3	11	15	B.1.1.304	2020-11
ISL_683897	2020-11-09	USA	New York	N_America	0	2	11	18	B.1.311	2020-11
ISL_683794	2020-11-20	USA	New York	N_America	0	1	11	20	B.1.2	2020-11
ISL_683949	2020-11-06	USA	New York	N_America	0	2	12	16	B.1.2	2020-11
ISL_683879	2020-11-09	USA	New York	N_America	0	1	5	16	B.1	2020-11
ISL_754603	2020-11-22	USA	New York	N_America	0	7	9	16	B.1.243	2020-11
ISL_754490	2020-11-26	USA	New York	N_America	0	2	14	18	B.1.2	2020-11
ISL_683930	2020-11-16	USA	New York	N_America	0	3	11	17	B.1.1.304	2020-11
ISL_1060619	2020-11-12	USA	New York	N_America	0	2	11	17	B.1.2	2020-11
ISL_1060645	2020-11-12	USA	New York	N_America	0	5	7	14	B.1.243	2020-11
ISL_683809	2020-11-12	USA	New York	N_America	0	6	9	15	B.1.409	2020-11
ISL_683823	2020-11-25	USA	New York	N_America	0	4	9	18	B.1.1.220	2020-11
ISL_745425	2020-11-30	USA	New York	N_America	0	2	4	13	B.1.1.29	2020-11
ISL_1398207	2020-11-21	USA	New York	N_America	0	4	8	17	B.1.1.222	2020-11
ISL_683783	2020-11-18	USA	New York	N_America	0	6	9	17	B.1.409	2020-11
ISL_683975	2020-11-13	USA	New York	N_America	0	6	9	17	B.1.409	2020-11
ISL_1301000	2020-11-17	USA	New York	N_America	0	6	9	15	B.1.409	2020-11
ISL_734427	2020-11-10	USA	New York	N_America	0	5	7	13	B.1.243	2020-11
ISL_683778	2020-11-02	USA	New York	N_America	0	6	9	15	B.1.409	2020-11
ISL_1060651	2020-11-11	USA	New York	N_America	0	3	5	13	B.1.369	2020-11
ISL_754582	2020-11-18	USA	New York	N_America	0	2	12	20	B.1.2	2020-11
ISL_1060624	2020-11-16	USA	New York	N_America	0	3	11	15	B.1.1.304	2020-11
ISL_683875	2020-11-16	USA	New York	N_America	0	2	11	16	B.1.2	2020-11
ISL_683827	2020-11-27	USA	New York	N_America	0	6	8	15	B.1.409	2020-11
ISL_1301055	2020-11-15	USA	New York	N_America	0	3	11	15	B.1.1.304	2020-11
ISL_1060660	2020-11-11	USA	New York	N_America	0	2	14	22	B.1.2	2020-11
ISL_683829	2020-11-27	USA	New York	N_America	0	4	7	20	B.1.1.1	2020-11
ISL_683987	2020-11-16	USA	New York	N_America	0	2	6	15	B.1.1.247	2020-11
ISL_1017583	2020-11-16	USA	New York	N_America	0	1	8	15	B.1.361	2020-11
ISL_754504	2020-11-29	USA	New York	N_America	0	2	6	15	B.1.306	2020-11
ISL_1060627	2020-11-14	USA	New York	N_America	0	2	8	12	B.1.517	2020-11
ISL_754410	2020-11-30	USA	New York	N_America	0	1	11	19	B.1.2	2020-11
ISL_1301048	2020-11-17	USA	New York	N_America	0	3	11	15	B.1.1.304	2020-11
ISL_754593	2020-11-22	USA	New York	N_America	0	7	9	16	B.1.243	2020-11
ISL_754516	2020-11-04	USA	New York	N_America	0	5	6	11	B.1.243	2020-11
ISL_683953	2020-11-09	USA	New York	N_America	0	3	6	13	B.1.1.247	2020-11
ISL_745431	2020-11-30	USA	New York	N_America	0	2	14	19	B.1.2	2020-11
ISL_1060644	2020-11-12	USA	New York	N_America	0	2	14	20	B.1.2	2020-11
ISL_1300982	2020-11-04	USA	New York	N_America	0	3	12	17	B.1.1.304	2020-11
ISL_1301044	2020-11-16	USA	New York	N_America	0	1	11	20	B.1.2	2020-11
ISL_683756	2020-11-18	USA	New York	N_America	0	2	6	23	B.1.404	2020-11
ISL_745426	2020-11-30	USA	New York	N_America	0	3	11	16	B.1.1.304	2020-11
ISL_745434	2020-11-30	USA	New York	N_America	0	3	6	22	B.1.369	2020-11
ISL_1060663	2020-11-10	USA	New York	N_America	0	3	7	16	B.1.1.247	2020-11
ISL_1060667	2020-11-10	USA	New York	N_America	0	4	11	16	B.1.1.304	2020-11
ISL_683912	2020-11-10	USA	New York	N_America	0	2	8	13	B.1.517	2020-11
ISL_745433	2020-11-30	USA	New York	N_America	0	2	14	19	B.1.2	2020-11
ISL_683878	2020-11-09	USA	New York	N_America	0	1	5	16	B.1	2020-11
ISL_754487	2020-11-24	USA	New York	N_America	0	5	9	16	B.1.243	2020-11
ISL_1060652	2020-11-11	USA	New York	N_America	0	1	2	5	B.1	2020-11
ISL_683898	2020-11-09	USA	New York	N_America	0	7	8	21	B.1.1.1	2020-11
ISL_683826	2020-11-27	USA	New York	N_America	0	6	9	17	B.1.409	2020-11
ISL_1301006	2020-11-28	USA	New York	N_America	0	4	11	15	B.1.1.304	2020-11
ISL_683839	2020-11-04	USA	New York	N_America	0	4	9	13	B.1.409	2020-11
ISL_745441	2020-11-02	USA	New York	N_America	0	6	9	15	B.1.409	2020-11
ISL_683920	2020-11-12	USA	New York	N_America	0	6	9	16	B.1.409	2020-11
ISL_683811	2020-11-24	USA	New York	N_America	0	2	11	20	B.1.2	2020-11
ISL_734424	2020-11-05	USA	New York	N_America	0	5	6	11	B.1.243	2020-11
ISL_683795	2020-11-20	USA	New York	N_America	0	2	4	15	B.1.1	2020-11
ISL_1300983	2020-11-03	USA	New York	N_America	0	3	10	15	B.1.1.304	2020-11
ISL_754591	2020-11-22	USA	New York	N_America	0	7	9	16	B.1.243	2020-11
ISL_1060636	2020-11-13	USA	New York	N_America	0	1	11	19	B.1.2	2020-11
ISL_823971	2020-11-19	USA	New York	N_America	0	2	6	10	B.1.306	2020-11
ISL_683779	2020-11-18	USA	New York	N_America	0	3	12	16	B.1.1.304	2020-11
ISL_751717	2020-11-15	USA	New York	N_America	0	2	16	18	B.1.2	2020-11
ISL_754481	2020-11-23	USA	New York	N_America	0	6	9	16	B.1.409	2020-11
ISL_754540	2020-11-13	USA	New York	N_America	0	2	11	17	B.1.311	2020-11
ISL_754491	2020-11-25	USA	New York	N_America	0	5	7	13	B.1.243	2020-11
ISL_683852	2020-11-06	USA	New York	N_America	0	6	10	17	B.1.409	2020-11
ISL_1060665	2020-11-10	USA	New York	N_America	0	4	9	18	B.1.1.220	2020-11
ISL_1301003	2020-11-17	USA	New York	N_America	0	2	6	15	B.1.1.247	2020-11
ISL_754604	2020-11-22	USA	New York	N_America	0	6	9	15	B.1.243	2020-11
ISL_754597	2020-11-22	USA	New York	N_America	0	7	9	17	B.1.243	2020-11
ISL_683993	2020-11-17	USA	New York	N_America	0	6	9	15	B.1.409	2020-11
ISL_1300769	2020-11-24	USA	New York	N_America	0	2	10	14	B.1.2	2020-11
ISL_734425	2020-11-05	USA	New York	N_America	0	5	6	11	B.1.243	2020-11
ISL_683983	2020-11-16	USA	New York	N_America	0	2	5	15	B.1.1.186	2020-11
ISL_754486	2020-11-24	USA	New York	N_America	0	2	5	13	B.1.349	2020-11
ISL_1060630	2020-11-13	USA	New York	N_America	0	2	4	10	B.1.1.29	2020-11
ISL_767627	2020-11-21	USA	New York	N_America	0	2	6	17	B.1.1.207	2020-11
ISL_745428	2020-11-30	USA	New York	N_America	0	5	8	15	B.1.243	2020-11
ISL_734445	2020-11-10	USA	New York	N_America	0	5	7	12	B.1.243	2020-11
ISL_683944	2020-11-06	USA	New York	N_America	0	2	12	16	B.1.2	2020-11
ISL_745438	2020-11-30	USA	New York	N_America	0	4	7	20	B.1.1.1	2020-11
ISL_683797	2020-11-20	USA	New York	N_America	0	2	6	16	B.1.1.207	2020-11
ISL_683856	2020-11-04	USA	New York	N_America	0	1	10	23	B.1.2	2020-11
ISL_683940	2020-11-05	USA	New York	N_America	0	2	6	16	B.1.1.231	2020-11
ISL_683812	2020-11-24	USA	New York	N_America	0	2	12	17	B.1.2	2020-11
ISL_683942	2020-11-06	USA	New York	N_America	0	4	11	16	B.1.1.304	2020-11
ISL_1300991	2020-11-17	USA	New York	N_America	0	5	7	12	B.1.243	2020-11
ISL_683981	2020-11-16	USA	New York	N_America	0	3	10	15	B.1.1.304	2020-11
ISL_683820	2020-11-25	USA	New York	N_America	0	1	7	22	B.1.2	2020-11
ISL_984863	2020-12-27	USA	New York	N_America	0	1	13	22	B.1.2	2020-12
ISL_1009513	2020-12-17	USA	New York	N_America	0	1	11	17	B.1.2	2020-12
ISL_767663	2020-12-01	USA	New York	N_America	0	1	5	17	B.1.324	2020-12
ISL_1301110	2020-12-31	USA	New York	N_America	0	2	5	11	B.1.369	2020-12
ISL_1301034	2020-12-04	USA	New York	N_America	0	3	4	16	B.1.1.291	2020-12
ISL_861321	2020-12-28	USA	New York	N_America	0	3	11	15	B.1.1.304	2020-12
ISL_812736	2020-12-15	USA	New York	N_America	0	5	7	15	B.1.243	2020-12
ISL_1301276	2020-12-31	USA	New York	N_America	0	3	6	18	B.1	2020-12
ISL_1300780	2020-12-22	USA	New York	N_America	0	3	9	13	B.1.1.304	2020-12
ISL_794299	2020-12-19	USA	New York	N_America	0	2	3	10	B.1	2020-12
ISL_745468	2020-12-02	USA	New York	N_America	0	4	11	16	B.1.1.304	2020-12
ISL_1301142	2020-12-10	USA	New York	N_America	0	3	8	13	B.1.517	2020-12
ISL_1228488	2020-12-11	USA	New York	N_America	0	2	6	14	B.1	2020-12
ISL_767515	2020-12-22	USA	New York	N_America	0	2	7	16	B.1.319	2020-12
ISL_1300853	2020-12-18	USA	New York	N_America	0	4	15	21	B.1	2020-12
ISL_861311	2020-12-27	USA	New York	N_America	0	6	9	16	B.1.409	2020-12
ISL_767498	2020-12-21	USA	New York	N_America	0	3	11	17	B.1.1.304	2020-12
ISL_794163	2020-12-29	USA	New York	N_America	0	2	14	19	B.1.2	2020-12
ISL_1020500	2020-12-31	USA	New York	N_America	0	3	4	11	B.1.36	2020-12
ISL_1301283	2020-12-31	USA	New York	N_America	0	2	13	19	B.1.2	2020-12
ISL_1029501	2020-12-27	USA	New York	N_America	0	3	11	14	B.1.1.304	2020-12
ISL_767612	2020-12-26	USA	New York	N_America	0	6	9	19	B.1.409	2020-12
ISL_1301102	2020-12-19	USA	New York	N_America	0	2	8	17	B.1.517	2020-12
ISL_769917	2020-12-28	USA	New York	N_America	0	3	12	17	B.1.1.304	2020-12
ISL_1301151	2020-12-21	USA	New York	N_America	0	3	13	22	B.1.2	2020-12
ISL_1397385	2020-12-14	USA	New York	N_America	0	2	14	20	B.1.2	2020-12
ISL_754414	2020-12-01	USA	New York	N_America	0	6	5	13	B.1.243	2020-12
ISL_861210	2020-12-28	USA	New York	N_America	0	3	11	18	B.1.1.304	2020-12
ISL_824312	2020-12-14	USA	New York	N_America	0	1	6	14	B.1.320	2020-12
ISL_984864	2020-12-27	USA	New York	N_America	0	3	11	15	B.1.1.304	2020-12
ISL_794085	2020-12-28	USA	New York	N_America	0	5	11	19	B.1.243	2020-12
ISL_767466	2020-12-14	USA	New York	N_America	0	3	13	19	B.1.2	2020-12
ISL_823852	2020-12-09	USA	New York	N_America	0	2	12	20	B.1.2	2020-12
ISL_1301258	2020-12-30	USA	New York	N_America	0	3	4	14	B.1.1.192	2020-12
ISL_1301069	2020-12-07	USA	New York	N_America	0	3	11	16	B.1.1.304	2020-12
ISL_767699	2020-12-07	USA	New York	N_America	0	3	11	14	B.1.1.304	2020-12
ISL_1009481	2020-12-14	USA	New York	N_America	0	2	6	13	B.1.361	2020-12
ISL_984788	2020-12-26	USA	New York	N_America	0	3	12	19	B.1.1.304	2020-12
ISL_1301157	2020-12-21	USA	New York	N_America	0	4	7	15	B.1.234	2020-12
ISL_769937	2020-12-26	USA	New York	N_America	0	3	11	16	B.1.1.304	2020-12
ISL_754443	2020-12-04	USA	New York	N_America	0	2	12	16	B.1.2	2020-12
ISL_1227652	2020-12-30	USA	New York	N_America	0	5	7	15	B.1.243	2020-12
ISL_1226004	2020-12-28	USA	New York	N_America	0	2	14	19	B.1.2	2020-12
ISL_1016343	2020-12-21	USA	New York	N_America	0	2	5	12	B.1.1.212	2020-12
ISL_754447	2020-12-06	USA	New York	N_America	0	2	12	21	B.1.2	2020-12
ISL_769925	2020-12-20	USA	New York	N_America	0	3	11	17	B.1.1.304	2020-12
ISL_754432	2020-12-02	USA	New York	N_America	0	3	12	17	B.1.1.304	2020-12
ISL_767562	2020-12-21	USA	New York	N_America	0	2	15	22	B.1.2	2020-12
ISL_794186	2020-12-28	USA	New York	N_America	0	3	13	17	B.1.2	2020-12
ISL_823902	2020-12-07	USA	New York	N_America	0	3	4	23	B.1.160	2020-12
ISL_794103	2020-12-28	USA	New York	N_America	0	5	9	14	B.1.243	2020-12
ISL_794197	2020-12-28	USA	New York	N_America	0	5	10	15	B.1.243	2020-12
ISL_823866	2020-12-09	USA	New York	N_America	0	2	6	13	B.1.361	2020-12
ISL_823920	2020-12-07	USA	New York	N_America	0	2	12	17	B.1.2	2020-12
ISL_767700	2020-12-07	USA	New York	N_America	0	2	5	12	B.1.280	2020-12
ISL_984772	2020-12-26	USA	New York	N_America	0	4	15	23	B.1.526	2020-12
ISL_824311	2020-12-14	USA	New York	N_America	0	3	8	13	B.1.517	2020-12
ISL_802481	2020-12-30	USA	New York	N_America	0	1	11	16	B.1.2	2020-12
ISL_1228315	2020-12-28	USA	New York	N_America	0	2	14	19	B.1.2	2020-12
ISL_824327	2020-12-14	USA	New York	N_America	0	6	9	16	B.1.409	2020-12
ISL_861328	2020-12-24	USA	New York	N_America	0	4	10	22	B.1.1.220	2020-12
ISL_1009495	2020-12-16	USA	New York	N_America	0	3	5	17	B.1.1	2020-12
ISL_1301236	2020-12-28	USA	New York	N_America	0	5	5	14	B.1.177	2020-12
ISL_767708	2020-12-07	USA	New York	N_America	0	1	4	9	B.1	2020-12
ISL_832302	2020-12-21	USA	New York	N_America	0	2	11	18	B.1.311	2020-12
ISL_1228054	2020-12-08	USA	New York	N_America	0	2	7	14	B.1.1.247	2020-12
ISL_1009457	2020-12-07	USA	New York	N_America	0	2	14	20	B.1.2	2020-12
ISL_1301042	2020-12-01	USA	New York	N_America	0	3	6	15	B.1.1.29	2020-12
ISL_832292	2020-12-18	USA	New York	N_America	0	5	5	18	B.1.177	2020-12
ISL_767636	2020-12-02	USA	New York	N_America	0	2	7	19	B.1.361	2020-12
ISL_1009508	2020-12-17	USA	New York	N_America	0	2	12	18	B.1.2	2020-12
ISL_794155	2020-12-27	USA	New York	N_America	0	1	12	22	B.1.2	2020-12
ISL_1228055	2020-12-08	USA	New York	N_America	0	1	4	11	B.1	2020-12
ISL_769945	2020-12-26	USA	New York	N_America	0	5	10	16	B.1.243	2020-12
ISL_794141	2020-12-27	USA	New York	N_America	0	5	7	12	B.1.243	2020-12
ISL_984823	2020-12-27	USA	New York	N_America	0	3	11	15	B.1.1.304	2020-12
ISL_1301035	2020-12-04	USA	New York	N_America	0	3	6	12	B.1.234	2020-12
ISL_1017541	2020-12-21	USA	New York	N_America	0	2	11	18	B.1.2	2020-12
ISL_832310	2020-12-21	USA	New York	N_America	0	2	12	16	B.1.2	2020-12
ISL_767681	2020-12-04	USA	New York	N_America	0	2	6	17	B.1.361	2020-12
ISL_861308	2020-12-28	USA	New York	N_America	0	2	15	19	B.1.526	2020-12
ISL_1227797	2020-12-28	USA	New York	N_America	0	3	11	16	B.1.1.304	2020-12
ISL_830612	2020-12-30	USA	New York	N_America	0	3	14	23	B.1.2	2020-12
ISL_1020488	2020-12-31	USA	New York	N_America	0	4	7	22	B.1.1.38	2020-12
ISL_823870	2020-12-08	USA	New York	N_America	0	2	12	17	B.1.2	2020-12
ISL_802784	2020-12-26	USA	New York	N_America	0	3	12	21	B.1.2	2020-12
ISL_1301095	2020-12-15	USA	New York	N_America	0	6	9	15	B.1.409	2020-12
ISL_1009572	2020-12-30	USA	New York	N_America	0	6	9	17	B.1.409	2020-12
ISL_767556	2020-12-21	USA	New York	N_America	0	5	9	15	B.1.243	2020-12
ISL_823845	2020-12-09	USA	New York	N_America	0	6	10	18	B.1.409	2020-12
ISL_1020538	2020-12-29	USA	New York	N_America	0	1	11	16	B.1.2	2020-12
ISL_767424	2020-12-21	USA	New York	N_America	0	2	7	16	B.1.361	2020-12
ISL_861268	2020-12-26	USA	New York	N_America	0	4	5	15	B.1.1.159	2020-12
ISL_767653	2020-12-21	USA	New York	N_America	0	3	6	14	B.1.369	2020-12
ISL_830660	2020-12-29	USA	New York	N_America	0	5	7	14	B.1.243	2020-12
ISL_1227033	2020-12-09	USA	New York	N_America	0	4	16	24	B.1.526	2020-12
ISL_984805	2020-12-26	USA	New York	N_America	0	6	9	15	B.1.409	2020-12
ISL_767487	2020-12-18	USA	New York	N_America	0	2	16	20	B.1.2	2020-12
ISL_769959	2020-12-23	USA	New York	N_America	0	3	6	14	B.1.234	2020-12
ISL_984825	2020-12-27	USA	New York	N_America	0	2	13	16	B.1.2	2020-12
ISL_1226992	2021-01-14	USA	New York	N_America	0	3	20	27	B.1	2021-01
ISL_1227483	2021-01-15	USA	New York	N_America	0	3	12	17	B.1.1.304	2021-01
ISL_983254	2021-01-08	USA	New York	N_America	0	2	16	20	B.1.2	2021-01
ISL_1226680	2021-01-29	USA	New York	N_America	0	3	13	24	B.1.2	2021-01
ISL_936215	2021-01-11	USA	New York	N_America	0	5	9	16	B.1.243	2021-01
ISL_1401036	2021-01-14	USA	New York	N_America	0	1	8	18	B.1.2	2021-01
ISL_1398210	2021-01-10	USA	New York	N_America	0	3	3	12	B.1	2021-01
ISL_884086	2021-01-06	USA	New York	N_America	0	3	12	23	B.1.2	2021-01
ISL_1016287	2021-01-18	USA	New York	N_America	0	5	14	23	B.1	2021-01
ISL_861400	2021-01-06	USA	New York	N_America	0	3	3	16	B.1	2021-01
ISL_1398209	2021-01-10	USA	New York	N_America	0	3	3	12	B.1	2021-01
ISL_936271	2021-01-17	USA	New York	N_America	0	5	17	24	B.1.526	2021-01
ISL_883495	2021-01-11	USA	New York	N_America	0	3	6	14	B.1.234	2021-01
ISL_1016299	2021-01-18	USA	New York	N_America	0	3	8	19	B.1.361	2021-01
ISL_1301376	2021-01-20	USA	New York	N_America	0	3	5	15	B.1.1	2021-01
ISL_861340	2021-01-07	USA	New York	N_America	0	2	8	15	B.1.517	2021-01
ISL_1227711	2021-01-19	USA	New York	N_America	0	2	15	23	B.1.2	2021-01
ISL_982455	2021-01-02	USA	New York	N_America	0	3	12	17	B.1.1.304	2021-01
ISL_1227514	2021-01-22	USA	New York	N_America	0	1	5	14	B.1.318	2021-01
ISL_1016131	2021-01-31	USA	New York	N_America	0	2	16	20	B.1.2	2021-01
ISL_984900	2021-01-19	USA	New York	N_America	0	5	8	19	B.1.234	2021-01
ISL_937145	2021-01-19	USA	New York	N_America	0	4	5	15	B.1.1	2021-01
ISL_1021383	2021-01-18	USA	New York	N_America	0	3	12	25	B.1.2	2021-01
ISL_1227962	2021-01-02	USA	New York	N_America	0	3	15	23	B.1.2	2021-01
ISL_1301185	2021-01-10	USA	New York	N_America	0	6	7	15	B.1.243	2021-01
ISL_883339	2021-01-14	USA	New York	N_America	0	4	15	23	B.1.526	2021-01
ISL_966160	2021-01-02	USA	New York	N_America	0	3	7	18	B.1.1.247	2021-01
ISL_983102	2021-01-04	USA	New York	N_America	0	1	11	19	B.1	2021-01
ISL_1094378	2021-01-25	USA	New York	N_America	0	5	8	21	R.1	2021-01
ISL_1087118	2021-01-25	USA	New York	N_America	0	3	8	22	B.1.1.222	2021-01
ISL_1227501	2021-01-19	USA	New York	N_America	0	3	7	18	P.2	2021-01
ISL_1021257	2021-01-19	USA	New York	N_America	0	3	4	13	B.1.1	2021-01
ISL_1226674	2021-01-11	USA	New York	N_America	1	4	7	32	A.2.4	2021-01
ISL_830641	2021-01-04	USA	New York	N_America	0	2	14	21	B.1.2	2021-01
ISL_1228435	2021-01-11	USA	New York	N_America	0	2	12	19	B.1.2	2021-01
ISL_1226694	2021-01-15	USA	New York	N_America	0	3	11	20	B.1.1.304	2021-01
ISL_1395740	2021-01-27	USA	New York	N_America	0	3	7	20	B.1.1.222	2021-01
ISL_1397404	2021-01-21	USA	New York	N_America	0	5	6	13	B.1.243	2021-01
ISL_1228399	2021-01-17	USA	New York	N_America	0	5	9	16	B.1.243	2021-01
ISL_1227512	2021-01-21	USA	New York	N_America	0	2	8	16	B.1.517	2021-01
ISL_1228099	2021-01-04	USA	New York	N_America	0	5	7	16	B.1.243	2021-01
ISL_937201	2021-01-22	USA	New York	N_America	0	4	16	24	B.1.526	2021-01
ISL_1050037	2021-01-16	USA	New York	N_America	0	1	10	26	B.1.2	2021-01
ISL_1016334	2021-01-18	USA	New York	N_America	0	2	4	22	B.1.1.296	2021-01
ISL_802495	2021-01-02	USA	New York	N_America	0	2	16	20	B.1.2	2021-01
ISL_1016285	2021-01-19	USA	New York	N_America	0	2	8	14	B.1.517	2021-01
ISL_936061	2021-01-02	USA	New York	N_America	0	3	5	12	B.1.234	2021-01
ISL_1016475	2021-01-06	USA	New York	N_America	0	5	7	14	B.1.243	2021-01
ISL_1227617	2021-01-11	USA	New York	N_America	0	2	8	17	B.1.427	2021-01
ISL_1228159	2021-01-14	USA	New York	N_America	0	4	9	21	B.1.1.220	2021-01
ISL_1226451	2021-01-29	USA	New York	N_America	0	5	8	16	B.1.243	2021-01
ISL_1228142	2021-01-07	USA	New York	N_America	0	2	12	20	B.1.2	2021-01
ISL_983111	2021-01-04	USA	New York	N_America	0	3	19	26	B.1	2021-01
ISL_983100	2021-01-05	USA	New York	N_America	0	3	13	19	B.1.2	2021-01
ISL_937234	2021-01-25	USA	New York	N_America	0	3	7	19	R.2	2021-01
ISL_983448	2021-01-31	USA	New York	N_America	0	5	9	17	B.1.243	2021-01
ISL_857220	2021-01-04	USA	New York	N_America	0	1	11	14	B.1.2	2021-01
ISL_1009589	2021-01-06	USA	New York	N_America	0	1	13	21	B.1.2	2021-01
ISL_935976	2021-01-05	USA	New York	N_America	0	3	12	25	B.1.2	2021-01
ISL_1016305	2021-01-17	USA	New York	N_America	0	2	13	23	B.1.2	2021-01
ISL_1050011	2021-01-16	USA	New York	N_America	0	4	13	22	B.1	2021-01
ISL_883368	2021-01-14	USA	New York	N_America	0	4	15	21	B.1.369	2021-01
ISL_983492	2021-01-20	USA	New York	N_America	0	2	11	18	B.1.311	2021-01
ISL_884078	2021-01-08	USA	New York	N_America	0	5	4	9	B.1.243	2021-01
ISL_937139	2021-01-19	USA	New York	N_America	0	3	10	21	B.1.1.304	2021-01
ISL_1227287	2021-01-06	USA	New York	N_America	0	3	12	17	B.1.1.304	2021-01
ISL_883492	2021-01-11	USA	New York	N_America	0	3	14	22	B.1.2	2021-01
ISL_1016438	2021-01-12	USA	New York	N_America	0	5	7	15	B.1.243	2021-01
ISL_1401033	2021-01-14	USA	New York	N_America	0	2	13	23	B.1.2	2021-01
ISL_983116	2021-01-11	USA	New York	N_America	0	3	13	21	B.1.2	2021-01
ISL_1301206	2021-01-11	USA	New York	N_America	0	2	14	21	B.1.2	2021-01
ISL_1395716	2021-01-19	USA	New York	N_America	0	4	8	25	B.1.1.222	2021-01
ISL_984882	2021-01-18	USA	New York	N_America	0	3	19	26	B.1	2021-01
ISL_854446	2021-01-05	USA	New York	N_America	0	7	21	32	B.1.1.7	2021-01
ISL_883382	2021-01-14	USA	New York	N_America	0	1	14	21	B.1.2	2021-01
ISL_1227899	2021-01-11	USA	New York	N_America	0	6	9	18	B.1.409	2021-01
ISL_1301181	2021-01-07	USA	New York	N_America	0	2	11	20	B.1.311	2021-01
ISL_1226508	2021-01-18	USA	New York	N_America	0	4	12	20	B.1	2021-01
ISL_937220	2021-01-25	USA	New York	N_America	0	2	13	18	B.1.2	2021-01
ISL_1038302	2021-01-29	USA	New York	N_America	0	2	14	23	B.1.2	2021-01
ISL_966551	2021-01-02	USA	New York	N_America	0	3	4	12	B.1.1.192	2021-01
ISL_1227374	2021-01-27	USA	New York	N_America	0	4	7	14	B.1.234	2021-01
ISL_883392	2021-01-12	USA	New York	N_America	0	5	10	17	B.1.1.304	2021-01
ISL_936050	2021-01-08	USA	New York	N_America	0	4	10	16	B.1.1.304	2021-01
ISL_994808	2021-01-30	USA	New York	N_America	0	3	14	25	B.1.2	2021-01
ISL_1020550	2021-01-01	USA	New York	N_America	0	6	6	16	B.1.177	2021-01
ISL_1398046	2021-01-18	USA	New York	N_America	0	7	9	17	B.1.409	2021-01
ISL_994827	2021-01-29	USA	New York	N_America	0	3	11	17	B.1.1.304	2021-01
ISL_857185	2021-01-11	USA	New York	N_America	0	3	10	16	B.1.1.304	2021-01
ISL_883415	2021-01-15	USA	New York	N_America	1	1	8	21	B.1.429	2021-01
ISL_1397392	2021-01-20	USA	New York	N_America	0	2	13	26	B.1.2	2021-01
ISL_1064752	2021-01-31	USA	New York	N_America	0	1	10	19	B.1.2	2021-01
ISL_983240	2021-01-05	USA	New York	N_America	0	2	6	17	B.1	2021-01
ISL_1228255	2021-01-18	USA	New York	N_America	0	3	10	16	B.1.1.304	2021-01
ISL_1395726	2021-01-28	USA	New York	N_America	0	2	14	25	B.1.2	2021-01
ISL_936127	2021-01-23	USA	New York	N_America	0	3	10	16	B.1.1.304	2021-01
ISL_1228133	2021-01-04	USA	New York	N_America	0	2	4	9	B.1	2021-01
ISL_1398217	2021-01-10	USA	New York	N_America	0	2	14	21	B.1.2	2021-01
ISL_861124	2021-01-02	USA	New York	N_America	0	2	13	19	B.1.2	2021-01
ISL_1398258	2021-01-28	USA	New York	N_America	0	7	8	16	B.1.243	2021-01
ISL_1064869	2021-02-03	USA	New York	N_America	0	3	14	26	B.1.2	2021-02
ISL_1098289	2021-02-19	USA	New York	N_America	0	1	6	7	B.1	2021-02
ISL_1041326	2021-02-09	USA	New York	N_America	0	2	11	17	B.1.311	2021-02
ISL_1041415	2021-02-10	USA	New York	N_America	0	5	17	27	B.1.526	2021-02
ISL_1088177	2021-02-04	USA	New York	N_America	0	2	11	17	B.1.2	2021-02
ISL_1041704	2021-02-14	USA	New York	N_America	0	2	13	19	B.1.526	2021-02
ISL_1227193	2021-02-11	USA	New York	N_America	0	2	15	20	B.1.526	2021-02
ISL_1121891	2021-02-16	USA	New York	N_America	0	4	8	24	B.1.1.1	2021-02
ISL_1227772	2021-02-02	USA	New York	N_America	0	5	7	15	B.1.243	2021-02
ISL_995072	2021-02-08	USA	New York	N_America	0	3	14	18	B.1.526	2021-02
ISL_1017983	2021-02-04	USA	New York	N_America	1	2	10	27	B.1	2021-02
ISL_1172463	2021-02-26	USA	New York	N_America	0	7	23	34	B.1.1.7	2021-02
ISL_994873	2021-02-02	USA	New York	N_America	0	4	14	22	B.1	2021-02
ISL_1227947	2021-02-09	USA	New York	N_America	0	3	7	15	B.1.1.247	2021-02
ISL_1397578	2021-02-25	USA	New York	N_America	0	3	13	23	B.1.2	2021-02
ISL_1195901	2021-02-25	USA	New York	N_America	0	3	19	28	B.1	2021-02
ISL_1398311	2021-02-26	USA	New York	N_America	1	2	8	23	B.1.429	2021-02
ISL_1227271	2021-02-16	USA	New York	N_America	0	6	7	16	B.1.243	2021-02
ISL_1041815	2021-02-14	USA	New York	N_America	0	3	11	17	B.1.487	2021-02
ISL_1227558	2021-02-08	USA	New York	N_America	0	7	5	15	B.1.243	2021-02
ISL_1110651	2021-02-05	USA	New York	N_America	0	8	19	36	B.1.1.7	2021-02
ISL_1041213	2021-02-03	USA	New York	N_America	0	1	11	24	B.1.2	2021-02
ISL_1098347	2021-02-19	USA	New York	N_America	0	3	14	19	B.1.526	2021-02
ISL_1114521	2021-02-19	USA	New York	N_America	0	5	17	26	B.1.526	2021-02
ISL_1227248	2021-02-11	USA	New York	N_America	0	6	8	23	R.1	2021-02
ISL_1172272	2021-02-24	USA	New York	N_America	0	7	17	29	B.1.1.7	2021-02
ISL_1267348	2021-02-24	USA	New York	N_America	0	3	16	22	B.1.2	2021-02
ISL_1395709	2021-02-14	USA	New York	N_America	0	2	4	8	B.1.1.29	2021-02
ISL_1064813	2021-02-11	USA	New York	N_America	0	5	17	25	B.1.526	2021-02
ISL_995090	2021-02-08	USA	New York	N_America	0	5	5	18	B.1.177	2021-02
ISL_1172400	2021-02-26	USA	New York	N_America	0	3	12	24	B.1.2	2021-02
ISL_1098442	2021-02-20	USA	New York	N_America	0	5	14	23	B.1	2021-02
ISL_995170	2021-02-08	USA	New York	N_America	0	3	16	21	B.1.2	2021-02
ISL_1398134	2021-02-26	USA	New York	N_America	0	2	14	20	B.1.526	2021-02
ISL_1269067	2021-02-17	USA	New York	N_America	0	2	14	21	B.1.2	2021-02
ISL_1097951	2021-02-16	USA	New York	N_America	0	2	5	15	B.1.349	2021-02
ISL_1397827	2021-02-01	USA	New York	N_America	0	5	17	27	B.1.526	2021-02
ISL_1041431	2021-02-09	USA	New York	N_America	0	3	19	30	B.1	2021-02
ISL_1226931	2021-02-22	USA	New York	N_America	0	4	13	19	B.1	2021-02
ISL_1172742	2021-02-27	USA	New York	N_America	0	5	17	28	B.1.526	2021-02
ISL_1184136	2021-02-02	USA	New York	N_America	0	4	6	14	B.1.1.220	2021-02
ISL_1320347	2021-02-24	USA	New York	N_America	1	4	7	34	A.2.4	2021-02
ISL_1098128	2021-02-18	USA	New York	N_America	0	2	15	22	B.1.526	2021-02
ISL_1098461	2021-02-19	USA	New York	N_America	0	3	11	16	B.1	2021-02
ISL_1227032	2021-02-11	USA	New York	N_America	0	2	15	21	B.1.526	2021-02
ISL_1064876	2021-02-05	USA	New York	N_America	0	3	6	21	B.1.1.85	2021-02
ISL_1172266	2021-02-24	USA	New York	N_America	0	7	23	37	B.1.1.7	2021-02
ISL_994952	2021-02-06	USA	New York	N_America	0	2	15	20	B.1.526	2021-02
ISL_994956	2021-02-06	USA	New York	N_America	0	4	14	20	B.1	2021-02
ISL_1114519	2021-02-19	USA	New York	N_America	0	3	5	31	B.1.525	2021-02
ISL_1172250	2021-02-23	USA	New York	N_America	0	6	17	25	B.1.526	2021-02
ISL_1041758	2021-02-15	USA	New York	N_America	0	1	4	5	B.1	2021-02
ISL_1172424	2021-02-26	USA	New York	N_America	0	7	24	35	B.1.1.7	2021-02
ISL_1172454	2021-02-26	USA	New York	N_America	0	5	17	26	B.1.526	2021-02
ISL_1098515	2021-02-22	USA	New York	N_America	0	8	22	36	B.1.1.7	2021-02
ISL_1379233	2021-02-19	USA	New York	N_America	0	2	12	22	B.1.2	2021-02
ISL_1097790	2021-02-14	USA	New York	N_America	0	1	12	20	B.1.2	2021-02
ISL_995058	2021-02-08	USA	New York	N_America	0	4	15	22	B.1	2021-02
ISL_1041570	2021-02-12	USA	New York	N_America	0	7	7	19	B.1.1.244	2021-02
ISL_1227095	2021-02-08	USA	New York	N_America	0	2	15	20	B.1.526	2021-02
ISL_1172867	2021-02-28	USA	New York	N_America	0	2	15	22	B.1.526	2021-02
ISL_1227411	2021-02-05	USA	New York	N_America	1	2	7	17	B.1.503	2021-02
ISL_1227616	2021-02-09	USA	New York	N_America	0	3	15	23	B.1.2	2021-02
ISL_1041486	2021-02-10	USA	New York	N_America	0	4	14	24	B.1	2021-02
ISL_994908	2021-02-03	USA	New York	N_America	0	8	22	35	B.1.1.7	2021-02
ISL_1097965	2021-02-16	USA	New York	N_America	0	3	16	21	B.1.526	2021-02
ISL_1398001	2021-02-24	USA	New York	N_America	1	3	8	23	B.1.427	2021-02
ISL_1098106	2021-02-17	USA	New York	N_America	0	2	7	18	B.1.1.33	2021-02
ISL_1272927	2021-02-23	USA	New York	N_America	1	2	8	25	B.1.429	2021-02
ISL_1227114	2021-02-21	USA	New York	N_America	0	2	15	20	B.1.526	2021-02
ISL_1172114	2021-02-23	USA	New York	N_America	0	3	14	26	B.1.2	2021-02
ISL_1226807	2021-02-04	USA	New York	N_America	0	5	17	27	B.1.526	2021-02
ISL_1041661	2021-02-13	USA	New York	N_America	0	3	15	23	B.1.526	2021-02
ISL_1098512	2021-02-22	USA	New York	N_America	0	2	11	17	B.1.2	2021-02
ISL_1200539	2021-02-27	USA	New York	N_America	0	8	22	36	B.1.1.7	2021-02
ISL_1397691	2021-02-27	USA	New York	N_America	0	3	15	20	B.1.526	2021-02
ISL_1098428	2021-02-19	USA	New York	N_America	0	2	15	21	B.1.526	2021-02
ISL_1227534	2021-02-06	USA	New York	N_America	0	3	4	18	B.1.111	2021-02
ISL_1097922	2021-02-16	USA	New York	N_America	0	4	16	24	B.1.526	2021-02
ISL_1097826	2021-02-16	USA	New York	N_America	0	3	15	21	B.1.526	2021-02
ISL_1114492	2021-02-17	USA	New York	N_America	0	7	23	36	B.1.1.7	2021-02
ISL_1016185	2021-02-01	USA	New York	N_America	0	2	15	21	B.1.526	2021-02
ISL_1227092	2021-02-08	USA	New York	N_America	0	2	15	21	B.1.526	2021-02
ISL_1064855	2021-02-10	USA	New York	N_America	0	2	15	20	B.1.526	2021-02
ISL_1200562	2021-02-24	USA	New York	N_America	0	2	16	20	B.1.526	2021-02
ISL_1397983	2021-02-18	USA	New York	N_America	0	2	14	21	B.1.2	2021-02
ISL_1397547	2021-02-05	USA	New York	N_America	0	3	5	17	B.1.243	2021-02
ISL_1172557	2021-02-26	USA	New York	N_America	0	2	15	22	B.1.526	2021-02
ISL_1172594	2021-02-26	USA	New York	N_America	0	2	15	22	B.1.526	2021-02
ISL_1098116	2021-02-17	USA	New York	N_America	0	3	17	22	B.1	2021-02
ISL_1397639	2021-02-27	USA	New York	N_America	0	2	16	20	B.1.526	2021-02
ISL_1159066	2021-02-10	USA	New York	N_America	0	1	12	16	B.1.2	2021-02
ISL_1254171	2021-02-24	USA	New York	N_America	0	2	7	15	B.1.349	2021-02
ISL_1098247	2021-02-18	USA	New York	N_America	0	3	19	27	B.1	2021-02
ISL_1172572	2021-02-26	USA	New York	N_America	0	1	11	23	B.1.2	2021-02
ISL_1098597	2021-02-22	USA	New York	N_America	0	5	8	22	R.1	2021-02
ISL_994893	2021-02-03	USA	New York	N_America	0	2	4	13	B.1	2021-02
ISL_1097912	2021-02-16	USA	New York	N_America	0	2	14	21	B.1	2021-02
ISL_1394637	2021-02-01	USA	New York	N_America	0	5	7	15	B.1.243	2021-02
ISL_1379344	2021-02-28	USA	New York	N_America	0	5	17	27	B.1.526	2021-02
ISL_1385318	2021-03-22	USA	New York	N_America	0	8	22	38	B.1.1.7	2021-03
ISL_1307602	2021-03-10	USA	New York	N_America	0	1	5	8	B.1	2021-03
ISL_1397699	2021-03-01	USA	New York	N_America	0	5	8	26	R.1	2021-03
ISL_1385257	2021-03-19	USA	New York	N_America	0	4	19	29	B.1	2021-03
ISL_1306356	2021-03-14	USA	New York	N_America	0	4	15	23	B.1	2021-03
ISL_1395767	2021-03-04	USA	New York	N_America	0	2	13	22	B.1.2	2021-03
ISL_1423472	2021-03-21	USA	New York	N_America	0	2	18	29	B.1	2021-03
ISL_1173143	2021-03-03	USA	New York	N_America	0	3	15	25	B.1.526	2021-03
ISL_1306468	2021-03-12	USA	New York	N_America	0	2	6	10	B.1	2021-03
ISL_1307405	2021-03-10	USA	New York	N_America	0	2	15	21	B.1.526	2021-03
ISL_1306667	2021-03-11	USA	New York	N_America	0	1	6	9	B.1	2021-03
ISL_1172906	2021-03-01	USA	New York	N_America	0	3	5	9	B.1	2021-03
ISL_1306881	2021-03-13	USA	New York	N_America	0	1	8	11	B.1	2021-03
ISL_1307576	2021-03-10	USA	New York	N_America	0	2	14	18	B.1.526	2021-03
ISL_1384905	2021-03-16	USA	New York	N_America	0	4	20	31	B.1	2021-03
ISL_1397598	2021-03-01	USA	New York	N_America	0	5	14	27	B.1	2021-03
ISL_1307157	2021-03-08	USA	New York	N_America	0	4	15	26	B.1.526	2021-03
ISL_1306686	2021-03-13	USA	New York	N_America	0	1	6	9	B.1	2021-03
ISL_1307377	2021-03-09	USA	New York	N_America	0	1	8	11	B.1	2021-03
ISL_1398189	2021-03-04	USA	New York	N_America	0	2	15	22	B.1.2	2021-03
ISL_1385026	2021-03-17	USA	New York	N_America	0	5	14	23	B.1	2021-03
ISL_1306880	2021-03-13	USA	New York	N_America	0	4	16	24	B.1.526	2021-03
ISL_1307349	2021-03-10	USA	New York	N_America	0	3	14	22	B.1.526	2021-03
ISL_1258529	2021-03-08	USA	New York	N_America	0	2	11	19	B.1.2	2021-03
ISL_1306646	2021-03-12	USA	New York	N_America	0	1	4	6	B.1	2021-03
ISL_1397700	2021-03-02	USA	New York	N_America	0	8	23	39	B.1.1.7	2021-03
ISL_1262526	2021-03-02	USA	New York	N_America	0	7	23	34	B.1.1.7	2021-03
ISL_1173075	2021-03-03	USA	New York	N_America	0	5	17	27	B.1.526	2021-03
ISL_1385322	2021-03-19	USA	New York	N_America	0	6	16	25	B.1.526	2021-03
ISL_1258882	2021-03-07	USA	New York	N_America	0	3	15	20	B.1.526	2021-03
ISL_1306438	2021-03-15	USA	New York	N_America	0	4	19	32	B.1	2021-03
ISL_1306824	2021-03-13	USA	New York	N_America	0	1	6	9	B.1	2021-03
ISL_1385049	2021-03-17	USA	New York	N_America	0	8	22	39	B.1.1.7	2021-03
ISL_1384989	2021-03-17	USA	New York	N_America	0	2	15	21	B.1.526	2021-03
ISL_1322796	2021-03-11	USA	New York	N_America	1	2	9	23	B.1.324	2021-03
ISL_1307076	2021-03-09	USA	New York	N_America	0	5	16	25	B.1.526	2021-03
ISL_1307113	2021-03-09	USA	New York	N_America	0	2	11	15	B.1.526	2021-03
ISL_1261834	2021-03-08	USA	New York	N_America	0	2	16	23	B.1.526	2021-03
ISL_1340472	2021-03-07	USA	New York	N_America	0	2	15	26	B.1.2	2021-03
ISL_1306481	2021-03-12	USA	New York	N_America	0	5	17	24	B.1.526	2021-03
ISL_1306307	2021-03-15	USA	New York	N_America	0	2	15	22	B.1.526	2021-03
ISL_1200573	2021-03-01	USA	New York	N_America	0	6	17	30	B.1.526	2021-03
ISL_1258510	2021-03-05	USA	New York	N_America	0	7	23	36	B.1.1.7	2021-03
ISL_1307053	2021-03-09	USA	New York	N_America	0	4	11	17	B.1.526	2021-03
ISL_1258613	2021-03-07	USA	New York	N_America	0	8	22	39	B.1.1.7	2021-03
ISL_1307296	2021-03-10	USA	New York	N_America	0	4	15	27	B.1.526	2021-03
ISL_1300257	2021-03-04	USA	New York	N_America	0	7	23	34	B.1.1.7	2021-03
ISL_1385484	2021-03-21	USA	New York	N_America	0	2	19	29	B.1	2021-03
ISL_1385276	2021-03-20	USA	New York	N_America	0	2	15	21	B.1.526	2021-03
ISL_1319189	2021-03-01	USA	New York	N_America	0	4	12	26	B.1.2	2021-03
ISL_1398186	2021-03-04	USA	New York	N_America	0	5	17	25	B.1.526	2021-03
ISL_1258753	2021-03-03	USA	New York	N_America	0	2	15	22	B.1.526	2021-03
ISL_1397668	2021-03-01	USA	New York	N_America	0	2	16	21	B.1.526	2021-03
ISL_1337484	2021-03-16	USA	New York	N_America	0	6	8	23	R.1	2021-03
ISL_1306839	2021-03-13	USA	New York	N_America	0	1	7	10	B.1	2021-03
ISL_1307271	2021-03-10	USA	New York	N_America	0	2	15	20	B.1.526	2021-03
ISL_1307493	2021-03-09	USA	New York	N_America	0	5	17	25	B.1.526	2021-03
ISL_1423500	2021-03-18	USA	New York	N_America	0	5	17	25	B.1.526	2021-03
ISL_1306732	2021-03-12	USA	New York	N_America	0	1	3	6	B.1	2021-03
ISL_1423429	2021-03-17	USA	New York	N_America	0	3	7	22	B.1.1.222	2021-03
ISL_1258884	2021-03-08	USA	New York	N_America	0	2	15	21	B.1.526	2021-03
ISL_1385443	2021-03-22	USA	New York	N_America	0	2	19	30	B.1	2021-03
ISL_1306728	2021-03-12	USA	New York	N_America	0	1	8	11	B.1	2021-03
ISL_1306800	2021-03-13	USA	New York	N_America	0	1	5	8	B.1	2021-03
ISL_1261828	2021-03-03	USA	New York	N_America	0	3	19	28	B.1	2021-03
ISL_1306542	2021-03-11	USA	New York	N_America	0	1	7	9	B.1	2021-03
ISL_1306676	2021-03-12	USA	New York	N_America	0	2	4	8	B.1	2021-03
ISL_1385291	2021-03-20	USA	New York	N_America	0	4	17	25	B.1	2021-03
ISL_1258809	2021-03-06	USA	New York	N_America	0	2	15	19	B.1.526	2021-03
ISL_1385719	2021-03-24	USA	New York	N_America	0	3	15	22	B.1.526	2021-03
ISL_1173044	2021-03-01	USA	New York	N_America	0	4	15	24	B.1.526	2021-03
ISL_1398184	2021-03-04	USA	New York	N_America	0	2	17	25	B.1	2021-03
ISL_1398049	2021-03-04	USA	New York	N_America	0	3	18	25	B.1	2021-03
ISL_1337500	2021-03-10	USA	New York	N_America	0	8	22	35	B.1.1.7	2021-03
ISL_1385566	2021-03-22	USA	New York	N_America	0	6	17	26	B.1.526	2021-03
ISL_1398334	2021-03-13	USA	New York	N_America	0	2	15	21	B.1.526	2021-03
ISL_1307290	2021-03-09	USA	New York	N_America	0	1	7	11	B.1	2021-03
ISL_1385060	2021-03-17	USA	New York	N_America	0	7	23	35	B.1.1.7	2021-03
ISL_1306345	2021-03-13	USA	New York	N_America	0	5	17	26	B.1.526	2021-03
ISL_1307505	2021-03-10	USA	New York	N_America	0	2	8	13	B.1	2021-03
ISL_1172995	2021-03-01	USA	New York	N_America	0	5	17	24	B.1.526	2021-03
ISL_1172940	2021-03-01	USA	New York	N_America	0	5	17	26	B.1.526	2021-03
ISL_1173049	2021-03-03	USA	New York	N_America	0	2	15	20	B.1.526	2021-03
ISL_1385221	2021-03-20	USA	New York	N_America	0	1	10	15	B.1	2021-03
ISL_1172947	2021-03-01	USA	New York	N_America	0	4	17	27	B.1	2021-03
ISL_1258751	2021-03-03	USA	New York	N_America	0	5	17	28	B.1.526	2021-03
ISL_1258605	2021-03-05	USA	New York	N_America	0	8	22	37	B.1.1.7	2021-03
ISL_1258800	2021-03-04	USA	New York	N_America	0	2	15	20	B.1.526	2021-03
ISL_1258953	2021-03-04	USA	New York	N_America	0	3	7	19	B.1.1.247	2021-03
ISL_1262574	2021-03-03	USA	New York	N_America	0	5	8	22	R.1	2021-03
ISL_1173035	2021-03-01	USA	New York	N_America	0	9	22	39	B.1.1.7	2021-03
ISL_1300241	2021-03-05	USA	New York	N_America	0	2	15	24	B.1.526	2021-03
ISL_1385414	2021-03-22	USA	New York	N_America	0	2	15	24	B.1.526	2021-03
ISL_1306638	2021-03-12	USA	New York	N_America	0	1	5	6	B.1	2021-03
ISL_1337527	2021-03-10	USA	New York	N_America	0	4	16	27	B.1.526	2021-03
ISL_1338525	2021-03-07	USA	New York	N_America	0	3	12	25	B.1.2	2021-03
ISL_1385627	2021-03-22	USA	New York	N_America	0	10	22	40	B.1.1.7	2021-03
ISL_1307415	2021-03-10	USA	New York	N_America	0	1	6	9	B.1	2021-03
ISL_1322799	2021-03-13	USA	New York	N_America	0	5	9	17	B.1.243	2021-03
ISL_1261832	2021-03-09	USA	New York	N_America	0	2	16	24	B.1.526	2021-03
