SNP	313	cv-T313	C	nsp1	CTC	3	48	T	synonymous	0.007874	10	NA	NA	New_York
SNP	335	cv-T335	C	nsp1	CGC	1	70	T	missense	0.010236	13	R24C	NA	New_York
SNP	346	cv-T346	C	nsp1	CTC	3	81	T	synonymous	0.005512	7	NA	NA	New_York
SNP	445	cv-C445	T	nsp1	GTT	3	180	C	synonymous	0.005512	7	NA	NA	New_York
SNP	619	cv-T619	C	nsp1	TAC	3	354	T	synonymous	0.005512	7	NA	NA	New_York
SNP	673	cv-T673	C	nsp1	TAC	3	408	T	synonymous	0.006299	8	NA	NA	New_York
SNP	913	cv-T913	C	nsp2	TCC	3	108	T	synonymous	0.020472	26	NA	NA	New_York
SNP	936	cv-T936	C	nsp2	ACT	2	131	T	missense	0.065354	83	T44I	NA	New_York
SNP	1059	cv-T1059	C	nsp2	ACC	2	254	T	missense	0.600787	763	T85I	NA	New_York
SNP	1063	cv-T1063	C	nsp2	TTC	3	258	T	synonymous	0.005512	7	NA	NA	New_York
SNP	1180	cv-G1180	A	nsp2	CCA	3	375	G	synonymous	0.011024	14	NA	NA	New_York
SNP	1191	cv-T1191	C	nsp2	CCA	2	386	T	missense	0.005512	7	P129L	NA	New_York
SNP	1288	cv-T1288	C	nsp2	TGC	3	483	T	synonymous	0.005512	7	NA	NA	New_York
SNP	1385	cv-T1385	C	nsp2	CAC	1	580	T	missense	0.008661	11	H194Y	NA	New_York
SNP	1387	cv-T1387	C	nsp2	CAC	3	582	T	synonymous	0.005512	7	NA	NA	New_York
SNP	1444	cv-T1444	G	nsp2	TTG	3	639	T	missense	0.007874	10	L213F	NA	New_York
SNP	1498	cv-T1498	C	nsp2	TTC	3	693	T	synonymous	0.012598	16	NA	NA	New_York
SNP	1578	cv-C1578	T	nsp2	GTT	2	773	C	missense	0.009449	12	V258A	NA	New_York
SNP	1738	cv-T1738	G	nsp2	GTG	3	933	T	synonymous	0.010236	13	NA	NA	New_York
SNP	1820	cv-A1820	G	nsp2	GGT	1	1015	A	missense	0.011811	15	G339S	NA	New_York
SNP	2003	cv-T2003	C	nsp2	CTC	1	1198	T	missense	0.009449	12	L400F	NA	New_York
SNP	2110	cv-T2110	C	nsp2	AAC	3	1305	T	synonymous	0.012598	16	NA	NA	New_York
SNP	2156	cv-T2156	C	nsp2	CTT	1	1351	T	missense	0.005512	7	L451F	NA	New_York
SNP	2258	cv-A2258	G	nsp2	GTC	1	1453	A	missense	0.005512	7	V485I	NA	New_York
SNP	2342	cv-G2342	A	nsp2	ATC	1	1537	G	missense	0.062205	79	I513V	NA	New_York
SNP	2416	cv-T2416	C	nsp2	TAC	3	1611	T	synonymous	0.006299	8	NA	NA	New_York
SNP	2445	cv-T2445	C	nsp2	ACT	2	1640	T	missense	0.006299	8	T547I	NA	New_York
SNP	2488	cv-T2488	C	nsp2	TTC	3	1683	T	synonymous	0.007087	9	NA	NA	New_York
SNP	2509	cv-T2509	C	nsp2	CCC	3	1704	T	synonymous	0.017323	22	NA	NA	New_York
SNP	3037	cv-T3037	C	nsp3	TTC	3	318	T	synonymous	0.985827	1252	NA	NA	New_York
SNP	3231	cv-T3231	G	nsp3	GGT	2	512	T	missense	0.008661	11	G171V	NA	New_York
SNP	3242	cv-A3242	G	nsp3	GGC	1	523	A	missense	0.008661	11	G175S	NA	New_York
SNP	3259	cv-T3259	G	nsp3	CAG	3	540	T	missense	0.06378	81	Q180H	NA	New_York
SNP	3267	cv-T3267	C	nsp3	ACT	2	548	T	missense	0.017323	22	T183I	NA	New_York
SNP	3373	cv-A3373	C	nsp3	GAC	3	654	A	missense	0.009449	12	D218E	NA	New_York
SNP	3411	cv-T3411	C	nsp3	GCT	2	692	T	missense	0.006299	8	A231V	NA	New_York
SNP	3527	cv-A3527	G	nsp3	GAT	1	808	A	missense	0.017323	22	D270N	NA	New_York
SNP	3871	cv-T3871	G	nsp3	AAG	3	1152	T	missense	0.005512	7	K384N	NA	New_York
SNP	3875	cv-A3875	G	nsp3	GCT	1	1156	A	missense	0.006299	8	A386T	NA	New_York
SNP	4002	cv-T4002	C	nsp3	ACT	2	1283	T	missense	0.005512	7	T428I	NA	New_York
SNP	4456	cv-T4456	C	nsp3	GCC	3	1737	T	synonymous	0.008661	11	NA	NA	New_York
SNP	5011	cv-C5011	A	nsp3	CAA	3	2292	C	missense	0.005512	7	Q764H	NA	New_York
SNP	5015	cv-A5015	G	nsp3	GTG	1	2296	A	missense	0.01811	23	V766M	NA	New_York
SNP	5310	cv-T5310	C	nsp3	ACA	2	2591	T	missense	0.007087	9	T864I	NA	New_York
SNP	5388	cv-A5388	C	nsp3	GCT	2	2669	A	missense	0.017323	22	A890D	NA	New_York
SNP	5581	cv-T5581	C	nsp3	GGC	3	2862	T	synonymous	0.008661	11	NA	NA	New_York
SNP	5622	cv-T5622	C	nsp3	CCT	2	2903	T	missense	0.005512	7	P968L	NA	New_York
SNP	5869	cv-T5869	C	nsp3	TAC	3	3150	T	synonymous	0.038583	49	NA	NA	New_York
SNP	5877	cv-G5877	A	nsp3	AAC	2	3158	G	missense	0.01811	23	N1053S	NA	New_York
SNP	5986	cv-T5986	C	nsp3	TTC	3	3267	T	synonymous	0.019685	25	NA	NA	New_York
SNP	6027	cv-T6027	C	nsp3	CCA	2	3308	T	missense	0.005512	7	P1103L	NA	New_York
SNP	6101	cv-A6101	G	nsp3	GGT	1	3382	A	missense	0.022835	29	G1128S	NA	New_York
SNP	6286	cv-T6286	C	nsp3	ACC	3	3567	T	synonymous	0.008661	11	NA	NA	New_York
SNP	6358	cv-A6358	G	nsp3	GAG	3	3639	A	synonymous	0.005512	7	NA	NA	New_York
SNP	6441	cv-G6441	A	nsp3	AAA	2	3722	G	missense	0.005512	7	K1241R	NA	New_York
SNP	6618	cv-A6618	G	nsp3	GGT	2	3899	A	missense	0.044094	56	G1300D	NA	New_York
SNP	6696	cv-T6696	C	nsp3	CCT	2	3977	T	missense	0.005512	7	P1326L	NA	New_York
SNP	6730	cv-T6730	C	nsp3	AAC	3	4011	T	synonymous	0.013386	17	NA	NA	New_York
SNP	6851	cv-C6851	A	nsp3	ACT	1	4132	C	missense	0.010236	13	T1378P	NA	New_York
SNP	6936	cv-T6936	C	nsp3	TCT	2	4217	T	missense	0.010236	13	S1406F	NA	New_York
SNP	6954	cv-C6954	T	nsp3	ATA	2	4235	C	missense	0.017323	22	I1412T	NA	New_York
SNP	6985	cv-T6985	A	nsp3	CTA	3	4266	T	synonymous	0.011024	14	NA	NA	New_York
SNP	7051	cv-T7051	C	nsp3	TAC	3	4332	T	synonymous	0.005512	7	NA	NA	New_York
SNP	7164	cv-T7164	C	nsp3	ACC	2	4445	T	missense	0.005512	7	T1482I	NA	New_York
SNP	7201	cv-G7201	A	nsp3	TCA	3	4482	G	synonymous	0.025197	32	NA	NA	New_York
SNP	7279	cv-T7279	C	nsp3	TTC	3	4560	T	synonymous	0.012598	16	NA	NA	New_York
SNP	7333	cv-G7333	A	nsp3	GTA	3	4614	G	synonymous	0.016535	21	NA	NA	New_York
SNP	7348	cv-A7348	T	nsp3	AAT	3	4629	A	missense	0.005512	7	N1543K	NA	New_York
SNP	7833	cv-C7833	A	nsp3	AAC	2	5114	C	missense	0.008661	11	N1705T	NA	New_York
SNP	7869	cv-T7869	C	nsp3	TCA	2	5150	T	missense	0.006299	8	S1717L	NA	New_York
SNP	8017	cv-T8017	G	nsp3	GCG	3	5298	T	synonymous	0.018898	24	NA	NA	New_York
SNP	8083	cv-A8083	G	nsp3	ATG	3	5364	A	missense	0.088976	113	M1788I	NA	New_York
SNP	8140	cv-T8140	C	nsp3	TCC	3	5421	T	synonymous	0.005512	7	NA	NA	New_York
SNP	8171	cv-A8171	G	nsp3	GCA	1	5452	A	missense	0.011811	15	A1818T	NA	New_York
SNP	8603	cv-C8603	T	nsp4	TTC	1	49	C	missense	0.006299	8	F17L	NA	New_York
SNP	8782	cv-T8782	C	nsp4	AGC	3	228	T	synonymous	0.007874	10	NA	NA	New_York
SNP	8809	cv-T8809	C	nsp4	GAC	3	255	T	synonymous	0.019685	25	NA	NA	New_York
SNP	8980	cv-T8980	C	nsp4	TAC	3	426	T	synonymous	0.005512	7	NA	NA	New_York
SNP	9319	cv-T9319	C	nsp4	TTC	3	765	T	synonymous	0.012598	16	NA	NA	New_York
SNP	9559	cv-T9559	C	nsp4	TAC	3	1005	T	synonymous	0.007087	9	NA	NA	New_York
SNP	9565	cv-T9565	C	nsp4	TTC	3	1011	T	synonymous	0.007874	10	NA	NA	New_York
SNP	9749	cv-G9749	A	nsp4	AAG	1	1195	G	missense	0.012598	16	K399E	NA	New_York
SNP	9867	cv-C9867	T	nsp4	CTT	2	1313	C	missense	0.083465	106	L438P	NA	New_York
SNP	9891	cv-T9891	C	nsp4	GCT	2	1337	T	missense	0.015748	20	A446V	NA	New_York
SNP	9928	cv-T9928	G	nsp4	ATG	3	1374	T	missense	0.006299	8	M458I	NA	New_York
SNP	10029	cv-T10029	C	nsp4	ACC	2	1475	T	missense	0.01811	23	T492I	NA	New_York
SNP	10138	cv-T10138	C	nsp5	AAC	3	84	T	synonymous	0.006299	8	NA	NA	New_York
SNP	10188	cv-T10188	C	nsp5	ACC	2	134	T	missense	0.017323	22	T45I	NA	New_York
SNP	10265	cv-A10265	G	nsp5	GGT	1	211	A	missense	0.015748	20	G71S	NA	New_York
SNP	10319	cv-T10319	C	nsp5	CTT	1	265	T	missense	0.132283	168	L89F	NA	New_York
SNP	10323	cv-G10323	A	nsp5	AAG	2	269	G	missense	0.015748	20	K90R	NA	New_York
SNP	10376	cv-T10376	C	nsp5	CCA	1	322	T	missense	0.005512	7	P108S	NA	New_York
SNP	10448	cv-T10448	C	nsp5	CCC	1	394	T	missense	0.011811	15	P132S	NA	New_York
SNP	10450	cv-T10450	C	nsp5	CCC	3	396	T	synonymous	0.007087	9	NA	NA	New_York
SNP	10537	cv-T10537	C	nsp5	TAC	3	483	T	synonymous	0.018898	24	NA	NA	New_York
SNP	10741	cv-T10741	C	nsp5	GAC	3	687	T	synonymous	0.045669	58	NA	NA	New_York
SNP	10748	cv-T10748	C	nsp5	CTT	1	694	T	missense	0.011811	15	L232F	NA	New_York
SNP	10851	cv-T10851	C	nsp5	GCT	2	797	T	missense	0.012598	16	A266V	NA	New_York
SNP	11008	cv-T11008	C	nsp6	CAC	3	36	T	synonymous	0.01811	23	NA	NA	New_York
SNP	11083	cv-T11083	G	nsp6	TTG	3	111	T	missense	0.031496	40	L37F	NA	New_York
SNP	11152	cv-T11152	C	nsp6	GTC	3	180	T	synonymous	0.018898	24	NA	NA	New_York
SNP	11417	cv-T11417	G	nsp6	GTT	1	445	T	missense	0.009449	12	V149F	NA	New_York
SNP	11514	cv-T11514	C	nsp6	ACT	2	542	T	missense	0.018898	24	T181I	NA	New_York
SNP	11591	cv-T11591	C	nsp6	CTT	1	619	T	missense	0.066142	84	L207F	NA	New_York
SNP	11595	cv-G11595	A	nsp6	CAG	2	623	G	missense	0.018898	24	Q208R	NA	New_York
SNP	11804	cv-A11804	G	nsp6	GTT	1	832	A	missense	0.012598	16	V278I	NA	New_York
SNP	11916	cv-T11916	C	nsp7	TCA	2	74	T	missense	0.084252	107	S25L	NA	New_York
SNP	12073	cv-T12073	C	nsp7	GAC	3	231	T	synonymous	0.005512	7	NA	NA	New_York
SNP	12412	cv-T12412	C	nsp8	ATC	3	321	T	synonymous	0.011024	14	NA	NA	New_York
SNP	12488	cv-T12488	C	nsp8	CCA	1	397	T	missense	0.007087	9	P133S	NA	New_York
SNP	12525	cv-T12525	C	nsp8	ACA	2	434	T	missense	0.007087	9	T145I	NA	New_York
SNP	12850	cv-G12850	A	nsp9	AGA	3	165	G	synonymous	0.008661	11	NA	NA	New_York
SNP	13536	cv-T13536	C	nsp12	TAC	3	96	T	synonymous	0.007087	9	NA	NA	New_York
SNP	13730	cv-T13730	C	nsp12	GCT	2	290	T	missense	0.006299	8	A97V	NA	New_York
SNP	14120	cv-T14120	C	nsp12	CCA	2	680	T	missense	0.011811	15	P227L	NA	New_York
SNP	14313	cv-C14313	T	nsp12	GAT	3	873	C	synonymous	0.011024	14	NA	NA	New_York
SNP	14408	cv-T14408	C	nsp12	CCT	2	968	T	missense	0.981102	1246	P323L	NA	New_York
SNP	14585	cv-T14585	C	nsp12	GCT	2	1145	T	missense	0.017323	22	A382V	NA	New_York
SNP	14676	cv-T14676	C	nsp12	CCC	3	1236	T	synonymous	0.019685	25	NA	NA	New_York
SNP	14805	cv-T14805	C	nsp12	TAC	3	1365	T	synonymous	0.09685	123	NA	NA	New_York
SNP	14912	cv-G14912	A	nsp12	AAC	2	1472	G	missense	0.005512	7	N491S	NA	New_York
SNP	15237	cv-T15237	C	nsp12	CAC	3	1797	T	synonymous	0.008661	11	NA	NA	New_York
SNP	15276	cv-A15276	T	nsp12	CCT	3	1836	A	synonymous	0.005512	7	NA	NA	New_York
SNP	15279	cv-T15279	C	nsp12	CAC	3	1839	T	synonymous	0.01811	23	NA	NA	New_York
SNP	15720	cv-T15720	C	nsp12	GAC	3	2280	T	synonymous	0.007874	10	NA	NA	New_York
SNP	16176	cv-C16176	T	nsp12	ACT	3	2736	C	synonymous	0.017323	22	NA	NA	New_York
SNP	16260	cv-T16260	C	nsp13	TGC	3	24	T	synonymous	0.019685	25	NA	NA	New_York
SNP	16375	cv-T16375	C	nsp13	CCG	1	139	T	missense	0.011811	15	P47S	NA	New_York
SNP	16425	cv-G16425	T	nsp13	CTT	3	189	G	synonymous	0.008661	11	NA	NA	New_York
SNP	16500	cv-C16500	A	nsp13	CAA	3	264	C	missense	0.064567	82	Q88H	NA	New_York
SNP	16616	cv-T16616	C	nsp13	ACT	2	380	T	missense	0.005512	7	T127I	NA	New_York
SNP	16820	cv-C16820	T	nsp13	ATA	2	584	C	missense	0.011811	15	I195T	NA	New_York
SNP	16887	cv-T16887	C	nsp13	TAC	3	651	T	synonymous	0.011024	14	NA	NA	New_York
SNP	17014	cv-T17014	G	nsp13	GAT	1	778	T	missense	0.005512	7	D260Y	NA	New_York
SNP	17060	cv-T17060	A	nsp13	CAA	2	824	T	missense	0.005512	7	Q275L	NA	New_York
SNP	17122	cv-T17122	G	nsp13	GCT	1	886	T	missense	0.065354	83	A296S	NA	New_York
SNP	17550	cv-T17550	C	nsp13	CTC	3	1314	T	synonymous	0.006299	8	NA	NA	New_York
SNP	17615	cv-G17615	A	nsp13	AAG	2	1379	G	missense	0.011811	15	K460R	NA	New_York
SNP	17639	cv-T17639	C	nsp13	TCA	2	1403	T	missense	0.007874	10	S468L	NA	New_York
SNP	18131	cv-T18131	C	nsp14	ACT	2	92	T	missense	0.007087	9	T31I	NA	New_York
SNP	18267	cv-T18267	C	nsp14	CGC	3	228	T	synonymous	0.007087	9	NA	NA	New_York
SNP	18348	cv-T18348	C	nsp14	ACC	3	309	T	synonymous	0.062992	80	NA	NA	New_York
SNP	18424	cv-G18424	A	nsp14	AAT	1	385	G	missense	0.12126	154	N129D	NA	New_York
SNP	18486	cv-T18486	C	nsp14	CTC	3	447	T	synonymous	0.009449	12	NA	NA	New_York
SNP	18555	cv-T18555	C	nsp14	GAC	3	516	T	synonymous	0.005512	7	NA	NA	New_York
SNP	18570	cv-T18570	C	nsp14	CTC	3	531	T	synonymous	0.017323	22	NA	NA	New_York
SNP	18877	cv-T18877	C	nsp14	CTA	1	838	T	synonymous	0.03622	46	NA	NA	New_York
SNP	18998	cv-T18998	C	nsp14	GCA	2	959	T	missense	0.066142	84	A320V	NA	New_York
SNP	19072	cv-T19072	G	nsp14	GAT	1	1033	T	missense	0.005512	7	D345Y	NA	New_York
SNP	19180	cv-T19180	G	nsp14	GTA	1	1141	T	missense	0.005512	7	V381L	NA	New_York
SNP	19839	cv-C19839	T	nsp15	AAT	3	219	C	synonymous	0.018898	24	NA	NA	New_York
SNP	20178	cv-T20178	C	nsp15	GTC	3	558	T	synonymous	0.009449	12	NA	NA	New_York
SNP	20262	cv-G20262	A	nsp15	TTA	3	642	G	synonymous	0.070866	90	NA	NA	New_York
SNP	20268	cv-G20268	A	nsp15	TTA	3	648	G	synonymous	0.095276	121	NA	NA	New_York
SNP	20283	cv-T20283	C	nsp15	TTC	3	663	T	synonymous	0.017323	22	NA	NA	New_York
SNP	20748	cv-C20748	T	nsp16	TAT	3	90	C	synonymous	0.013386	17	NA	NA	New_York
SNP	21058	cv-T21058	C	nsp16	CCT	1	400	T	missense	0.005512	7	P134S	NA	New_York
SNP	21137	cv-G21137	A	nsp16	AAG	2	479	G	missense	0.008661	11	K160R	NA	New_York
SNP	21255	cv-C21255	G	nsp16	GCG	3	597	C	synonymous	0.007087	9	NA	NA	New_York
SNP	21304	cv-T21304	C	nsp16	CGC	1	646	T	missense	0.11811	150	R216C	NA	New_York
SNP	21364	cv-T21364	C	nsp16	CCA	1	706	T	missense	0.008661	11	P236S	NA	New_York
SNP	21575	cv-T21575	C	S	CTT	1	13	T	missense	0.082677	105	L5F	NA	New_York
SNP	21600	cv-T21600	G	S	AGT	2	38	T	missense	0.006299	8	S13I	NA	New_York
SNP	21621	cv-T21621	C	S	ACC	2	59	T	missense	0.005512	7	T20I	NA	New_York
SNP	21648	cv-T21648	C	S	ACT	2	86	T	missense	0.005512	7	T29I	NA	New_York
SNP	21707	cv-T21707	C	S	CAT	1	145	T	missense	0.006299	8	H49Y	NA	New_York
SNP	21724	cv-T21724	G	S	TTG	3	162	T	missense	0.009449	12	L54F	NA	New_York
SNP	21801	cv-G21801	A	S	GAT	2	239	G	missense	0.011811	15	D80G	NA	New_York
SNP	21846	cv-T21846	C	S	ACT	2	284	T	missense	0.070079	89	T95I	NA	New_York
SNP	22017	cv-T22017	G	S	TGG	2	455	T	missense	0.005512	7	W152L	NA	New_York
SNP	22032	cv-C22032	T	S	TTC	2	470	C	missense	0.011811	15	F157S	NA	New_York
SNP	22162	cv-C22162	T	S	TAT	3	600	C	synonymous	0.008661	11	NA	NA	New_York
SNP	22227	cv-T22227	C	S	GCT	2	665	T	missense	0.005512	7	A222V	NA	New_York
SNP	22264	cv-T22264	C	S	AAC	3	702	T	synonymous	0.007874	10	NA	NA	New_York
SNP	22320	cv-G22320	A	S	GAT	2	758	G	missense	0.069291	88	D253G	NA	New_York
SNP	22917	cv-G22917	T	S	CTG	2	1355	G	missense	0.017323	22	L452R	NA	New_York
SNP	22920	cv-T22920	A	S	TAT	2	1358	T	missense	0.007087	9	Y453F	NA	New_York
SNP	22992	cv-A22992	G	S	AGC	2	1430	A	missense	0.024409	31	S477N	NA	New_York
SNP	23012	cv-A23012	G	S	GAA	1	1450	A	missense	0.044882	57	E484K	NA	New_York
SNP	23042	cv-C23042	T	S	TCA	1	1480	C	missense	0.018898	24	S494P	NA	New_York
SNP	23063	cv-T23063	A	S	AAT	1	1501	T	missense	0.019685	25	N501Y	NA	New_York
SNP	23064	cv-C23064	A	S	AAT	2	1502	C	missense	0.014173	18	N501T	NA	New_York
SNP	23248	cv-T23248	C	S	TTC	3	1686	T	synonymous	0.006299	8	NA	NA	New_York
SNP	23271	cv-A23271	C	S	GCT	2	1709	A	missense	0.017323	22	A570D	NA	New_York
SNP	23277	cv-T23277	C	S	ACT	2	1715	T	missense	0.005512	7	T572I	NA	New_York
SNP	23403	cv-G23403	A	S	GAT	2	1841	G	missense	0.988189	1255	D614G	NA	New_York
SNP	23593	cv-T23593	G	S	CAG	3	2031	T	missense	0.015748	20	Q677H	NA	New_York
SNP	23604	cv-A23604	C	S	CCT	2	2042	A	missense	0.086614	110	P681H	NA	New_York
SNP	23664	cv-T23664	C	S	GCA	2	2102	T	missense	0.043307	55	A701V	NA	New_York
SNP	23709	cv-T23709	C	S	ACA	2	2147	T	missense	0.030709	39	T716I	NA	New_York
SNP	23731	cv-T23731	C	S	ACC	3	2169	T	synonymous	0.008661	11	NA	NA	New_York
SNP	23756	cv-G23756	A	S	ACC	1	2194	G	missense	0.008661	11	T732A	NA	New_York
SNP	23758	cv-T23758	C	S	ACC	3	2196	T	synonymous	0.005512	7	NA	NA	New_York
SNP	23868	cv-T23868	G	S	GGA	2	2306	T	missense	0.008661	11	G769V	NA	New_York
SNP	23997	cv-T23997	C	S	CCA	2	2435	T	missense	0.005512	7	P812L	NA	New_York
SNP	24076	cv-C24076	T	S	GGT	3	2514	C	synonymous	0.054331	69	NA	NA	New_York
SNP	24138	cv-T24138	C	S	ACT	2	2576	T	missense	0.008661	11	T859I	NA	New_York
SNP	24138	cv-A24138	C	S	ACT	2	2576	A	missense	0.013386	17	T859N	NA	New_York
SNP	24410	cv-C24410	G	S	GAT	1	2848	C	missense	0.012598	16	D950H	NA	New_York
SNP	24432	cv-G24432	A	S	CAA	2	2870	G	missense	0.019685	25	Q957R	NA	New_York
SNP	24506	cv-G24506	T	S	TCA	1	2944	G	missense	0.017323	22	S982A	NA	New_York
SNP	24914	cv-C24914	G	S	GAC	1	3352	C	missense	0.017323	22	D1118H	NA	New_York
SNP	25065	cv-G25065	A	S	GAC	2	3503	G	missense	0.017323	22	D1168G	NA	New_York
SNP	25350	cv-T25350	C	S	CCA	2	3788	T	missense	0.007087	9	P1263L	NA	New_York
SNP	25413	cv-T25413	C	ORF3a	ATC	3	21	T	synonymous	0.009449	12	NA	NA	New_York
SNP	25437	cv-T25437	G	ORF3a	TTG	3	45	T	missense	0.009449	12	L15F	NA	New_York
SNP	25448	cv-G25448	A	ORF3a	GAA	2	56	G	missense	0.011811	15	E19G	NA	New_York
SNP	25455	cv-T25455	G	ORF3a	AAG	3	63	T	missense	0.005512	7	K21N	NA	New_York
SNP	25502	cv-C25502	T	ORF3a	ATA	2	110	C	missense	0.005512	7	I37T	NA	New_York
SNP	25505	cv-C25505	A	ORF3a	CAA	2	113	C	missense	0.006299	8	Q38P	NA	New_York
SNP	25517	cv-T25517	C	ORF3a	CCT	2	125	T	missense	0.084252	107	P42L	NA	New_York
SNP	25563	cv-T25563	G	ORF3a	CAG	3	171	T	missense	0.644094	818	Q57H	NA	New_York
SNP	25587	cv-T25587	C	ORF3a	CTC	3	195	T	synonymous	0.007087	9	NA	NA	New_York
SNP	25613	cv-T25613	C	ORF3a	TCC	2	221	T	missense	0.013386	17	S74F	NA	New_York
SNP	25624	cv-T25624	C	ORF3a	CAC	1	232	T	missense	0.007874	10	H78Y	NA	New_York
SNP	25703	cv-T25703	C	ORF3a	CCT	2	311	T	missense	0.010236	13	P104L	NA	New_York
SNP	25714	cv-T25714	C	ORF3a	CTT	1	322	T	missense	0.018898	24	L108F	NA	New_York
SNP	25777	cv-T25777	C	ORF3a	CTT	1	385	T	missense	0.005512	7	L129F	NA	New_York
SNP	25855	cv-T25855	G	ORF3a	GAC	1	463	T	missense	0.024409	31	D155Y	NA	New_York
SNP	25889	cv-T25889	C	ORF3a	TCA	2	497	T	missense	0.016535	21	S166L	NA	New_York
SNP	25904	cv-T25904	C	ORF3a	TCA	2	512	T	missense	0.005512	7	S171L	NA	New_York
SNP	25907	cv-T25907	G	ORF3a	GGT	2	515	T	missense	0.12126	154	G172V	NA	New_York
SNP	25912	cv-T25912	G	ORF3a	GGC	1	520	T	missense	0.008661	11	G174C	NA	New_York
SNP	25947	cv-T25947	G	ORF3a	CAG	3	555	T	missense	0.006299	8	Q185H	NA	New_York
SNP	25968	cv-G25968	A	ORF3a	AAA	3	576	G	synonymous	0.01811	23	NA	NA	New_York
SNP	26069	cv-G26069	A	ORF3a	GAA	2	677	G	missense	0.062205	79	E226G	NA	New_York
SNP	26256	cv-T26256	C	E	TTC	3	12	T	synonymous	0.005512	7	NA	NA	New_York
SNP	26455	cv-T26455	C	E	CCT	1	211	T	missense	0.007874	10	P71S	NA	New_York
SNP	26550	cv-A26550	G	M	GTT	1	28	A	missense	0.011811	15	V10I	NA	New_York
SNP	26681	cv-T26681	C	M	TTC	3	159	T	synonymous	0.011811	15	NA	NA	New_York
SNP	26690	cv-T26690	G	M	CTG	3	168	T	synonymous	0.007874	10	NA	NA	New_York
SNP	26730	cv-T26730	G	M	GTT	1	208	T	missense	0.005512	7	V70F	NA	New_York
SNP	26735	cv-T26735	C	M	TAC	3	213	T	synonymous	0.007874	10	NA	NA	New_York
SNP	26767	cv-C26767	T	M	ATC	2	245	C	missense	0.013386	17	I82T	NA	New_York
SNP	26801	cv-G26801	C	M	CTC	3	279	G	synonymous	0.005512	7	NA	NA	New_York
SNP	26895	cv-T26895	C	M	CAT	1	373	T	missense	0.005512	7	H125Y	NA	New_York
SNP	27213	cv-T27213	C	ORF6	CTC	3	12	T	synonymous	0.005512	7	NA	NA	New_York
SNP	27384	cv-C27384	T	ORF6	GAT	3	183	C	synonymous	0.005512	7	NA	NA	New_York
SNP	27434	cv-T27434	C	ORF7a	ACT	2	41	T	missense	0.019685	25	T14I	NA	New_York
SNP	27513	cv-T27513	C	ORF7a	TAC	3	120	T	synonymous	0.007087	9	NA	NA	New_York
SNP	27630	cv-T27630	C	ORF7a	GCC	3	237	T	synonymous	0.006299	8	NA	NA	New_York
SNP	27739	cv-T27739	C	ORF7a	CTC	1	346	T	missense	0.01811	23	L116F	NA	New_York
SNP	27920	cv-T27920	C	ORF8	ATC	3	27	T	synonymous	0.007087	9	NA	NA	New_York
SNP	27925	cv-T27925	C	ORF8	ACA	2	32	T	missense	0.084252	107	T11I	NA	New_York
SNP	27964	cv-T27964	C	ORF8	TCA	2	71	T	missense	0.147244	187	S24L	NA	New_York
SNP	27972	cv-T27972	C	ORF8	CAA	1	79	T	missense	0.01811	23	Q27*	NA	New_York
SNP	27998	cv-T27998	C	ORF8	GAC	3	105	T	synonymous	0.018898	24	NA	NA	New_York
SNP	28001	cv-T28001	G	ORF8	CCG	3	108	T	synonymous	0.013386	17	NA	NA	New_York
SNP	28044	cv-T28044	G	ORF8	GCT	1	151	T	missense	0.012598	16	A51S	NA	New_York
SNP	28048	cv-T28048	G	ORF8	AGA	2	155	T	missense	0.018898	24	R52I	NA	New_York
SNP	28087	cv-T28087	C	ORF8	GCT	2	194	T	missense	0.008661	11	A65V	NA	New_York
SNP	28095	cv-T28095	A	ORF8	AAA	1	202	T	missense	0.007087	9	K68*	NA	New_York
SNP	28111	cv-G28111	A	ORF8	TAC	2	218	G	missense	0.01811	23	Y73C	NA	New_York
SNP	28144	cv-C28144	T	ORF8	TTA	2	251	C	missense	0.005512	7	L84S	NA	New_York
SNP	28253	cv-T28253	C	ORF8	TTC	3	360	T	synonymous	0.008661	11	NA	NA	New_York
SNP	28272	cv-T28272	A	IGS	NA	NA	NA	T	noncoding	0.006299	8	NA	NA	New_York
SNP	28280	cv-C28280	G	N	GAT	1	7	C	missense	0.015748	20	D3H	NA	New_York
SNP	28281	cv-T28281	A	N	GAT	2	8	T	missense	0.015748	20	D3V	NA	New_York
SNP	28282	cv-A28282	T	N	GAT	3	9	A	missense	0.015748	20	D3E	NA	New_York
SNP	28300	cv-T28300	G	N	CAG	3	27	T	missense	0.009449	12	Q9H	NA	New_York
SNP	28311	cv-T28311	C	N	CCC	2	38	T	missense	0.024409	31	P13L	NA	New_York
SNP	28472	cv-T28472	C	N	CCT	1	199	T	missense	0.12126	154	P67S	NA	New_York
SNP	28628	cv-T28628	G	N	GCT	1	355	T	missense	0.006299	8	A119S	NA	New_York
SNP	28657	cv-T28657	C	N	GAC	3	384	T	synonymous	0.005512	7	NA	NA	New_York
SNP	28677	cv-T28677	C	N	ACT	2	404	T	missense	0.005512	7	T135I	NA	New_York
SNP	28808	cv-A28808	G	N	GGC	1	535	A	missense	0.016535	21	G179S	NA	New_York
SNP	28821	cv-A28821	C	N	TCT	2	548	A	missense	0.020472	26	S183Y	NA	New_York
SNP	28833	cv-T28833	C	N	TCA	2	560	T	missense	0.01811	23	S187L	NA	New_York
SNP	28841	cv-G28841	A	N	AGT	1	568	G	missense	0.01811	23	S190G	NA	New_York
SNP	28842	cv-T28842	G	N	AGT	2	569	T	missense	0.007874	10	S190I	NA	New_York
SNP	28854	cv-T28854	C	N	TCA	2	581	T	missense	0.099213	126	S194L	NA	New_York
SNP	28869	cv-T28869	C	N	CCA	2	596	T	missense	0.166929	212	P199L	NA	New_York
SNP	28879	cv-G28879	T	N	AGT	3	606	G	missense	0.01811	23	S202R	NA	New_York
SNP	28881	cv-A28881	G	N	AGG	2	608	A	missense	0.21811	277	R203K	NA	New_York
SNP	28882	cv-A28882	G	N	AGG	3	609	A	synonymous	0.216535	275	NA	NA	New_York
SNP	28883	cv-C28883	G	N	GGA	1	610	C	missense	0.216535	275	G204R	NA	New_York
SNP	28887	cv-T28887	C	N	ACT	2	614	T	missense	0.044094	56	T205I	NA	New_York
SNP	28890	cv-T28890	C	N	TCT	2	617	T	missense	0.012598	16	S206F	NA	New_York
SNP	28892	cv-T28892	C	N	CCT	1	619	T	missense	0.005512	7	P207S	NA	New_York
SNP	28893	cv-T28893	C	N	CCT	2	620	T	missense	0.005512	7	P207L	NA	New_York
SNP	28899	cv-T28899	G	N	AGA	2	626	T	missense	0.007087	9	R209I	NA	New_York
SNP	28932	cv-T28932	C	N	GCT	2	659	T	missense	0.005512	7	A220V	NA	New_York
SNP	28975	cv-T28975	G	N	ATG	3	702	T	missense	0.014961	19	M234I	NA	New_York
SNP	28975	cv-A28975	G	N	ATG	3	702	A	missense	0.062992	80	M234I	NA	New_York
SNP	28977	cv-T28977	C	N	TCT	2	704	T	missense	0.018898	24	S235F	NA	New_York
SNP	29027	cv-T29027	G	N	GCT	1	754	T	missense	0.011024	14	A252S	NA	New_York
SNP	29095	cv-T29095	C	N	TTC	3	822	T	synonymous	0.006299	8	NA	NA	New_York
SNP	29266	cv-A29266	G	N	TTG	3	993	A	synonymous	0.044094	56	NA	NA	New_York
SNP	29317	cv-C29317	T	N	GAT	3	1044	C	synonymous	0.011024	14	NA	NA	New_York
SNP	29332	cv-T29332	G	N	CTG	3	1059	T	synonymous	0.008661	11	NA	NA	New_York
SNP	29402	cv-T29402	G	N	GAT	1	1129	T	missense	0.05748	73	D377Y	NA	New_York
SNP	29421	cv-T29421	C	N	CCG	2	1148	T	missense	0.022047	28	P383L	NA	New_York
SNP	29445	cv-T29445	C	N	ACT	2	1172	T	missense	0.010236	13	T391I	NA	New_York
SNP	29474	cv-T29474	G	N	GAT	1	1201	T	missense	0.005512	7	D401Y	NA	New_York
SNP	29540	cv-A29540	G	IGS	NA	NA	NA	A	noncoding	0.066929	85	NA	NA	New_York
SNP	29614	cv-T29614	C	ORF10	TGC	3	57	T	synonymous	0.007087	9	NA	NA	New_York
SNP	29640	cv-T29640	C	ORF10	GCA	2	83	T	missense	0.005512	7	A28V	NA	New_York
SNP	29645	cv-T29645	G	ORF10	GTA	1	88	T	missense	0.005512	7	V30L	NA	New_York
DEL	28270	cv-28271-1	NA	IGS	NA	NA	None	N	NA	0.125197	159	NA	NANew_York
DEL	28270	cv-28271-1	NA	IGS	NA	NA	None	N	NA	0.125197	159	NA	NANew_York
DEL	28270	cv-28271-1	NA	IGS	NA	NA	None	N	NA	0.125197	159	NA	NANew_York
DEL	28270	cv-28271-1	NA	IGS	NA	NA	None	N	NA	0.125197	159	NA	NANew_York
