ISL_404895	2020-01-19	USA	Washington	N_America	0	2	1	3	A.1	2020-01
ISL_596386	2020-01-19	USA	Washington	N_America	0	2	1	3	A.1	2020-01
ISL_404253	2020-01-21	USA	Illinois	N_America	0	0	0	0	B	2020-01
ISL_406223	2020-01-22	USA	Arizona	N_America	0	2	2	4	A	2020-01
ISL_406036	2020-01-22	USA	California	N_America	0	0	1	2	B	2020-01
ISL_406034	2020-01-23	USA	California	N_America	0	3	2	7	A	2020-01
ISL_413015	2020-01-23	Canada	Ontario	N_America	0	0	1	3	B	2020-01
ISL_425177	2020-01-23	Canada	Ontario	N_America	0	0	1	2	B	2020-01
ISL_407215	2020-01-25	USA	Washington	N_America	0	2	1	3	A.1	2020-01
ISL_418327	2020-01-25	Canada	Ontario	N_America	0	0	1	2	B	2020-01
ISL_413014	2020-01-25	Canada	Ontario	N_America	0	0	1	2	B	2020-01
ISL_407214	2020-01-25	USA	Washington	N_America	0	2	1	3	A.1	2020-01
ISL_410044	2020-01-27	USA	California	N_America	0	0	0	0	B	2020-01
ISL_410045	2020-01-28	USA	Illinois	N_America	0	3	4	7	A.3	2020-01
ISL_408008	2020-01-29	USA	California	N_America	0	0	1	3	B	2020-01
ISL_408010	2020-01-29	USA	California	N_America	0	0	1	2	B	2020-01
ISL_409067	2020-01-29	USA	Massachusetts	N_America	0	1	1	4	B	2020-01
ISL_408009	2020-01-29	USA	California	N_America	0	0	1	3	B	2020-01
ISL_408670	2020-01-31	USA	Wisconsin	N_America	0	0	0	1	B	2020-01
ISL_463220	2020-02-15	Canada	British Columbia	N_America	0	1	2	5	B.1	2020-02
ISL_450747	2020-02-15	Canada	Ontario	N_America	0	1	2	6	B.4	2020-02
ISL_411954	2020-02-06	USA	California	N_America	0	1	1	3	A	2020-02
ISL_1265909	2020-02-08	USA	Ohio	N_America	0	2	15	22	B.1.2	2020-02
ISL_411955	2020-02-10	USA	California	N_America	0	0	0	1	B	2020-02
ISL_411956	2020-02-11	USA	Texas	N_America	0	2	2	6	A	2020-02
ISL_412965	2020-02-16	Canada	British Columbia	N_America	0	1	1	3	B.4	2020-02
ISL_1136974	2020-02-17	USA	Nevada	N_America	0	2	11	22	B.1.2	2020-02
ISL_418325	2020-02-20	Canada	Ontario	N_America	0	1	2	4	B.4	2020-02
ISL_413456	2020-02-20	USA	Washington	N_America	0	2	3	5	A.1	2020-02
ISL_415577	2020-02-20	Canada	British Columbia	N_America	0	1	2	6	B.4	2020-02
ISL_417137	2020-02-21	USA	Washington	N_America	0	2	3	5	A.1	2020-02
ISL_447900	2020-02-21	USA	Florida	N_America	0	2	3	5	A.1	2020-02
ISL_430131	2020-02-22	USA	Washington	N_America	0	2	3	5	A.1	2020-02
ISL_644823	2020-02-22	USA	Washington	N_America	0	2	4	6	B.1.1.29	2020-02
ISL_417135	2020-02-22	USA	Washington	N_America	0	2	3	5	A.1	2020-02
ISL_412862	2020-02-23	USA	California	N_America	0	0	0	1	B	2020-02
ISL_416462	2020-02-24	USA	Washington	N_America	0	2	3	6	A.1	2020-02
ISL_430292	2020-02-24	USA	Washington	N_America	0	2	3	6	A.1	2020-02
ISL_412970	2020-02-24	USA	Washington	N_America	0	2	3	6	A.1	2020-02
ISL_430295	2020-02-25	USA	Washington	N_America	0	2	3	6	A.1	2020-02
ISL_417134	2020-02-26	USA	Washington	N_America	0	2	3	5	A.1	2020-02
ISL_419554	2020-02-26	USA	California	N_America	0	0	0	1	B	2020-02
ISL_430126	2020-02-26	USA	Washington	N_America	0	2	3	5	A.1	2020-02
ISL_435580	2020-02-26	USA	California	N_America	0	0	0	1	B	2020-02
ISL_415578	2020-02-27	Canada	British Columbia	N_America	0	2	2	6	B.4	2020-02
ISL_413558	2020-02-27	USA	California	N_America	0	0	0	2	B	2020-02
ISL_419555	2020-02-27	USA	Washington	N_America	0	0	0	1	B	2020-02
ISL_515910	2020-02-27	USA	California	N_America	0	0	0	2	B	2020-02
ISL_413561	2020-02-27	USA	California	N_America	0	0	0	1	B	2020-02
ISL_412972	2020-02-27	Mexico	CDMX	N_America	0	2	4	6	B.1.1.29	2020-02
ISL_413559	2020-02-27	USA	California	N_America	0	0	0	2	B	2020-02
ISL_417096	2020-02-27	USA	Washington	N_America	0	2	3	5	A.1	2020-02
ISL_515911	2020-02-27	USA	California	N_America	0	1	3	6	A.1	2020-02
ISL_413025	2020-02-27	USA	Washington	N_America	0	1	3	5	B.41	2020-02
ISL_417149	2020-02-28	USA	Washington	N_America	0	2	3	7	A.1	2020-02
ISL_419560	2020-02-28	USA	Florida	N_America	0	3	4	7	B.1.1.162	2020-02
ISL_417147	2020-02-28	USA	Washington	N_America	0	3	3	6	A.1	2020-02
ISL_417093	2020-02-28	USA	Washington	N_America	0	2	3	5	A.1	2020-02
ISL_537558	2020-02-28	USA	California	N_America	0	2	2	5	B.4	2020-02
ISL_413560	2020-02-28	USA	Washington	N_America	0	2	3	5	A.1	2020-02
ISL_417154	2020-02-28	USA	Washington	N_America	0	2	3	5	A.1	2020-02
ISL_417152	2020-02-28	USA	Washington	N_America	0	2	3	5	A.1	2020-02
ISL_430272	2020-02-28	USA	Washington	N_America	0	2	3	5	A.1	2020-02
ISL_515909	2020-02-28	USA	California	N_America	0	0	0	1	B	2020-02
ISL_417097	2020-02-28	USA	Washington	N_America	0	2	3	5	A.1	2020-02
ISL_417094	2020-02-28	USA	Washington	N_America	0	1	2	5	A.1	2020-02
ISL_417148	2020-02-28	USA	Washington	N_America	0	2	3	7	A.1	2020-02
ISL_417158	2020-02-28	USA	Washington	N_America	0	2	3	5	A.1	2020-02
ISL_419553	2020-02-28	USA	Rhode Island	N_America	0	2	2	6	B.1	2020-02
ISL_415580	2020-02-28	Canada	British Columbia	N_America	0	1	2	6	B.4	2020-02
ISL_413455	2020-02-28	USA	Washington	N_America	0	2	3	5	A.1	2020-02
ISL_419559	2020-02-28	USA	Florida	N_America	0	3	4	7	B.1.1.162	2020-02
ISL_417095	2020-02-28	USA	Washington	N_America	0	2	3	6	A.1	2020-02
ISL_417155	2020-02-28	USA	Washington	N_America	0	2	3	5	A.1	2020-02
ISL_452139	2020-02-28	Mexico	CDMX	N_America	0	2	4	6	B.1.1.29	2020-02
ISL_613446	2020-02-28	Saint Barthelemy	NA	N_America	0	1	4	6	B.1	2020-02
ISL_435582	2020-02-28	USA	California	N_America	0	0	0	0	B	2020-02
ISL_417150	2020-02-28	USA	Washington	N_America	0	2	3	6	A.1	2020-02
ISL_435581	2020-02-28	USA	California	N_America	0	0	0	2	B	2020-02
ISL_417156	2020-02-28	USA	Washington	N_America	0	2	3	5	A.1	2020-02
ISL_419561	2020-02-29	USA	Texas	N_America	0	1	1	4	B	2020-02
ISL_417142	2020-02-29	USA	Washington	N_America	0	2	3	7	A.1	2020-02
ISL_430273	2020-02-29	USA	Washington	N_America	0	2	3	5	A.1	2020-02
ISL_414476	2020-02-29	USA	New York	N_America	0	1	2	7	B.4	2020-02
ISL_420796	2020-02-29	USA	Texas	N_America	0	0	1	3	B	2020-02
ISL_430160	2020-02-29	USA	Washington	N_America	0	2	3	5	A.1	2020-02
ISL_435585	2020-02-29	USA	California	N_America	0	0	0	1	B	2020-02
ISL_525575	2020-02-29	USA	New York	N_America	0	1	2	8	B.4	2020-02
ISL_417161	2020-02-29	USA	Washington	N_America	0	2	3	5	A.1	2020-02
ISL_417098	2020-02-29	USA	Washington	N_America	0	2	3	5	A.1	2020-02
ISL_420791	2020-02-29	USA	New Hampshire	N_America	0	1	4	7	B.1.356	2020-02
ISL_417172	2020-02-29	USA	Washington	N_America	0	2	3	6	A.1	2020-02
ISL_417099	2020-02-29	USA	Washington	N_America	0	2	3	5	A.1	2020-02
ISL_417153	2020-02-29	USA	Washington	N_America	0	2	3	5	A.1	2020-02
ISL_430281	2020-02-29	USA	Washington	N_America	0	2	3	6	A.1	2020-02
ISL_435583	2020-02-29	USA	California	N_America	0	2	3	5	B.1	2020-02
ISL_417100	2020-02-29	USA	Washington	N_America	0	2	3	6	A.1	2020-02
ISL_417145	2020-02-29	USA	Washington	N_America	0	2	3	5	A.1	2020-02
ISL_430135	2020-02-29	USA	Washington	N_America	0	2	3	5	A.1	2020-02
ISL_417151	2020-02-29	USA	Washington	N_America	0	2	3	5	A.1	2020-02
ISL_419557	2020-02-29	USA	Georgia	N_America	0	2	4	6	B.1.1.29	2020-02
ISL_416460	2020-02-29	USA	Washington	N_America	0	2	3	5	A.1	2020-02
ISL_416461	2020-02-29	USA	Washington	N_America	0	2	3	5	A.1	2020-02
ISL_413457	2020-02-29	USA	Washington	N_America	0	2	3	5	A.1	2020-02
ISL_416465	2020-02-29	USA	Washington	N_America	0	2	3	5	A.1	2020-02
ISL_435587	2020-02-29	USA	California	N_America	0	0	0	2	B	2020-02
ISL_417108	2020-02-29	USA	Washington	N_America	0	2	3	5	A.1	2020-02
ISL_417146	2020-02-29	USA	Washington	N_America	0	2	3	5	A.1	2020-02
ISL_417101	2020-02-29	USA	Washington	N_America	0	2	3	6	A.1	2020-02
ISL_418345	2020-02-29	Canada	Ontario	N_America	0	2	3	5	B.1	2020-02
ISL_417160	2020-02-29	USA	Washington	N_America	0	2	3	5	A.1	2020-02
ISL_417143	2020-02-29	USA	Washington	N_America	0	2	3	7	A.1	2020-02
ISL_419556	2020-02-29	USA	Georgia	N_America	0	1	3	5	B.41	2020-02
ISL_417168	2020-02-29	USA	Washington	N_America	0	2	3	5	A.1	2020-02
ISL_417166	2020-02-29	USA	Washington	N_America	0	2	2	5	A.1	2020-02
ISL_417318	2020-02-29	USA	California	N_America	0	0	0	0	B	2020-02
ISL_417159	2020-02-29	USA	Washington	N_America	0	2	3	6	A.1	2020-02
ISL_571514	2020-03-18	USA	Connecticut	N_America	0	2	2	5	B.1	2020-03
ISL_507595	2020-03-31	USA	Michigan	N_America	0	1	4	5	B.1	2020-03
ISL_548720	2020-03-15	Canada	Ontario	N_America	0	2	3	5	B.1	2020-03
ISL_434335	2020-03-31	USA	Washington	N_America	0	2	3	7	A.1	2020-03
ISL_485994	2020-03-30	USA	Washington	N_America	0	3	3	7	A.1	2020-03
ISL_604077	2020-03-16	USA	Minnesota	N_America	0	1	6	8	B.1	2020-03
ISL_604033	2020-03-18	USA	Idaho	N_America	0	1	7	10	B.1	2020-03
ISL_604119	2020-03-12	USA	Utah	N_America	0	2	3	7	A.1	2020-03
ISL_890692	2020-03-23	Canada	Quebec	N_America	0	1	4	6	B.1.350	2020-03
ISL_418973	2020-03-17	USA	New York	N_America	1	1	7	10	B.1	2020-03
ISL_536389	2020-03-31	Canada	Quebec	N_America	0	1	4	5	B.1	2020-03
ISL_507697	2020-03-25	USA	Michigan	N_America	0	1	6	7	B.1	2020-03
ISL_424336	2020-03-24	USA	Washington	N_America	0	2	4	7	A.1	2020-03
ISL_536066	2020-03-23	Canada	Quebec	N_America	0	3	9	12	B.1.1.176	2020-03
ISL_604529	2020-03-15	USA	Georgia	N_America	0	3	5	9	A.3	2020-03
ISL_434776	2020-03-18	USA	Texas	N_America	0	1	5	6	B.1	2020-03
ISL_490995	2020-03-25	USA	Idaho	N_America	0	1	6	7	B.1	2020-03
ISL_632232	2020-03-26	USA	New York	N_America	1	1	7	9	B.1	2020-03
ISL_436850	2020-03-24	USA	Michigan	N_America	0	1	1	7	A.4	2020-03
ISL_434853	2020-03-22	USA	Texas	N_America	0	1	4	5	B.1	2020-03
ISL_452323	2020-03-16	USA	Michigan	N_America	0	1	4	5	B.1	2020-03
ISL_460281	2020-03-24	USA	Massachusetts	N_America	0	1	4	5	B.1	2020-03
ISL_631547	2020-03-09	USA	New York	N_America	0	1	4	6	B.1	2020-03
ISL_593952	2020-03-30	USA	Delaware	N_America	0	1	4	5	B.1	2020-03
ISL_444567	2020-03-18	USA	Illinois	N_America	0	3	5	12	A.3	2020-03
ISL_507706	2020-03-20	USA	Michigan	N_America	0	1	4	5	B.1	2020-03
ISL_1379453	2020-03-19	USA	Florida	N_America	0	1	4	5	B.1	2020-03
ISL_462843	2020-03-15	Canada	British Columbia	N_America	0	1	2	4	B.1	2020-03
ISL_578383	2020-03-31	USA	Wisconsin	N_America	0	2	4	7	B.1.1.29	2020-03
ISL_604838	2020-03-14	USA	Pennsylvania	N_America	0	1	4	6	B.1	2020-03
ISL_603773	2020-03-17	USA	California	N_America	0	3	6	10	A.3	2020-03
ISL_475694	2020-03-26	USA	California	N_America	0	3	4	10	B.1.320	2020-03
ISL_417359	2020-03-14	USA	Washington	N_America	0	1	4	5	B.1	2020-03
ISL_420630	2020-03-23	USA	Virginia	N_America	0	1	4	6	B.1	2020-03
ISL_484794	2020-03-31	USA	Michigan	N_America	0	1	4	8	B.1	2020-03
ISL_515327	2020-03-24	USA	California	N_America	0	2	3	6	A.1	2020-03
ISL_468582	2020-03-12	USA	New York	N_America	0	1	4	8	B.1	2020-03
ISL_571539	2020-03-22	USA	Michigan	N_America	0	1	4	5	B.1	2020-03
ISL_447197	2020-03-21	USA	Michigan	N_America	0	1	4	5	B.1	2020-03
ISL_429001	2020-03-25	USA	California	N_America	0	1	1	3	B	2020-03
ISL_444661	2020-03-30	USA	New York	N_America	0	1	4	9	B.1	2020-03
ISL_451420	2020-03-21	USA	New York	N_America	0	1	4	6	B.1	2020-03
ISL_418824	2020-03-03	Canada	British Columbia	N_America	0	1	2	3	B.4	2020-03
ISL_500506	2020-03-20	USA	New York	N_America	0	2	5	7	B.1.369	2020-03
ISL_482309	2020-03-30	USA	Oregon	N_America	0	1	2	3	B	2020-03
ISL_427534	2020-03-13	USA	New York	N_America	0	1	4	7	B.1	2020-03
ISL_513443	2020-03-17	USA	Maine	N_America	0	1	3	5	B.1	2020-03
ISL_1241160	2020-03-28	Canada	Quebec	N_America	0	1	5	7	B.1	2020-03
ISL_467887	2020-03-16	USA	New York	N_America	0	1	2	5	B	2020-03
ISL_571215	2020-03-24	USA	Michigan	N_America	0	1	4	7	B.1	2020-03
ISL_450028	2020-03-24	USA	New York	N_America	0	1	4	7	B.1	2020-03
ISL_460202	2020-03-25	USA	Massachusetts	N_America	0	2	4	9	N.1	2020-03
ISL_475607	2020-03-28	USA	California	N_America	0	2	3	8	A.1	2020-03
ISL_1170384	2020-03-15	Canada	Ontario	N_America	0	1	4	5	B.1	2020-03
ISL_604045	2020-03-18	USA	Michigan	N_America	0	1	4	5	B.1	2020-03
ISL_417494	2020-03-13	USA	Minnesota	N_America	0	1	1	2	B.1	2020-03
ISL_604708	2020-03-14	USA	New York	N_America	0	2	4	7	B.1.1.29	2020-03
ISL_632120	2020-03-19	USA	New York	N_America	1	1	6	8	B.1	2020-03
ISL_479643	2020-03-30	Canada	New Brunswick	N_America	0	2	2	6	B.1.415	2020-03
ISL_513420	2020-03-13	USA	Maine	N_America	0	1	2	5	B.1	2020-03
ISL_467816	2020-03-16	USA	California	N_America	0	2	3	7	A.1	2020-03
ISL_890567	2020-03-22	Canada	Quebec	N_America	1	1	6	9	B.1	2020-03
ISL_604625	2020-03-14	USA	Washington	N_America	0	2	3	9	A.1	2020-03
ISL_468580	2020-03-12	USA	New York	N_America	0	1	2	6	B	2020-03
ISL_512654	2020-03-17	Costa Rica	San Jose	N_America	0	2	2	4	B.1	2020-03
ISL_890545	2020-03-25	Canada	Quebec	N_America	0	2	3	6	A.1	2020-03
ISL_420573	2020-03-18	USA	New York	N_America	0	1	4	6	B.1	2020-03
ISL_426462	2020-03-29	USA	Virginia	N_America	0	2	3	5	B.1	2020-03
ISL_632097	2020-03-13	USA	New York	N_America	0	2	3	5	B.1	2020-03
ISL_571955	2020-03-16	USA	Michigan	N_America	0	1	4	5	B.1	2020-03
ISL_632854	2020-03-27	USA	Idaho	N_America	0	1	4	5	B.1	2020-03
ISL_603910	2020-03-18	USA	California	N_America	0	3	4	9	B.1.1.10	2020-03
ISL_1170242	2020-03-15	Canada	Ontario	N_America	0	2	4	9	B.1.1.247	2020-03
ISL_467977	2020-03-12	USA	California	N_America	0	0	1	6	B.6	2020-03
ISL_457819	2020-03-18	USA	Maryland	N_America	0	2	3	7	B.1	2020-03
ISL_484731	2020-03-28	USA	Michigan	N_America	0	3	5	9	A.3	2020-03
ISL_420825	2020-03-25	USA	Utah	N_America	0	1	6	7	B.1	2020-03
ISL_626363	2020-03-20	USA	Illinois	N_America	0	3	6	9	A.3	2020-03
ISL_890554	2020-03-26	Canada	Quebec	N_America	0	1	4	7	B.1	2020-03
ISL_579516	2020-03-13	Canada	Nova Scotia	N_America	0	2	3	7	A.1	2020-03
ISL_424311	2020-03-24	USA	Washington	N_America	0	1	5	7	B.1	2020-03
ISL_578105	2020-03-25	USA	Michigan	N_America	0	1	4	7	B.1	2020-03
ISL_437828	2020-03-30	USA	Idaho	N_America	0	1	6	7	B.1	2020-03
ISL_476898	2020-03-23	USA	Alaska	N_America	0	1	2	5	B.30	2020-03
ISL_632974	2020-03-20	USA	New York	N_America	0	1	4	6	B.1	2020-03
ISL_450108	2020-03-11	USA	New York	N_America	0	1	2	4	B.1.153	2020-03
ISL_1390797	2020-03-18	Canada	Quebec	N_America	0	1	4	5	B.1	2020-03
ISL_422556	2020-03-21	USA	New York	N_America	0	2	3	5	B.1	2020-03
ISL_604923	2020-03-15	USA	Florida	N_America	0	1	4	7	B.1	2020-03
ISL_604571	2020-03-15	USA	New York	N_America	0	1	2	5	B	2020-03
ISL_571387	2020-03-18	USA	Missouri	N_America	0	1	4	5	B.1	2020-03
ISL_420786	2020-03-03	USA	Georgia	N_America	0	3	5	8	A.3	2020-03
ISL_425173	2020-03-30	USA	Wisconsin	N_America	0	1	1	8	A.4	2020-03
ISL_1170349	2020-03-15	Canada	Ontario	N_America	0	2	3	5	B.1	2020-03
ISL_792100	2020-03-29	USA	Washington	N_America	0	2	3	5	A.1	2020-03
ISL_631811	2020-03-20	USA	New York	N_America	0	1	4	7	B.1.332	2020-03
ISL_437595	2020-03-22	USA	California	N_America	0	2	4	6	B.1.320	2020-03
ISL_890469	2020-03-23	Canada	Quebec	N_America	0	2	3	6	B.1	2020-03
ISL_415597	2020-03-10	USA	Washington	N_America	0	1	4	6	B.1.371	2020-03
ISL_603980	2020-03-16	USA	Minnesota	N_America	0	1	5	6	B.1	2020-03
ISL_460429	2020-04-06	USA	Massachusetts	N_America	0	1	4	6	B.1.268	2020-04
ISL_471223	2020-04-01	USA	Wisconsin	N_America	0	1	2	6	B.1	2020-04
ISL_1230912	2020-04-15	Canada	Ontario	N_America	0	2	3	6	B.1	2020-04
ISL_537505	2020-04-30	USA	California	N_America	0	4	5	13	B.1.1.1	2020-04
ISL_514071	2020-04-21	USA	Washington	N_America	0	2	4	6	B.1.1.29	2020-04
ISL_672562	2020-04-06	USA	Utah	N_America	0	1	4	5	B.1	2020-04
ISL_1241034	2020-04-06	Canada	Quebec	N_America	0	1	5	7	B.1	2020-04
ISL_542604	2020-04-24	USA	Texas	N_America	0	2	2	5	B.1	2020-04
ISL_516380	2020-04-01	USA	Michigan	N_America	0	2	3	5	B.1	2020-04
ISL_538373	2020-04-07	Canada	Ontario	N_America	0	1	4	5	B.1	2020-04
ISL_470542	2020-04-13	USA	Utah	N_America	0	2	3	5	B.1	2020-04
ISL_956113	2020-04-15	USA	Ohio	N_America	0	1	4	7	B.1	2020-04
ISL_495328	2020-04-11	USA	Virginia	N_America	0	1	4	6	B.1	2020-04
ISL_806466	2020-04-28	Canada	Alberta	N_America	0	3	8	11	B.1.279	2020-04
ISL_486221	2020-04-15	USA	California	N_America	0	2	4	8	B.1.1.29	2020-04
ISL_954478	2020-04-09	Canada	Quebec	N_America	0	3	8	11	B.1.1.176	2020-04
ISL_694278	2020-04-27	USA	Arizona	N_America	0	1	4	5	B.1	2020-04
ISL_437046	2020-04-04	USA	California	N_America	0	0	0	4	B.19	2020-04
ISL_695870	2020-04-29	USA	Arizona	N_America	0	1	4	9	B.1.516	2020-04
ISL_954594	2020-04-06	Canada	Quebec	N_America	0	2	4	6	B.1.147	2020-04
ISL_966259	2020-04-15	Canada	Ontario	N_America	0	1	4	7	B.1.350	2020-04
ISL_805280	2020-04-17	Canada	Alberta	N_America	0	3	8	13	B.1.279	2020-04
ISL_467396	2020-04-26	USA	New York	N_America	0	1	4	5	B.1	2020-04
ISL_954376	2020-04-12	Canada	Quebec	N_America	0	2	3	5	B.1.147	2020-04
ISL_468694	2020-04-15	Canada	British Columbia	N_America	0	1	2	5	B.1	2020-04
ISL_805397	2020-04-16	Canada	Alberta	N_America	0	3	9	14	B.1.279	2020-04
ISL_956046	2020-04-15	USA	Ohio	N_America	0	2	3	8	B.1	2020-04
ISL_466756	2020-04-15	Canada	British Columbia	N_America	0	2	2	4	B.1	2020-04
ISL_914999	2020-04-02	Canada	Nova Scotia	N_America	0	1	4	5	B.1	2020-04
ISL_1112770	2020-04-15	Canada	Ontario	N_America	0	1	2	4	B.1	2020-04
ISL_925552	2020-04-15	Canada	Ontario	N_America	0	2	3	6	B.1.270	2020-04
ISL_956149	2020-04-15	USA	Ohio	N_America	0	1	4	7	B.1	2020-04
ISL_695820	2020-04-12	USA	Arizona	N_America	0	1	5	6	B.1	2020-04
ISL_1001071	2020-04-14	Canada	Quebec	N_America	0	2	3	8	B.1.147	2020-04
ISL_694199	2020-04-21	USA	Arizona	N_America	0	2	4	8	B.1.1.29	2020-04
ISL_806169	2020-04-16	Canada	Alberta	N_America	0	3	8	12	B.1.279	2020-04
ISL_517784	2020-04-04	USA	Florida	N_America	0	1	4	7	B.1.331	2020-04
ISL_467337	2020-04-15	Canada	British Columbia	N_America	0	1	4	7	B.1.371	2020-04
ISL_487206	2020-04-23	USA	Utah	N_America	0	2	7	9	B.1.426	2020-04
ISL_590794	2020-04-14	USA	Minnesota	N_America	0	1	2	8	B.40	2020-04
ISL_805392	2020-04-18	Canada	Alberta	N_America	0	3	8	13	B.1.279	2020-04
ISL_805059	2020-04-23	Canada	Alberta	N_America	0	3	8	12	B.1.279	2020-04
ISL_825834	2020-04-16	Canada	Quebec	N_America	0	2	2	6	B.1	2020-04
ISL_590754	2020-04-10	USA	Minnesota	N_America	0	1	4	6	B.1	2020-04
ISL_509065	2020-04-21	USA	Oregon	N_America	0	1	2	7	B.1.142	2020-04
ISL_1241494	2020-04-14	Canada	Quebec	N_America	1	1	7	10	B.1	2020-04
ISL_436582	2020-04-08	USA	Wisconsin	N_America	0	2	3	7	B.1	2020-04
ISL_954483	2020-04-09	Canada	Quebec	N_America	0	3	8	11	B.1.1.176	2020-04
ISL_463960	2020-04-12	Canada	Quebec	N_America	0	2	3	6	B.1.147	2020-04
ISL_494541	2020-04-10	USA	Texas	N_America	0	3	6	12	A.3	2020-04
ISL_466702	2020-04-15	Canada	British Columbia	N_America	0	1	2	4	B.1	2020-04
ISL_805940	2020-04-22	Canada	Alberta	N_America	0	3	8	13	B.1.279	2020-04
ISL_1301657	2020-04-24	Mexico	Baja California	N_America	0	2	3	7	B.1	2020-04
ISL_954371	2020-04-12	Canada	Quebec	N_America	0	2	3	7	B.1.147	2020-04
ISL_1017636	2020-04-28	USA	Connecticut	N_America	1	1	6	11	B.1	2020-04
ISL_466730	2020-04-15	Canada	British Columbia	N_America	0	1	2	5	B.1	2020-04
ISL_468642	2020-04-02	USA	California	N_America	0	2	4	7	B.1.320	2020-04
ISL_1241644	2020-04-27	Canada	Quebec	N_America	1	1	7	11	B.1	2020-04
ISL_494439	2020-04-09	USA	California	N_America	0	2	3	6	B.1	2020-04
ISL_430393	2020-04-09	USA	New York	N_America	0	1	4	5	B.1	2020-04
ISL_805116	2020-04-20	Canada	Alberta	N_America	0	3	8	13	B.1.279	2020-04
ISL_1230469	2020-04-15	Canada	Ontario	N_America	0	1	3	6	B.1	2020-04
ISL_542523	2020-04-12	USA	Texas	N_America	0	2	4	7	B.1.325	2020-04
ISL_791802	2020-04-14	USA	Massachusetts	N_America	0	1	4	6	B.1	2020-04
ISL_805949	2020-04-14	Canada	Alberta	N_America	0	1	1	3	A	2020-04
ISL_1113374	2020-04-25	USA	Arizona	N_America	0	1	4	8	B.1.319	2020-04
ISL_570196	2020-04-23	USA	Washington	N_America	0	1	4	6	B.1	2020-04
ISL_437086	2020-04-04	USA	California	N_America	0	0	0	3	B.20	2020-04
ISL_631990	2020-04-03	USA	New York	N_America	0	1	4	8	B.1.413	2020-04
ISL_954457	2020-04-10	Canada	Quebec	N_America	0	1	4	5	B.1	2020-04
ISL_492063	2020-04-19	USA	Alaska	N_America	0	1	7	10	B.1	2020-04
ISL_507511	2020-04-02	USA	Michigan	N_America	0	1	4	6	B.1	2020-04
ISL_542664	2020-04-12	USA	Texas	N_America	0	3	5	12	A.3	2020-04
ISL_1389397	2020-04-28	USA	Ohio	N_America	0	1	5	7	B.1.331	2020-04
ISL_1241455	2020-04-10	Canada	Quebec	N_America	0	2	3	5	B.1.147	2020-04
ISL_475594	2020-04-05	USA	California	N_America	0	1	4	5	B.1	2020-04
ISL_475644	2020-04-03	USA	California	N_America	0	1	4	6	B.1	2020-04
ISL_695788	2020-04-27	USA	Arizona	N_America	0	1	4	6	B.1.313	2020-04
ISL_579704	2020-04-10	Canada	Nova Scotia	N_America	0	3	4	15	L.1	2020-04
ISL_494433	2020-04-24	USA	California	N_America	0	2	3	7	B.1.241	2020-04
ISL_460420	2020-04-04	USA	Massachusetts	N_America	0	1	4	6	B.1.268	2020-04
ISL_594396	2020-04-03	USA	Utah	N_America	0	3	3	6	B.1	2020-04
ISL_468678	2020-04-15	Canada	British Columbia	N_America	0	2	2	6	B.1	2020-04
ISL_576188	2020-04-02	USA	Wisconsin	N_America	0	2	4	6	B.1	2020-04
ISL_591213	2020-04-15	Canada	Ontario	N_America	0	1	4	5	B.1	2020-04
ISL_560858	2020-04-08	USA	Utah	N_America	0	1	5	8	B.1.370	2020-04
ISL_694065	2020-04-06	USA	Arizona	N_America	0	1	3	5	B.1	2020-04
ISL_487219	2020-04-25	USA	Utah	N_America	0	1	2	8	B.1.384	2020-04
ISL_954646	2020-04-03	Canada	Quebec	N_America	0	1	4	5	B.1	2020-04
ISL_631991	2020-04-02	USA	New York	N_America	0	2	5	7	B.1.369	2020-04
ISL_806050	2020-04-17	Canada	Alberta	N_America	0	3	8	13	B.1.279	2020-04
ISL_806351	2020-04-11	Canada	Alberta	N_America	0	3	8	12	B.1.279	2020-04
ISL_791776	2020-04-13	USA	Massachusetts	N_America	0	2	3	8	B.1	2020-04
ISL_526838	2020-04-10	USA	Virginia	N_America	0	1	4	6	B.1	2020-04
ISL_452831	2020-04-22	USA	Virginia	N_America	0	2	4	8	B.1	2020-04
ISL_460439	2020-04-06	USA	Massachusetts	N_America	0	1	4	6	B.1.268	2020-04
ISL_578363	2020-04-24	USA	Wisconsin	N_America	0	1	4	5	B.1	2020-04
ISL_578454	2020-04-14	USA	Wisconsin	N_America	0	1	1	6	A.4	2020-04
ISL_586490	2020-04-13	Canada	Ontario	N_America	0	1	4	6	B.1	2020-04
ISL_444515	2020-04-06	Canada	Quebec	N_America	0	2	4	6	B.1.147	2020-04
ISL_666833	2020-05-11	USA	Florida	N_America	0	2	3	10	B.1.276	2020-05
ISL_524384	2020-05-10	USA	Utah	N_America	0	2	7	10	B.1.426	2020-05
ISL_545217	2020-05-24	USA	Texas	N_America	0	2	4	9	B.1.325	2020-05
ISL_524202	2020-05-13	USA	Utah	N_America	0	1	2	6	B.1.384	2020-05
ISL_1231152	2020-05-15	Canada	Ontario	N_America	0	1	4	7	B.1	2020-05
ISL_574438	2020-05-14	USA	Texas	N_America	0	1	6	9	B.1.2	2020-05
ISL_524287	2020-05-18	USA	Utah	N_America	0	2	2	6	B.1.137	2020-05
ISL_1231129	2020-05-15	Canada	Ontario	N_America	0	2	4	9	B.1.1.247	2020-05
ISL_593528	2020-05-29	Canada	Ontario	N_America	0	2	3	9	B.1.147	2020-05
ISL_460586	2020-05-14	USA	Michigan	N_America	0	1	2	4	B.1	2020-05
ISL_694360	2020-05-27	USA	Arizona	N_America	0	1	4	7	B.1.289	2020-05
ISL_593494	2020-05-07	Canada	Ontario	N_America	0	2	3	8	B.1.147	2020-05
ISL_692899	2020-05-20	USA	Massachusetts	N_America	0	1	5	8	B.1.359	2020-05
ISL_525306	2020-05-15	USA	Utah	N_America	0	2	5	10	B.1	2020-05
ISL_545319	2020-05-27	USA	Texas	N_America	0	1	6	8	B.1	2020-05
ISL_524083	2020-05-22	USA	Utah	N_America	0	2	7	11	B.1.426	2020-05
ISL_610262	2020-05-05	USA	New Mexico	N_America	0	1	4	7	B.1	2020-05
ISL_1278065	2020-05-06	USA	Georgia	N_America	0	3	5	12	A.3	2020-05
ISL_451276	2020-05-06	USA	Louisiana	N_America	0	1	5	7	B.1.301	2020-05
ISL_525242	2020-05-18	USA	Utah	N_America	0	2	2	7	B.1.137	2020-05
ISL_754988	2020-05-26	USA	California	N_America	0	2	3	5	B.1	2020-05
ISL_805987	2020-05-04	Canada	Alberta	N_America	0	3	8	14	B.1.279	2020-05
ISL_524300	2020-05-18	USA	Utah	N_America	0	2	7	11	B.1.426	2020-05
ISL_496112	2020-05-30	USA	Washington	N_America	0	3	4	10	B.1.1.291	2020-05
ISL_482411	2020-05-05	USA	Oregon	N_America	0	1	4	8	B.1	2020-05
ISL_672138	2020-05-08	USA	California	N_America	0	1	4	5	B.1	2020-05
ISL_694582	2020-05-22	USA	Arizona	N_America	0	3	4	9	B.1.1.162	2020-05
ISL_495735	2020-05-12	USA	Washington	N_America	0	3	4	8	B.1.1.290	2020-05
ISL_460556	2020-05-06	USA	Michigan	N_America	0	1	5	7	B.1.311	2020-05
ISL_525185	2020-05-22	USA	Utah	N_America	0	1	2	6	B.1.384	2020-05
ISL_509456	2020-05-26	USA	Maryland	N_America	0	1	5	8	B.1.328	2020-05
ISL_1182872	2020-05-15	Canada	Ontario	N_America	0	2	3	6	B.1	2020-05
ISL_614102	2020-05-15	USA	Virginia	N_America	0	3	4	13	B.1.1	2020-05
ISL_545196	2020-05-23	USA	Texas	N_America	0	3	4	9	B.1.1.29	2020-05
ISL_524110	2020-05-14	USA	Utah	N_America	0	2	2	7	B.1.137	2020-05
ISL_791961	2020-05-07	USA	Massachusetts	N_America	0	2	3	8	B.1	2020-05
ISL_522804	2020-05-21	USA	Virginia	N_America	0	1	4	6	B.1	2020-05
ISL_509131	2020-05-16	USA	Oregon	N_America	0	2	3	7	B.1.124	2020-05
ISL_570282	2020-05-30	USA	Washington	N_America	0	2	5	9	B.1.369	2020-05
ISL_1182844	2020-05-15	Canada	Ontario	N_America	0	2	3	6	B.1	2020-05
ISL_1183300	2020-05-15	Canada	Ontario	N_America	0	1	5	8	B.1.422	2020-05
ISL_696324	2020-05-02	USA	Arizona	N_America	0	2	3	6	B.1	2020-05
ISL_475192	2020-05-04	USA	Nebraska	N_America	0	2	2	6	B.1	2020-05
ISL_1113493	2020-05-05	USA	Arizona	N_America	0	1	4	5	B.1	2020-05
ISL_527708	2020-05-21	USA	Minnesota	N_America	0	1	5	9	B.1	2020-05
ISL_463531	2020-05-03	USA	Washington	N_America	0	2	4	9	B.1.1.29	2020-05
ISL_542960	2020-05-11	USA	New Mexico	N_America	0	1	3	4	B.1	2020-05
ISL_676720	2020-05-13	USA	New York	N_America	0	1	4	8	B.1	2020-05
ISL_1379088	2020-05-18	Canada	Quebec	N_America	0	3	8	11	B.1.1.176	2020-05
ISL_522783	2020-05-13	USA	Virginia	N_America	0	2	4	9	B.1	2020-05
ISL_672316	2020-05-14	USA	California	N_America	0	2	5	10	B.1.320	2020-05
ISL_914165	2020-05-20	USA	Arizona	N_America	0	1	4	7	B.1.289	2020-05
ISL_462883	2020-05-07	USA	Minnesota	N_America	0	1	5	8	B.1	2020-05
ISL_805376	2020-05-08	Canada	Alberta	N_America	0	3	8	12	B.1.279	2020-05
ISL_495131	2020-05-22	USA	California	N_America	0	1	3	10	B.1.106	2020-05
ISL_676903	2020-05-03	USA	New York	N_America	0	1	4	6	B.1	2020-05
ISL_1183343	2020-05-15	Canada	Ontario	N_America	0	1	4	7	B.1	2020-05
ISL_1231119	2020-05-15	Canada	Ontario	N_America	0	3	4	12	B.1.1.130	2020-05
ISL_812246	2020-05-08	USA	North Dakota	N_America	0	1	4	9	B.1.350	2020-05
ISL_475228	2020-05-05	USA	Nebraska	N_America	0	1	4	6	B.1	2020-05
ISL_825842	2020-05-28	Canada	Quebec	N_America	0	3	4	9	B.1.128	2020-05
ISL_512172	2020-05-13	USA	California	N_America	0	3	3	7	B.1.243	2020-05
ISL_545063	2020-05-20	USA	Texas	N_America	0	1	6	8	B.1.2	2020-05
ISL_466682	2020-05-05	USA	Nebraska	N_America	0	1	4	6	B.1	2020-05
ISL_524131	2020-05-26	USA	Utah	N_America	0	2	7	11	B.1.426	2020-05
ISL_672312	2020-05-11	USA	California	N_America	0	2	4	8	B.1.320	2020-05
ISL_954892	2020-05-05	USA	Colorado	N_America	0	1	4	6	B.1	2020-05
ISL_509135	2020-05-25	USA	Oregon	N_America	0	3	2	11	B.1	2020-05
ISL_482953	2020-05-18	USA	Minnesota	N_America	0	2	6	11	B.1.2	2020-05
ISL_475227	2020-05-05	USA	Nebraska	N_America	0	3	4	7	B.1.1.162	2020-05
ISL_475233	2020-05-05	USA	Nebraska	N_America	0	1	4	10	B.1.518	2020-05
ISL_578725	2020-05-15	USA	Louisiana	N_America	0	2	5	10	B.1.284	2020-05
ISL_681998	2020-05-15	USA	Pennsylvania	N_America	0	1	4	8	B.1	2020-05
ISL_1017615	2020-05-06	USA	Massachusetts	N_America	0	1	5	10	B.1	2020-05
ISL_570239	2020-05-15	USA	Washington	N_America	0	1	5	11	B.1.333	2020-05
ISL_463542	2020-05-01	USA	Washington	N_America	0	2	4	8	A.1	2020-05
ISL_791936	2020-05-06	USA	Massachusetts	N_America	0	1	5	7	B.1	2020-05
ISL_631956	2020-05-14	USA	New York	N_America	0	1	4	6	B.1	2020-05
ISL_509120	2020-05-29	USA	Oregon	N_America	0	1	2	6	B.1.134	2020-05
ISL_493046	2020-05-14	USA	Utah	N_America	0	2	5	11	B.1.370	2020-05
ISL_477658	2020-05-04	USA	Virginia	N_America	0	1	4	5	B.1	2020-05
ISL_524813	2020-05-23	USA	Utah	N_America	0	2	5	9	B.1.369	2020-05
ISL_694361	2020-05-28	USA	Arizona	N_America	0	4	3	8	B.1.240	2020-05
ISL_1183361	2020-05-15	Canada	Ontario	N_America	0	1	5	11	B.1.422	2020-05
ISL_693048	2020-05-05	USA	Massachusetts	N_America	0	1	4	9	B.1	2020-05
ISL_495707	2020-05-13	USA	Washington	N_America	0	1	4	7	B.1.371	2020-05
ISL_524101	2020-05-20	USA	Utah	N_America	0	1	7	8	B.1.426	2020-05
ISL_826072	2020-05-10	Canada	Quebec	N_America	0	2	4	11	A.1	2020-05
ISL_524084	2020-05-22	USA	Utah	N_America	0	1	6	11	B.1.425	2020-05
ISL_487250	2020-05-13	USA	Utah	N_America	0	2	3	8	B.1	2020-05
ISL_1231170	2020-05-15	Canada	Ontario	N_America	0	1	5	9	B.1	2020-05
ISL_826051	2020-05-06	Canada	Quebec	N_America	0	1	5	8	B.1	2020-05
ISL_496333	2020-05-29	USA	Washington	N_America	0	2	4	9	B.1.1.29	2020-05
ISL_672322	2020-05-15	USA	California	N_America	1	1	6	10	B.1.503	2020-05
ISL_525102	2020-05-11	USA	Utah	N_America	0	2	7	10	B.1.426	2020-05
ISL_509461	2020-05-26	USA	Maryland	N_America	0	1	6	9	B.1.328	2020-05
ISL_806478	2020-05-01	Canada	Alberta	N_America	0	3	8	13	B.1.279	2020-05
ISL_542917	2020-05-17	USA	Texas	N_America	0	2	4	9	B.1.1.134	2020-05
ISL_496071	2020-05-27	USA	Washington	N_America	0	1	4	9	B.1.371	2020-05
ISL_477274	2020-05-22	USA	Minnesota	N_America	0	1	5	7	B.1.116	2020-05
ISL_1168269	2020-06-19	USA	Texas	N_America	0	1	11	13	B.1.2	2020-06
ISL_545388	2020-06-03	USA	Texas	N_America	0	2	4	9	B.1.325	2020-06
ISL_914478	2020-06-30	USA	Arizona	N_America	0	1	3	4	B.1	2020-06
ISL_738522	2020-06-21	USA	California	N_America	0	2	4	9	B.1.1.174	2020-06
ISL_1322890	2020-06-20	USA	Texas	N_America	0	2	6	14	B.1.305	2020-06
ISL_578856	2020-06-20	USA	Louisiana	N_America	0	1	5	11	B.1	2020-06
ISL_546673	2020-06-29	USA	Texas	N_America	0	2	3	6	B.1.437	2020-06
ISL_544006	2020-06-11	USA	Texas	N_America	0	1	6	11	B.1.2	2020-06
ISL_582865	2020-06-27	USA	California	N_America	0	3	3	8	B.1.243	2020-06
ISL_497399	2020-06-03	USA	Washington	N_America	0	3	4	12	B.1.1.291	2020-06
ISL_635551	2020-06-30	Mexico	Baja California	N_America	0	2	4	9	B.1.400	2020-06
ISL_545415	2020-06-01	USA	Texas	N_America	0	2	4	7	B.1.206	2020-06
ISL_694946	2020-06-17	USA	Arizona	N_America	0	2	3	9	B.1.443	2020-06
ISL_546178	2020-06-24	USA	Texas	N_America	0	2	5	10	B.1	2020-06
ISL_495149	2020-06-03	USA	California	N_America	0	1	4	7	B.1.453	2020-06
ISL_545528	2020-06-05	USA	Texas	N_America	0	2	4	7	B.1.206	2020-06
ISL_543529	2020-06-18	USA	Texas	N_America	0	1	5	9	B.1	2020-06
ISL_1337762	2020-06-30	USA	Texas	N_America	0	2	6	16	B.1.2	2020-06
ISL_543551	2020-06-17	USA	Texas	N_America	0	2	4	9	B.1.1.29	2020-06
ISL_626511	2020-06-25	USA	Illinois	N_America	0	2	12	14	B.1.2	2020-06
ISL_978244	2020-06-18	USA	Texas	N_America	0	2	4	8	B.1.206	2020-06
ISL_545501	2020-06-05	USA	Texas	N_America	0	1	4	6	B.1	2020-06
ISL_653296	2020-06-30	USA	Florida	N_America	0	1	6	10	B.1.2	2020-06
ISL_545705	2020-06-29	USA	Texas	N_America	0	5	7	14	B.1.369	2020-06
ISL_544185	2020-06-13	USA	Texas	N_America	0	2	5	8	B.1	2020-06
ISL_745305	2020-06-24	USA	Texas	N_America	0	3	4	8	B.1.206	2020-06
ISL_648847	2020-06-27	USA	California	N_America	0	2	3	6	B.1	2020-06
ISL_1230595	2020-06-15	Canada	Ontario	N_America	0	3	4	11	B.1.1.20	2020-06
ISL_739619	2020-06-24	USA	California	N_America	1	1	6	12	B.1.503	2020-06
ISL_569724	2020-06-04	USA	Texas	N_America	0	1	5	8	B.1	2020-06
ISL_570311	2020-06-07	USA	Washington	N_America	0	1	4	6	B.1	2020-06
ISL_508737	2020-06-19	USA	Florida	N_America	0	2	4	8	B.1.1.180	2020-06
ISL_527834	2020-06-13	USA	Texas	N_America	0	2	4	7	B.1.1.29	2020-06
ISL_1112962	2020-06-15	USA	Texas	N_America	0	3	5	10	B.1.1.210	2020-06
ISL_507788	2020-06-09	USA	Michigan	N_America	0	2	3	7	B.1	2020-06
ISL_546456	2020-06-28	USA	Texas	N_America	0	2	7	10	B.1.361	2020-06
ISL_525903	2020-06-22	USA	Oregon	N_America	0	2	3	5	B.1	2020-06
ISL_545565	2020-06-08	USA	Texas	N_America	0	1	4	9	B.1.445	2020-06
ISL_546054	2020-06-27	USA	Texas	N_America	0	2	4	9	B.1	2020-06
ISL_546930	2020-06-26	USA	Texas	N_America	0	2	5	7	B.1.361	2020-06
ISL_512564	2020-06-29	USA	Florida	N_America	0	4	5	11	B.1.280	2020-06
ISL_544445	2020-06-21	USA	Texas	N_America	0	1	11	12	B.1.2	2020-06
ISL_546049	2020-06-27	USA	Texas	N_America	0	3	4	10	B.1.1.29	2020-06
ISL_578835	2020-06-11	USA	Louisiana	N_America	0	1	5	10	B.1.521	2020-06
ISL_570818	2020-06-29	USA	Washington	N_America	0	3	11	19	B.1.2	2020-06
ISL_578808	2020-06-01	USA	Louisiana	N_America	0	1	5	9	B.1.521	2020-06
ISL_1261649	2020-06-27	USA	Texas	N_America	0	1	4	8	B.1.324	2020-06
ISL_497721	2020-06-10	USA	Washington	N_America	0	3	4	9	B.1.1.291	2020-06
ISL_560944	2020-06-21	USA	Texas	N_America	0	2	3	5	B.1	2020-06
ISL_1032679	2020-06-17	USA	Illinois	N_America	0	4	4	8	B.1.1.127	2020-06
ISL_560354	2020-06-03	USA	New Mexico	N_America	0	1	5	7	B.1	2020-06
ISL_739190	2020-06-25	USA	California	N_America	0	2	4	7	B.1	2020-06
ISL_543687	2020-06-19	USA	Texas	N_America	0	4	4	13	B.1.1.258	2020-06
ISL_672061	2020-06-20	USA	California	N_America	0	2	3	6	B.1	2020-06
ISL_546254	2020-06-24	USA	Texas	N_America	0	2	4	8	B.1	2020-06
ISL_497556	2020-06-07	USA	Washington	N_America	0	2	4	7	A.1	2020-06
ISL_543679	2020-06-19	USA	Texas	N_America	0	1	5	11	B.1	2020-06
ISL_635380	2020-06-24	USA	California	N_America	0	2	5	10	B.1.369	2020-06
ISL_497318	2020-06-22	USA	Washington	N_America	0	3	4	9	B.1.1.158	2020-06
ISL_1337702	2020-06-30	USA	Texas	N_America	0	2	6	9	B.1.361	2020-06
ISL_569969	2020-06-10	Canada	Ontario	N_America	0	4	4	10	B.1.36	2020-06
ISL_1182878	2020-06-15	Canada	Ontario	N_America	0	2	4	8	B.1.1.31	2020-06
ISL_825908	2020-06-25	Canada	Quebec	N_America	0	3	5	10	B.1.1.29	2020-06
ISL_529105	2020-06-23	USA	South Carolina	N_America	0	2	5	10	B.1.521	2020-06
ISL_694638	2020-06-16	USA	Arizona	N_America	0	1	2	3	B.1	2020-06
ISL_517947	2020-06-05	USA	Florida	N_America	0	2	4	10	N.1	2020-06
ISL_497239	2020-06-18	USA	Washington	N_America	0	3	4	8	B.1.1.290	2020-06
ISL_583048	2020-06-22	USA	California	N_America	0	2	4	9	B.1.1.207	2020-06
ISL_1230516	2020-06-15	Canada	Ontario	N_America	0	3	5	12	B.1.1.143	2020-06
ISL_517944	2020-06-04	USA	Florida	N_America	0	1	3	11	B.1.110.3	2020-06
ISL_546905	2020-06-26	USA	Texas	N_America	0	2	4	10	B.1.1.148	2020-06
ISL_1363008	2020-06-14	USA	Texas	N_America	0	2	6	13	B.1.305	2020-06
ISL_1183342	2020-06-15	Canada	Ontario	N_America	0	3	4	9	B.1.1.162	2020-06
ISL_978230	2020-06-15	USA	Texas	N_America	0	2	6	11	B.1.325	2020-06
ISL_1301534	2020-06-04	Mexico	Nayarit	N_America	0	2	4	9	B.1.1.29	2020-06
ISL_482987	2020-06-09	USA	Minnesota	N_America	0	2	7	15	B.1.2	2020-06
ISL_547066	2020-06-24	USA	Texas	N_America	0	1	6	9	B.1	2020-06
ISL_710078	2020-06-24	USA	Texas	N_America	0	1	11	12	B.1.2	2020-06
ISL_483508	2020-06-23	USA	California	N_America	0	2	5	9	B.1	2020-06
ISL_1390898	2020-06-14	Canada	Quebec	N_America	0	3	9	17	B.1.1.317	2020-06
ISL_541981	2020-06-05	USA	Texas	N_America	0	1	5	7	B.1.335	2020-06
ISL_525880	2020-06-17	USA	Oregon	N_America	0	1	6	9	B.1	2020-06
ISL_545491	2020-06-05	USA	Texas	N_America	0	1	5	9	B.1	2020-06
ISL_548891	2020-06-15	Canada	Ontario	N_America	0	1	5	10	B.1.422	2020-06
ISL_497644	2020-06-08	USA	Washington	N_America	0	3	4	11	B.1.1.291	2020-06
ISL_570518	2020-06-27	USA	Washington	N_America	0	3	11	20	B.1.2	2020-06
ISL_1017366	2020-06-18	USA	Oregon	N_America	0	1	5	9	B.1.495	2020-06
ISL_1230087	2020-06-15	Canada	Ontario	N_America	0	1	4	7	B.1	2020-06
ISL_914472	2020-06-26	USA	Arizona	N_America	0	1	4	11	B.1.516	2020-06
ISL_543206	2020-06-12	USA	Texas	N_America	0	1	2	9	B.1.207	2020-06
ISL_545520	2020-06-04	USA	Texas	N_America	0	1	6	12	B.1.2	2020-06
ISL_1201365	2020-06-26	USA	Texas	N_America	0	2	4	7	B.1.206	2020-06
ISL_1301542	2020-06-07	Mexico	Tlaxcala	N_America	0	2	3	5	B.1.189	2020-06
ISL_497471	2020-06-05	USA	Washington	N_America	0	2	4	9	B.1.1.29	2020-06
ISL_491412	2020-06-29	USA	Wisconsin	N_America	0	2	3	9	B.1	2020-06
ISL_694945	2020-06-17	USA	Arizona	N_America	0	2	5	12	B.1.320	2020-06
ISL_546870	2020-06-25	USA	Texas	N_America	0	2	5	9	B.1.206	2020-06
ISL_538401	2020-06-26	USA	South Carolina	N_America	0	2	5	10	B.1.521	2020-06
ISL_484989	2020-06-23	USA	Wisconsin	N_America	0	1	4	9	B.1	2020-06
ISL_594032	2020-06-02	USA	Utah	N_America	0	2	7	9	B.1.426	2020-06
ISL_1168447	2020-07-08	USA	Washington DC	N_America	0	3	5	11	B.1.369	2020-07
ISL_785472	2020-07-09	USA	Texas	N_America	0	1	7	11	B.1.2	2020-07
ISL_789270	2020-07-08	USA	Texas	N_America	0	1	6	10	B.1.2	2020-07
ISL_785575	2020-07-10	USA	Texas	N_America	0	2	4	10	B.1	2020-07
ISL_1183157	2020-07-15	Canada	Ontario	N_America	1	1	6	10	B.1.451	2020-07
ISL_605275	2020-07-19	USA	Utah	N_America	0	1	6	13	B.1.425	2020-07
ISL_784347	2020-07-08	USA	Texas	N_America	0	2	5	10	B.1.206	2020-07
ISL_1301586	2020-07-16	Mexico	CDMX	N_America	0	3	6	13	B.1.1.222	2020-07
ISL_572221	2020-07-07	USA	Virginia	N_America	0	3	4	11	B.1.1.207	2020-07
ISL_582973	2020-07-23	USA	California	N_America	0	3	4	9	B.1.1	2020-07
ISL_789326	2020-07-06	USA	Texas	N_America	1	1	6	12	B.1	2020-07
ISL_1271262	2020-07-15	Canada	Ontario	N_America	0	1	5	11	B.1.422	2020-07
ISL_789509	2020-07-08	USA	Texas	N_America	0	2	6	14	B.1.2	2020-07
ISL_653424	2020-07-16	USA	Louisiana	N_America	0	4	4	12	B.1.1.226	2020-07
ISL_781044	2020-07-03	USA	Texas	N_America	0	4	4	13	B.1.1.258	2020-07
ISL_1373659	2020-07-20	USA	Pennsylvania	N_America	0	2	6	11	B.1.509	2020-07
ISL_1203672	2020-07-07	USA	Texas	N_America	0	1	4	8	B.1	2020-07
ISL_548502	2020-07-27	USA	California	N_America	0	2	4	14	B.1.267	2020-07
ISL_547607	2020-07-10	USA	Iowa	N_America	0	2	4	9	B.1.413	2020-07
ISL_780978	2020-07-02	USA	Texas	N_America	0	2	5	7	B.1.361	2020-07
ISL_877635	2020-07-01	USA	North Carolina	N_America	0	1	4	7	B.1.108	2020-07
ISL_789460	2020-07-08	USA	Texas	N_America	0	2	5	7	B.1.361	2020-07
ISL_1017280	2020-07-02	USA	Oregon	N_America	0	4	3	10	B.1.240	2020-07
ISL_653563	2020-07-03	USA	Louisiana	N_America	0	2	4	10	B.1.363	2020-07
ISL_968284	2020-07-02	Canada	British Columbia	N_America	0	1	5	9	B.1	2020-07
ISL_785416	2020-07-09	USA	Texas	N_America	0	2	4	7	B.1	2020-07
ISL_1202839	2020-07-11	USA	Texas	N_America	0	1	3	4	B.1	2020-07
ISL_780496	2020-07-01	USA	Texas	N_America	0	2	4	9	B.1.1	2020-07
ISL_545812	2020-07-01	USA	Texas	N_America	0	1	5	10	B.1.363	2020-07
ISL_1121348	2020-07-29	USA	Kansas	N_America	0	2	4	7	B.1.206	2020-07
ISL_745709	2020-07-27	USA	Utah	N_America	0	1	5	13	B.1.425	2020-07
ISL_548554	2020-07-30	USA	California	N_America	0	2	4	9	B.1.1.29	2020-07
ISL_812560	2020-07-28	USA	Alabama	N_America	0	2	4	11	B.1	2020-07
ISL_780857	2020-07-02	USA	Texas	N_America	0	2	5	9	B.1.325	2020-07
ISL_525729	2020-07-16	USA	Washington	N_America	0	2	4	9	B.1.206	2020-07
ISL_1137153	2020-07-15	USA	California	N_America	0	2	4	9	B.1.1.205	2020-07
ISL_517797	2020-07-01	USA	Florida	N_America	0	2	5	9	B.1.1.244	2020-07
ISL_535660	2020-07-18	USA	Arkansas	N_America	0	2	6	9	B.1	2020-07
ISL_548556	2020-07-31	USA	California	N_America	0	3	3	12	B.1.243	2020-07
ISL_968162	2020-07-19	USA	North Carolina	N_America	0	2	6	12	B.1.2	2020-07
ISL_695514	2020-07-07	USA	Arizona	N_America	0	2	3	6	B.1.401	2020-07
ISL_548292	2020-07-17	USA	California	N_America	0	1	4	10	B.1.267	2020-07
ISL_653526	2020-07-28	USA	Louisiana	N_America	0	5	7	16	B.1.369	2020-07
ISL_528498	2020-07-21	USA	Alaska	N_America	0	1	11	12	B.1.2	2020-07
ISL_509150	2020-07-10	USA	Oregon	N_America	0	2	3	5	B.1	2020-07
ISL_1203791	2020-07-03	USA	Texas	N_America	0	2	5	9	B.1.206	2020-07
ISL_940910	2020-07-14	USA	Puerto Rico	N_America	0	2	5	11	B.1.1.225	2020-07
ISL_780303	2020-07-06	USA	Texas	N_America	0	5	7	13	B.1.369	2020-07
ISL_489940	2020-07-03	USA	Wisconsin	N_America	0	2	4	8	B.1.413	2020-07
ISL_653391	2020-07-14	USA	Louisiana	N_America	0	2	6	8	B.1.361	2020-07
ISL_785396	2020-07-09	USA	Texas	N_America	0	1	7	8	B.1.2	2020-07
ISL_781091	2020-07-03	USA	Texas	N_America	0	3	4	9	B.1.1.29	2020-07
ISL_509985	2020-07-22	USA	Wisconsin	N_America	0	4	4	12	B.1.1	2020-07
ISL_626536	2020-07-20	USA	Illinois	N_America	0	2	5	10	B.1.521	2020-07
ISL_491418	2020-07-01	USA	Wisconsin	N_America	0	2	8	12	B.1.139	2020-07
ISL_789558	2020-07-10	USA	Texas	N_America	0	2	4	8	B.1.1	2020-07
ISL_789649	2020-07-05	USA	Texas	N_America	1	1	6	12	B.1	2020-07
ISL_1422295	2020-07-19	USA	Texas	N_America	0	1	11	12	B.1.2	2020-07
ISL_780623	2020-07-01	USA	Texas	N_America	0	1	4	7	B.1	2020-07
ISL_1202568	2020-07-10	USA	Texas	N_America	0	1	6	12	B.1.2	2020-07
ISL_695451	2020-07-03	USA	Arizona	N_America	0	1	4	13	B.1.516	2020-07
ISL_548386	2020-07-21	USA	California	N_America	0	2	3	6	B.1	2020-07
ISL_780681	2020-07-02	USA	Texas	N_America	0	2	4	6	B.1.1.29	2020-07
ISL_1405767	2020-07-25	USA	Texas	N_America	0	3	4	7	B.1.1	2020-07
ISL_968382	2020-07-25	Canada	British Columbia	N_America	0	2	6	11	B.1	2020-07
ISL_517914	2020-07-22	USA	Florida	N_America	0	1	6	17	B.1.2	2020-07
ISL_1113045	2020-07-28	USA	Kansas	N_America	0	1	4	8	B.1	2020-07
ISL_568619	2020-07-28	USA	Florida	N_America	0	3	3	11	B.1	2020-07
ISL_789632	2020-07-05	USA	Texas	N_America	0	3	4	9	B.1.1.29	2020-07
ISL_695297	2020-07-16	USA	Arizona	N_America	0	3	11	16	B.1.2	2020-07
ISL_527632	2020-07-11	USA	Arkansas	N_America	0	2	5	8	B.1	2020-07
ISL_785639	2020-07-10	USA	Texas	N_America	0	1	5	9	B.1.335	2020-07
ISL_649037	2020-07-08	USA	California	N_America	0	2	3	5	B.1	2020-07
ISL_527640	2020-07-13	USA	Arkansas	N_America	0	2	5	8	B.1	2020-07
ISL_781038	2020-07-03	USA	Texas	N_America	0	3	4	8	B.1.1.29	2020-07
ISL_780365	2020-07-06	USA	Texas	N_America	0	2	3	5	B.1	2020-07
ISL_1203777	2020-07-04	USA	Texas	N_America	0	1	6	11	B.1.2	2020-07
ISL_789319	2020-07-06	USA	Texas	N_America	0	6	7	14	B.1.369	2020-07
ISL_1032716	2020-07-02	USA	Illinois	N_America	0	1	3	7	B.1.382	2020-07
ISL_837757	2020-07-06	Mexico	CDMX	N_America	0	2	3	7	B.1	2020-07
ISL_635672	2020-07-15	USA	California	N_America	0	2	3	9	B.1.241	2020-07
ISL_1032863	2020-07-23	USA	Illinois	N_America	0	1	4	9	B.1	2020-07
ISL_765673	2020-07-14	USA	Massachusetts	N_America	0	1	11	13	B.1.2	2020-07
ISL_789455	2020-07-08	USA	Texas	N_America	0	2	6	11	B.1	2020-07
ISL_1422240	2020-07-06	USA	Texas	N_America	0	2	6	12	B.1.369	2020-07
ISL_1167554	2020-07-31	USA	Kansas	N_America	0	1	12	16	B.1.2	2020-07
ISL_548273	2020-07-13	USA	California	N_America	0	2	5	11	B.1.1.132	2020-07
ISL_545964	2020-07-05	USA	Texas	N_America	0	1	11	14	B.1.2	2020-07
ISL_528508	2020-07-22	USA	Alaska	N_America	0	1	6	15	B.1.336	2020-07
ISL_968392	2020-07-26	Canada	British Columbia	N_America	0	2	6	11	B.1	2020-07
ISL_613877	2020-07-29	USA	Florida	N_America	0	2	5	13	B.1.1.225	2020-07
ISL_653584	2020-07-08	USA	Louisiana	N_America	0	1	5	10	B.1	2020-07
ISL_509874	2020-07-06	USA	Wisconsin	N_America	0	3	6	11	B.1.1	2020-07
ISL_509167	2020-07-13	USA	Oregon	N_America	0	2	3	7	B.1	2020-07
ISL_784390	2020-07-01	USA	Texas	N_America	0	2	5	10	B.1.369	2020-07
ISL_695574	2020-07-10	USA	Arizona	N_America	0	2	4	11	B.1	2020-07
ISL_1032812	2020-07-18	USA	Illinois	N_America	0	1	12	13	B.1.2	2020-07
ISL_884459	2020-07-04	USA	Michigan	N_America	0	2	4	9	B.1.1.29	2020-07
ISL_667021	2020-07-11	USA	California	N_America	0	2	3	9	B.1	2020-07
ISL_826124	2020-07-23	Canada	Quebec	N_America	0	2	4	7	B.1.1.121	2020-07
ISL_536596	2020-08-19	USA	Wisconsin	N_America	0	2	8	13	B.1.139	2020-08
ISL_1323323	2020-08-04	USA	Illinois	N_America	0	3	12	16	B.1.2	2020-08
ISL_570755	2020-08-06	USA	Washington	N_America	0	2	4	9	B.1	2020-08
ISL_536638	2020-08-25	USA	Wisconsin	N_America	0	2	10	15	B.1.139	2020-08
ISL_935815	2020-08-28	Canada	Manitoba	N_America	0	5	5	17	B.1.36.7	2020-08
ISL_635815	2020-08-28	USA	California	N_America	0	2	3	13	B.1	2020-08
ISL_738748	2020-08-05	USA	California	N_America	0	3	3	14	B.1	2020-08
ISL_968637	2020-08-12	Canada	British Columbia	N_America	0	4	5	9	B.1.128	2020-08
ISL_1060734	2020-08-18	Mexico	Hidalgo	N_America	0	2	3	7	B.1.235	2020-08
ISL_969109	2020-08-21	Canada	British Columbia	N_America	0	5	8	13	B.1.1.306	2020-08
ISL_605147	2020-08-02	USA	Puerto Rico	N_America	0	3	7	15	B.1.426	2020-08
ISL_968540	2020-08-08	Canada	British Columbia	N_America	0	1	5	12	B.1.422	2020-08
ISL_790419	2020-08-31	USA	Texas	N_America	0	1	5	11	B.1	2020-08
ISL_1362709	2020-08-03	USA	Missouri	N_America	0	1	7	14	B.1.311	2020-08
ISL_635916	2020-08-01	USA	California	N_America	0	2	5	10	B.1.369	2020-08
ISL_649040	2020-08-13	USA	California	N_America	0	2	3	8	B.1	2020-08
ISL_738619	2020-08-17	USA	California	N_America	0	2	6	10	B.1.361	2020-08
ISL_549193	2020-08-05	USA	Florida	N_America	0	1	6	11	B.1.2	2020-08
ISL_574341	2020-08-13	USA	Louisiana	N_America	0	1	5	9	B.1	2020-08
ISL_522928	2020-08-11	USA	Wisconsin	N_America	0	1	2	3	B.1	2020-08
ISL_787352	2020-08-14	USA	Texas	N_America	0	1	3	5	B.1	2020-08
ISL_746083	2020-08-06	USA	Utah	N_America	0	1	2	9	B.1.106	2020-08
ISL_602327	2020-08-03	USA	Puerto Rico	N_America	0	3	7	16	B.1.426	2020-08
ISL_1365893	2020-08-14	Canada	Quebec	N_America	1	1	7	15	B.1	2020-08
ISL_1055687	2020-08-12	Canada	Nova Scotia	N_America	0	3	5	9	B.1.1.70	2020-08
ISL_746203	2020-08-17	USA	Utah	N_America	0	2	4	12	B.1.1.106	2020-08
ISL_522983	2020-08-06	Mexico	CDMX	N_America	0	3	4	10	B.1	2020-08
ISL_610160	2020-08-16	USA	Missouri	N_America	0	3	4	11	B.1.1.161	2020-08
ISL_788469	2020-08-24	USA	Texas	N_America	0	1	11	12	B.1.2	2020-08
ISL_653696	2020-08-21	USA	Louisiana	N_America	0	1	5	9	B.1.521	2020-08
ISL_1257913	2020-08-09	Canada	Manitoba	N_America	0	4	5	11	B.1.36	2020-08
ISL_752887	2020-08-20	USA	Hawaii	N_America	0	6	4	10	B.1.243	2020-08
ISL_653707	2020-08-25	USA	Louisiana	N_America	0	1	11	17	B.1.2	2020-08
ISL_1306106	2020-08-19	USA	Arizona	N_America	0	2	4	7	B.1.1.29	2020-08
ISL_667223	2020-08-01	USA	Oregon	N_America	0	3	4	12	B.1.1	2020-08
ISL_636043	2020-08-17	USA	California	N_America	0	3	3	10	B.1	2020-08
ISL_770835	2020-08-15	Canada	Ontario	N_America	0	4	6	11	B.1.369	2020-08
ISL_825759	2020-08-15	Canada	Quebec	N_America	0	3	9	23	B.1.1.317	2020-08
ISL_752879	2020-08-17	USA	Hawaii	N_America	0	1	4	10	B.1	2020-08
ISL_570992	2020-08-05	USA	Washington	N_America	0	3	11	17	B.1.2	2020-08
ISL_788579	2020-08-23	USA	Texas	N_America	0	1	3	6	B.1	2020-08
ISL_745785	2020-08-09	USA	Utah	N_America	0	2	5	11	B.1.448	2020-08
ISL_1323330	2020-08-05	USA	Illinois	N_America	0	4	4	12	B.1.1	2020-08
ISL_746273	2020-08-09	USA	Utah	N_America	0	2	7	17	B.1.426	2020-08
ISL_574281	2020-08-26	USA	New Mexico	N_America	0	1	6	12	B.1	2020-08
ISL_968699	2020-08-13	Canada	British Columbia	N_America	0	1	5	11	B.1.422	2020-08
ISL_825773	2020-08-28	Canada	Quebec	N_America	0	2	4	10	B.1	2020-08
ISL_1365835	2020-08-25	Canada	Quebec	N_America	0	2	4	11	B.1.1.121	2020-08
ISL_806935	2020-08-13	USA	Washington	N_America	0	3	4	12	B.1.1.291	2020-08
ISL_968809	2020-08-17	Canada	British Columbia	N_America	0	4	5	9	B.1.128	2020-08
ISL_582979	2020-08-17	USA	California	N_America	0	3	5	12	B.1.320	2020-08
ISL_570622	2020-08-03	USA	Washington	N_America	0	3	3	12	B.1.188	2020-08
ISL_968170	2020-08-23	USA	North Carolina	N_America	0	2	3	8	B.1.1.29	2020-08
ISL_1054963	2020-08-04	Mexico	Chiapas	N_America	0	2	5	13	B.1.1.244	2020-08
ISL_525348	2020-08-14	USA	Utah	N_America	0	5	4	13	B.1.400	2020-08
ISL_788010	2020-08-18	USA	Texas	N_America	0	1	11	12	B.1.2	2020-08
ISL_802185	2020-08-19	USA	New York	N_America	0	3	5	15	B.1.369	2020-08
ISL_939624	2020-08-20	USA	California	N_America	0	2	4	12	B.1.400	2020-08
ISL_667317	2020-08-31	USA	Oregon	N_America	0	3	11	15	B.1.2	2020-08
ISL_644944	2020-08-13	USA	Minnesota	N_America	0	4	7	12	B.1.369	2020-08
ISL_695656	2020-08-12	USA	Arizona	N_America	0	2	5	14	B.1.1.31	2020-08
ISL_788604	2020-08-22	USA	Texas	N_America	0	2	3	15	B.1	2020-08
ISL_745909	2020-08-13	USA	Utah	N_America	0	3	7	16	B.1.426	2020-08
ISL_677043	2020-08-17	USA	New York	N_America	0	1	5	14	B.1.265	2020-08
ISL_752803	2020-08-16	USA	Hawaii	N_America	0	4	4	9	B.1.243	2020-08
ISL_745925	2020-08-12	USA	Utah	N_America	0	1	8	13	B.1.2	2020-08
ISL_968532	2020-08-08	Canada	British Columbia	N_America	0	1	5	11	B.1.422	2020-08
ISL_752958	2020-08-07	USA	Hawaii	N_America	0	5	4	9	B.1.243	2020-08
ISL_542059	2020-08-21	USA	New Mexico	N_America	0	1	6	10	B.1.346	2020-08
ISL_574277	2020-08-25	USA	New Mexico	N_America	0	1	6	11	B.1	2020-08
ISL_576407	2020-08-05	USA	Washington	N_America	0	4	3	8	B.1.240	2020-08
ISL_752787	2020-08-11	USA	Hawaii	N_America	0	4	4	9	B.1.243	2020-08
ISL_1404090	2020-08-19	USA	Utah	N_America	0	1	3	9	B.1	2020-08
ISL_746285	2020-08-17	USA	Utah	N_America	0	1	6	15	B.1.425	2020-08
ISL_745793	2020-08-08	USA	Utah	N_America	0	2	4	11	B.1.1.29	2020-08
ISL_1060738	2020-08-05	Mexico	Guanajuato	N_America	0	2	3	6	B.1	2020-08
ISL_582978	2020-08-18	USA	California	N_America	0	3	4	11	B.1.189	2020-08
ISL_788289	2020-08-27	USA	Texas	N_America	0	1	5	11	B.1.363	2020-08
ISL_574390	2020-08-22	USA	Louisiana	N_America	0	2	4	11	B.1	2020-08
ISL_790427	2020-08-31	USA	Texas	N_America	0	1	2	5	B.1	2020-08
ISL_613901	2020-08-03	USA	Florida	N_America	0	2	6	11	B.1.509	2020-08
ISL_790551	2020-08-19	USA	Texas	N_America	0	1	6	8	B.1.361	2020-08
ISL_935784	2020-08-25	Canada	Manitoba	N_America	0	3	6	17	B.1.1.1	2020-08
ISL_574422	2020-08-26	USA	Louisiana	N_America	0	1	6	11	B.1.2	2020-08
ISL_576268	2020-08-25	Mexico	Hidalgo	N_America	0	4	5	15	B.1.1.222	2020-08
ISL_968975	2020-08-19	Canada	British Columbia	N_America	0	4	5	10	B.1.128	2020-08
ISL_1405798	2020-08-06	USA	Texas	N_America	0	2	5	7	B.1.1.208	2020-08
ISL_968571	2020-08-10	Canada	British Columbia	N_America	0	2	6	15	B.1	2020-08
ISL_968564	2020-08-10	Canada	British Columbia	N_America	0	3	8	18	B.1.279	2020-08
ISL_752886	2020-08-20	USA	Hawaii	N_America	0	6	4	10	B.1.243	2020-08
ISL_574265	2020-08-26	USA	New Mexico	N_America	0	1	5	12	B.1.366	2020-08
ISL_788631	2020-08-21	USA	Texas	N_America	0	2	4	10	B.1.1.29	2020-08
ISL_825737	2020-08-05	Canada	Quebec	N_America	0	4	10	25	B.1.1.317	2020-08
ISL_935807	2020-08-12	Canada	Manitoba	N_America	0	3	6	16	B.1.1.1	2020-08
ISL_576449	2020-08-10	USA	Washington	N_America	0	2	3	7	B.1	2020-08
ISL_1306098	2020-08-20	USA	Arizona	N_America	0	4	3	9	B.1.243	2020-08
ISL_739515	2020-08-17	USA	California	N_America	0	2	4	9	B.1.1.216	2020-08
ISL_570710	2020-08-07	USA	Washington	N_America	0	4	5	14	B.1.280	2020-08
ISL_582482	2020-08-03	Canada	Manitoba	N_America	0	5	6	17	B.1.36.7	2020-08
ISL_969432	2020-08-30	Canada	British Columbia	N_America	0	5	5	16	B.1.36	2020-08
ISL_671537	2020-09-15	Canada	Ontario	N_America	0	2	6	14	B.1.1.157	2020-09
ISL_789179	2020-09-01	USA	Texas	N_America	0	1	5	8	B.1.235	2020-09
ISL_789954	2020-09-25	USA	Texas	N_America	0	2	4	9	B.1.1.135	2020-09
ISL_752833	2020-09-02	USA	Hawaii	N_America	0	4	4	10	B.1.243	2020-09
ISL_692946	2020-09-24	USA	Massachusetts	N_America	0	5	5	11	B.1.280	2020-09
ISL_969885	2020-09-02	Canada	British Columbia	N_America	0	4	5	12	B.1.128	2020-09
ISL_631494	2020-09-14	USA	Wisconsin	N_America	0	5	7	21	B.1.369	2020-09
ISL_574691	2020-09-18	USA	Washington	N_America	1	1	6	11	B.1	2020-09
ISL_575308	2020-09-03	USA	New Mexico	N_America	0	3	6	17	B.1.2	2020-09
ISL_789221	2020-09-07	USA	Texas	N_America	0	4	4	11	B.1.396	2020-09
ISL_790254	2020-09-23	USA	Texas	N_America	0	4	4	15	B.1.1.258	2020-09
ISL_970139	2020-09-05	Canada	British Columbia	N_America	0	4	5	13	B.1.128	2020-09
ISL_765620	2020-09-26	USA	Massachusetts	N_America	0	5	5	12	B.1.280	2020-09
ISL_644911	2020-09-23	USA	Virginia	N_America	0	3	9	18	B.1.2	2020-09
ISL_802288	2020-09-28	USA	New York	N_America	0	3	5	9	B.1.369	2020-09
ISL_1164883	2020-09-17	USA	Louisiana	N_America	0	1	11	21	B.1.2	2020-09
ISL_970317	2020-09-09	Canada	British Columbia	N_America	0	5	8	13	B.1.1.306	2020-09
ISL_605431	2020-09-15	USA	Wisconsin	N_America	0	2	13	15	B.1.2	2020-09
ISL_594301	2020-09-04	USA	Florida	N_America	0	1	11	15	B.1.2	2020-09
ISL_660808	2020-09-16	USA	Wisconsin	N_America	0	4	3	14	B.1.1	2020-09
ISL_970351	2020-09-09	Canada	British Columbia	N_America	0	1	5	13	B.1.422	2020-09
ISL_973908	2020-09-28	Canada	British Columbia	N_America	0	3	7	14	B.1.36	2020-09
ISL_1324154	2020-09-05	USA	Louisiana	N_America	0	2	7	9	B.1.361	2020-09
ISL_806911	2020-09-14	USA	Washington	N_America	0	3	11	19	B.1.2	2020-09
ISL_568648	2020-09-09	USA	Florida	N_America	0	1	11	13	B.1.2	2020-09
ISL_536711	2020-09-08	USA	Wisconsin	N_America	0	3	14	18	B.1.2	2020-09
ISL_590718	2020-09-24	USA	Michigan	N_America	0	3	12	21	B.1.2	2020-09
ISL_969900	2020-09-02	Canada	British Columbia	N_America	0	3	4	12	B.1.1.162	2020-09
ISL_970793	2020-09-16	Canada	British Columbia	N_America	0	5	8	16	B.1.1.306	2020-09
ISL_677378	2020-09-18	USA	Wisconsin	N_America	0	2	13	15	B.1.2	2020-09
ISL_789706	2020-09-01	USA	Texas	N_America	0	1	7	12	B.1.2	2020-09
ISL_802303	2020-09-29	USA	New York	N_America	0	4	8	15	B.1.234	2020-09
ISL_609983	2020-09-04	USA	Virginia	N_America	0	2	3	12	B.1	2020-09
ISL_802279	2020-09-26	USA	New York	N_America	0	2	4	11	B.1.1.29	2020-09
ISL_671552	2020-09-15	Canada	Ontario	N_America	0	2	4	11	B.1.1.121	2020-09
ISL_969862	2020-09-02	Canada	British Columbia	N_America	0	4	5	11	B.1.128	2020-09
ISL_1202086	2020-09-25	USA	Texas	N_America	0	1	5	7	B.1.2	2020-09
ISL_549227	2020-09-08	USA	Florida	N_America	0	2	4	12	B.1.452	2020-09
ISL_790386	2020-09-30	USA	Texas	N_America	0	2	4	9	B.1.1.29	2020-09
ISL_1366029	2020-09-27	Canada	Quebec	N_America	0	2	4	9	B.1.1.121	2020-09
ISL_547790	2020-09-06	USA	Wisconsin	N_America	0	1	4	11	B.1.349	2020-09
ISL_1271350	2020-09-15	Canada	Ontario	N_America	0	1	5	11	B.1.422	2020-09
ISL_765587	2020-09-14	USA	Massachusetts	N_America	0	5	5	11	B.1.280	2020-09
ISL_547855	2020-09-14	USA	Wisconsin	N_America	0	2	12	16	B.1.2	2020-09
ISL_636158	2020-09-28	USA	California	N_America	0	3	9	14	B.1.234	2020-09
ISL_707694	2020-09-30	USA	California	N_America	0	2	5	11	B.1.320	2020-09
ISL_1324331	2020-09-24	USA	Louisiana	N_America	0	1	11	14	B.1.2	2020-09
ISL_971182	2020-09-17	Canada	British Columbia	N_America	0	5	8	15	B.1.1.306	2020-09
ISL_635962	2020-09-22	USA	California	N_America	0	3	15	19	B.1.2	2020-09
ISL_1041079	2020-09-21	USA	California	N_America	0	3	4	12	B.1.243	2020-09
ISL_812121	2020-09-27	USA	California	N_America	0	3	4	10	B.1.243	2020-09
ISL_635965	2020-09-18	USA	California	N_America	0	2	4	11	B.1.399	2020-09
ISL_547863	2020-09-14	USA	Wisconsin	N_America	0	4	4	13	B.1.1	2020-09
ISL_677653	2020-09-16	USA	Colorado	N_America	0	2	3	8	B.1	2020-09
ISL_1365918	2020-09-22	Canada	Quebec	N_America	0	2	4	8	B.1.1.121	2020-09
ISL_635971	2020-09-17	USA	California	N_America	0	4	3	12	B.1.243	2020-09
ISL_1271527	2020-09-15	Canada	Ontario	N_America	0	4	5	12	B.1.36	2020-09
ISL_755359	2020-09-16	USA	Maine	N_America	0	2	8	17	B.1.1.304	2020-09
ISL_635761	2020-09-02	USA	California	N_America	0	4	3	11	B.1.243	2020-09
ISL_660845	2020-09-23	USA	Wisconsin	N_America	0	2	12	16	B.1.2	2020-09
ISL_790249	2020-09-23	USA	Texas	N_America	0	3	5	14	B.1.361	2020-09
ISL_577562	2020-09-02	USA	Michigan	N_America	0	3	10	15	B.1.2	2020-09
ISL_547834	2020-09-10	USA	Wisconsin	N_America	0	1	5	11	B.1.363	2020-09
ISL_1270911	2020-09-15	Canada	Ontario	N_America	0	2	4	7	B.1.1.29	2020-09
ISL_971208	2020-09-17	Canada	British Columbia	N_America	0	4	5	9	B.1.128	2020-09
ISL_677427	2020-09-25	USA	Wisconsin	N_America	0	1	8	9	B.1.2	2020-09
ISL_753149	2020-09-29	USA	Hawaii	N_America	0	5	5	11	B.1.243	2020-09
ISL_541632	2020-09-16	USA	Wisconsin	N_America	0	2	4	8	B.1.1.29	2020-09
ISL_1270937	2020-09-15	Canada	Ontario	N_America	0	2	4	9	B.1.1.121	2020-09
ISL_1202056	2020-09-11	USA	Texas	N_America	0	1	5	14	B.1.318	2020-09
ISL_1324281	2020-09-22	USA	Louisiana	N_America	0	1	6	12	B.1	2020-09
ISL_1324337	2020-09-25	USA	Louisiana	N_America	0	1	11	20	B.1.2	2020-09
ISL_605678	2020-09-11	USA	Wisconsin	N_America	0	5	7	19	B.1.369	2020-09
ISL_730097	2020-09-29	USA	California	N_America	0	2	4	17	B.1	2020-09
ISL_547811	2020-09-09	USA	Wisconsin	N_America	0	2	11	13	B.1.2	2020-09
ISL_635972	2020-09-17	USA	California	N_America	0	2	3	9	B.1	2020-09
ISL_790328	2020-09-27	USA	Texas	N_America	0	2	12	17	B.1.2	2020-09
ISL_583530	2020-09-23	USA	Michigan	N_America	0	4	4	10	B.1.240	2020-09
ISL_790119	2020-09-16	USA	Texas	N_America	0	5	7	12	B.1.369	2020-09
ISL_973929	2020-09-29	Canada	British Columbia	N_America	0	4	5	14	B.1.1.162	2020-09
ISL_682043	2020-09-21	USA	Pennsylvania	N_America	0	2	12	17	B.1.2	2020-09
ISL_790044	2020-09-08	USA	Texas	N_America	0	2	4	10	B.1.452	2020-09
ISL_560826	2020-09-17	USA	Maryland	N_America	0	2	12	16	B.1.2	2020-09
ISL_765584	2020-09-15	USA	Massachusetts	N_America	0	5	5	11	B.1.280	2020-09
ISL_789967	2020-09-10	USA	Texas	N_America	0	5	7	12	B.1.369	2020-09
ISL_794025	2020-09-04	USA	New York	N_America	0	5	5	10	B.1.243	2020-09
ISL_803522	2020-09-09	USA	Wisconsin	N_America	0	4	4	14	B.1.1	2020-09
ISL_677645	2020-09-08	USA	Colorado	N_America	0	2	3	7	B.1	2020-09
ISL_970374	2020-09-10	Canada	British Columbia	N_America	0	4	5	9	B.1.128	2020-09
ISL_628948	2020-09-25	USA	Utah	N_America	0	2	3	11	B.1.443	2020-09
ISL_765638	2020-09-24	USA	Massachusetts	N_America	0	3	4	14	B.1	2020-09
ISL_605574	2020-09-09	USA	Wisconsin	N_America	0	2	9	15	B.1.139	2020-09
ISL_973982	2020-09-30	Canada	British Columbia	N_America	0	4	5	10	B.1.128	2020-09
ISL_1365917	2020-09-21	Canada	Quebec	N_America	0	2	7	16	B.1.1.157	2020-09
ISL_582943	2020-09-16	USA	California	N_America	0	2	4	10	B.1.1.205	2020-09
ISL_765599	2020-09-25	USA	Massachusetts	N_America	0	2	3	11	B.1	2020-09
ISL_935368	2020-09-16	USA	Florida	N_America	0	2	5	12	B.1.1.29	2020-09
ISL_605474	2020-09-21	USA	Wisconsin	N_America	0	3	6	16	B.1.1.222	2020-09
ISL_754974	2020-09-26	USA	California	N_America	0	2	4	10	B.1.1.29	2020-09
ISL_973980	2020-09-30	Canada	British Columbia	N_America	0	4	5	16	B.1.36	2020-09
ISL_613510	2020-10-16	USA	Minnesota	N_America	0	1	12	20	B.1.2	2020-10
ISL_692835	2020-10-19	USA	Massachusetts	N_America	0	5	5	12	B.1.280	2020-10
ISL_876570	2020-10-14	USA	Florida	N_America	0	2	12	19	B.1.2	2020-10
ISL_650031	2020-10-27	USA	Michigan	N_America	0	2	6	13	B.1.1.304	2020-10
ISL_667496	2020-10-05	USA	Oregon	N_America	0	1	8	14	B.1.2	2020-10
ISL_1233977	2020-10-28	USA	Colorado	N_America	0	3	5	13	B.1.1.222	2020-10
ISL_1182126	2020-10-21	USA	Arizona	N_America	0	2	5	14	B.1	2020-10
ISL_803690	2020-10-14	USA	Wisconsin	N_America	0	2	8	11	B.1.139	2020-10
ISL_1169826	2020-10-20	USA	Nevada	N_America	0	2	5	11	B.1.400	2020-10
ISL_1271576	2020-10-15	Canada	Ontario	N_America	0	5	8	15	B.1.1.306	2020-10
ISL_876866	2020-10-25	USA	Nevada	N_America	0	3	3	14	B.1.243	2020-10
ISL_786791	2020-10-19	USA	Texas	N_America	0	1	11	17	B.1.2	2020-10
ISL_974790	2020-10-31	Canada	British Columbia	N_America	0	3	13	20	B.1.2	2020-10
ISL_667508	2020-10-16	USA	Oregon	N_America	0	4	4	12	B.1.189	2020-10
ISL_734405	2020-10-24	USA	New York	N_America	0	1	8	17	B.1.311	2020-10
ISL_786819	2020-10-21	USA	Texas	N_America	0	4	3	11	B.1.243	2020-10
ISL_602267	2020-10-02	USA	Maryland	N_America	0	2	12	17	B.1.2	2020-10
ISL_787561	2020-10-04	USA	Texas	N_America	0	4	3	10	B.1.240	2020-10
ISL_786360	2020-10-14	USA	Texas	N_America	0	1	2	5	B.1	2020-10
ISL_802425	2020-10-16	USA	New Jersey	N_America	0	2	8	16	B.1.1.304	2020-10
ISL_1225297	2020-10-30	USA	New Mexico	N_America	0	3	7	17	B.1.1.85	2020-10
ISL_936858	2020-10-13	USA	Illinois	N_America	0	4	3	9	B.1.240	2020-10
ISL_786549	2020-10-16	USA	Texas	N_America	0	4	4	11	B.1.396	2020-10
ISL_1403121	2020-10-06	Canada	Quebec	N_America	0	2	5	13	B.1.1	2020-10
ISL_648438	2020-10-14	USA	California	N_America	0	3	6	15	B.1.232	2020-10
ISL_649993	2020-10-23	USA	Michigan	N_America	0	1	13	18	B.1.2	2020-10
ISL_628858	2020-10-19	USA	Michigan	N_America	0	1	3	8	B.1	2020-10
ISL_974587	2020-10-22	Canada	British Columbia	N_America	0	4	6	14	B.1.36	2020-10
ISL_803406	2020-10-20	USA	Wisconsin	N_America	0	3	13	17	B.1.2	2020-10
ISL_650045	2020-10-26	USA	Michigan	N_America	0	5	7	17	B.1.369	2020-10
ISL_786260	2020-10-12	USA	Texas	N_America	0	1	2	3	B.1	2020-10
ISL_751732	2020-10-30	USA	Nebraska	N_America	0	3	12	20	B.1.2	2020-10
ISL_786401	2020-10-15	USA	Texas	N_America	0	2	12	17	B.1.2	2020-10
ISL_974256	2020-10-11	Canada	British Columbia	N_America	0	5	8	15	B.1.1.306	2020-10
ISL_1390920	2020-10-04	Canada	Quebec	N_America	1	1	6	14	B.1.504	2020-10
ISL_803595	2020-10-01	USA	Wisconsin	N_America	0	4	6	14	B.1.139	2020-10
ISL_1055663	2020-10-28	Canada	Nova Scotia	N_America	0	3	13	18	B.1.2	2020-10
ISL_876036	2020-10-09	USA	New York	N_America	0	3	4	16	B.1	2020-10
ISL_1225272	2020-10-26	USA	New Mexico	N_America	0	2	6	17	B.1.346	2020-10
ISL_1403212	2020-10-02	Canada	Quebec	N_America	0	3	4	14	B.1.1.192	2020-10
ISL_603013	2020-10-08	USA	Minnesota	N_America	0	4	5	11	B.1.240	2020-10
ISL_1271442	2020-10-15	Canada	Ontario	N_America	1	1	6	14	B.1.504	2020-10
ISL_682050	2020-10-19	USA	Pennsylvania	N_America	0	2	14	20	B.1.2	2020-10
ISL_734314	2020-10-02	USA	New York	N_America	0	5	5	11	B.1.243	2020-10
ISL_875897	2020-10-29	USA	Alabama	N_America	0	1	11	16	B.1.2	2020-10
ISL_831768	2020-10-05	USA	North Dakota	N_America	0	2	4	15	B.1	2020-10
ISL_634927	2020-10-05	USA	Utah	N_America	0	1	12	16	B.1.2	2020-10
ISL_974460	2020-10-18	Canada	British Columbia	N_America	0	4	5	12	B.1.128	2020-10
ISL_672059	2020-10-27	USA	California	N_America	0	2	5	7	B.1	2020-10
ISL_1400583	2020-10-12	Canada	Quebec	N_America	0	3	9	24	B.1.1.317	2020-10
ISL_786498	2020-10-16	USA	Texas	N_America	0	1	11	14	B.1.2	2020-10
ISL_1271681	2020-10-15	Canada	Ontario	N_America	0	5	5	17	B.1.36.26	2020-10
ISL_787490	2020-10-05	USA	Texas	N_America	0	2	12	17	B.1.2	2020-10
ISL_740598	2020-10-15	Canada	British Columbia	N_America	0	1	14	20	B.1.2	2020-10
ISL_672525	2020-10-21	USA	California	N_America	0	3	3	9	B.1.243	2020-10
ISL_1335786	2020-10-20	USA	Wyoming	N_America	0	1	8	15	B.1.2	2020-10
ISL_787980	2020-10-07	USA	Texas	N_America	0	4	4	11	B.1.396	2020-10
ISL_661002	2020-10-27	USA	Wisconsin	N_America	0	3	13	17	B.1.2	2020-10
ISL_740784	2020-10-15	Canada	British Columbia	N_America	0	5	8	16	B.1.1.33	2020-10
ISL_1233025	2020-10-16	USA	North Dakota	N_America	0	3	4	16	B.1.1.251	2020-10
ISL_961976	2020-10-12	USA	Illinois	N_America	0	4	4	11	B.1.1	2020-10
ISL_737092	2020-10-15	USA	Washington	N_America	0	3	7	12	B.1.234	2020-10
ISL_740789	2020-10-15	Canada	British Columbia	N_America	0	3	10	19	B.1	2020-10
ISL_1270912	2020-10-15	Canada	Ontario	N_America	0	3	5	19	B.1.1.29	2020-10
ISL_787648	2020-10-06	USA	Texas	N_America	0	2	6	10	B.1.361	2020-10
ISL_614233	2020-10-18	USA	Michigan	N_America	0	3	12	16	B.1.2	2020-10
ISL_803399	2020-10-16	USA	Wisconsin	N_America	0	2	8	11	B.1.139	2020-10
ISL_872448	2020-10-07	USA	Alabama	N_America	0	3	8	15	B.1.234	2020-10
ISL_677164	2020-10-14	USA	Virginia	N_America	0	5	4	10	B.1.240	2020-10
ISL_708729	2020-10-02	USA	California	N_America	0	1	5	9	B.1.370	2020-10
ISL_974402	2020-10-16	Canada	British Columbia	N_America	0	6	8	14	B.1.1.306	2020-10
ISL_614216	2020-10-12	USA	Michigan	N_America	0	5	3	11	B.1.240	2020-10
ISL_787533	2020-10-03	USA	Texas	N_America	0	2	6	15	B.1.206	2020-10
ISL_787977	2020-10-01	USA	Texas	N_America	0	4	4	12	B.1.396	2020-10
ISL_628944	2020-10-08	USA	Utah	N_America	0	3	11	16	B.1.2	2020-10
ISL_650109	2020-10-26	USA	Michigan	N_America	0	2	3	8	B.1	2020-10
ISL_872397	2020-10-03	USA	Alabama	N_America	0	1	12	14	B.1.2	2020-10
ISL_786580	2020-10-18	USA	Texas	N_America	0	1	6	12	B.1.311	2020-10
ISL_1390862	2020-10-17	Canada	Quebec	N_America	0	2	5	13	B.1.1	2020-10
ISL_1323395	2020-10-26	USA	Illinois	N_America	0	2	13	15	B.1.2	2020-10
ISL_755416	2020-10-01	USA	Maine	N_America	0	2	8	17	B.1.1.304	2020-10
ISL_1366054	2020-10-09	Canada	Quebec	N_America	0	4	4	20	B.1.160	2020-10
ISL_786685	2020-10-20	USA	Texas	N_America	0	4	4	12	B.1.396	2020-10
ISL_785722	2020-10-30	USA	Texas	N_America	0	4	4	12	B.1.396	2020-10
ISL_1269769	2020-10-22	USA	Wisconsin	N_America	0	2	13	17	B.1.2	2020-10
ISL_1258057	2020-10-07	Canada	Manitoba	N_America	0	5	8	15	B.1.1.306	2020-10
ISL_1239104	2020-10-24	USA	Arizona	N_America	0	3	4	16	B.1.1.33	2020-10
ISL_832537	2020-10-22	USA	Oregon	N_America	0	4	3	15	B.1.243	2020-10
ISL_802358	2020-10-07	USA	New York	N_America	0	3	6	11	B.1.1.222	2020-10
ISL_648436	2020-10-12	USA	California	N_America	0	3	4	13	B.1.399	2020-10
ISL_596592	2020-10-06	USA	Michigan	N_America	0	2	6	11	B.1.361	2020-10
ISL_1136924	2020-10-26	USA	Nevada	N_America	0	2	5	11	B.1.400	2020-10
ISL_974217	2020-10-09	Canada	British Columbia	N_America	0	4	5	9	B.1.128	2020-10
ISL_633067	2020-10-14	USA	New York	N_America	0	2	4	13	B.1.400	2020-10
ISL_974420	2020-10-17	Canada	British Columbia	N_America	0	5	7	16	B.1.36	2020-10
ISL_1271972	2020-10-08	USA	Arizona	N_America	0	5	4	15	B.1.400	2020-10
ISL_1269590	2020-10-26	USA	Wisconsin	N_America	0	2	9	15	B.1.139	2020-10
ISL_660932	2020-10-13	USA	Wisconsin	N_America	0	2	12	16	B.1.2	2020-10
ISL_677602	2020-10-24	USA	Wisconsin	N_America	0	2	13	15	B.1.2	2020-10
ISL_746225	2020-10-24	USA	Utah	N_America	0	6	4	14	B.1.400	2020-10
ISL_765880	2020-11-28	USA	Massachusetts	N_America	0	3	8	16	B.1.234	2020-11
ISL_1203552	2020-11-13	USA	Texas	N_America	0	2	7	17	B.1.361	2020-11
ISL_876355	2020-11-10	USA	Alabama	N_America	0	2	15	19	B.1.2	2020-11
ISL_786185	2020-11-16	USA	Texas	N_America	0	1	13	19	B.1.2	2020-11
ISL_683901	2020-11-09	USA	New York	N_America	0	1	5	15	B.1.3	2020-11
ISL_1203117	2020-11-10	USA	Texas	N_America	0	3	15	18	B.1.2	2020-11
ISL_753549	2020-11-30	USA	California	N_America	0	1	12	20	B.1.2	2020-11
ISL_728511	2020-11-09	USA	Michigan	N_America	0	2	13	19	B.1.2	2020-11
ISL_826435	2020-11-12	USA	Michigan	N_America	0	4	13	19	B.1.2	2020-11
ISL_1203187	2020-11-10	USA	Texas	N_America	0	1	3	8	B.1	2020-11
ISL_1392429	2020-11-04	USA	Arizona	N_America	0	5	5	16	B.1.1	2020-11
ISL_1203009	2020-11-10	USA	Texas	N_America	0	1	11	15	B.1.2	2020-11
ISL_1203019	2020-11-10	USA	Texas	N_America	0	1	12	18	B.1.2	2020-11
ISL_850078	2020-11-29	USA	California	N_America	0	3	6	14	B.1.232	2020-11
ISL_783630	2020-11-24	USA	Texas	N_America	0	4	13	20	B.1.2	2020-11
ISL_955531	2020-11-30	USA	California	N_America	0	1	8	16	B.1.311	2020-11
ISL_826427	2020-11-11	USA	Michigan	N_America	0	2	12	21	B.1.2	2020-11
ISL_826440	2020-11-12	USA	Michigan	N_America	0	3	13	18	B.1.2	2020-11
ISL_738859	2020-11-28	USA	California	N_America	2	7	10	21	B.1.429	2020-11
ISL_942457	2020-11-16	USA	Wisconsin	N_America	0	2	12	17	B.1.2	2020-11
ISL_784983	2020-11-20	USA	Texas	N_America	0	1	4	5	B.1.2	2020-11
ISL_1272235	2020-11-09	USA	Maryland	N_America	0	2	5	9	B.1.1.29	2020-11
ISL_975969	2020-11-29	Canada	British Columbia	N_America	0	4	5	12	B.1.128	2020-11
ISL_1202889	2020-11-07	USA	Texas	N_America	0	3	13	16	B.1.2	2020-11
ISL_785203	2020-11-25	USA	Texas	N_America	0	1	11	17	B.1.2	2020-11
ISL_1076563	2020-11-18	USA	Texas	N_America	0	3	10	15	B.1.2	2020-11
ISL_804724	2020-11-07	USA	Michigan	N_America	0	1	4	10	B.1.349	2020-11
ISL_775109	2020-11-15	Canada	Ontario	N_America	0	5	5	19	B.1.36.26	2020-11
ISL_1335162	2020-11-15	Canada	Ontario	N_America	0	4	6	12	B.1.369	2020-11
ISL_933707	2020-11-18	Mexico	CDMX	N_America	0	6	11	20	B.1.1.222	2020-11
ISL_942380	2020-11-10	USA	Virginia	N_America	0	2	4	12	B.1.1.135	2020-11
ISL_785154	2020-11-24	USA	Texas	N_America	0	1	12	18	B.1.2	2020-11
ISL_1039521	2020-11-05	USA	Louisiana	N_America	0	2	4	13	B.1.363	2020-11
ISL_683817	2020-11-25	USA	New York	N_America	0	2	8	17	B.1.1.304	2020-11
ISL_1202897	2020-11-06	USA	Texas	N_America	0	2	12	18	B.1.2	2020-11
ISL_747145	2020-11-05	USA	Missouri	N_America	0	3	11	17	B.1.2	2020-11
ISL_1392526	2020-11-15	USA	Arizona	N_America	0	1	4	7	B.1.399	2020-11
ISL_1257950	2020-11-30	Canada	Manitoba	N_America	0	4	5	21	C.8	2020-11
ISL_738653	2020-11-23	USA	California	N_America	0	3	6	14	B.1.232	2020-11
ISL_975951	2020-11-29	Canada	British Columbia	N_America	0	4	5	16	B.1.36	2020-11
ISL_1392009	2020-11-05	USA	Arizona	N_America	0	3	13	18	B.1.2	2020-11
ISL_682129	2020-11-02	USA	Michigan	N_America	0	1	8	16	B.1.361	2020-11
ISL_723119	2020-11-10	USA	Minnesota	N_America	0	4	8	16	B.1.369	2020-11
ISL_975121	2020-11-08	Canada	British Columbia	N_America	0	1	14	20	B.1.2	2020-11
ISL_783736	2020-11-24	USA	Texas	N_America	0	1	11	15	B.1.2	2020-11
ISL_784664	2020-11-11	USA	Texas	N_America	0	2	6	17	B.1.361	2020-11
ISL_739021	2020-11-23	USA	California	N_America	0	3	3	13	B.1	2020-11
ISL_1292268	2020-11-11	USA	Arizona	N_America	0	1	11	16	B.1.2	2020-11
ISL_935417	2020-11-16	USA	Florida	N_America	0	3	5	12	B.1.1.186	2020-11
ISL_1203517	2020-11-13	USA	Texas	N_America	0	1	2	5	B.1	2020-11
ISL_1016954	2020-11-10	USA	Nebraska	N_America	0	1	2	14	B.1.216	2020-11
ISL_876566	2020-11-23	USA	Florida	N_America	0	1	11	18	B.1.2	2020-11
ISL_1337660	2020-11-20	USA	Wyoming	N_America	0	1	11	20	B.1.2	2020-11
ISL_1203325	2020-11-11	USA	Texas	N_America	0	1	3	4	B.1	2020-11
ISL_784928	2020-11-19	USA	Texas	N_America	0	3	5	12	B.1.234	2020-11
ISL_746881	2020-11-27	USA	Utah	N_America	0	2	12	22	B.1.2	2020-11
ISL_1400733	2020-11-03	Canada	Quebec	N_America	0	5	5	22	B.1.1.1	2020-11
ISL_975164	2020-11-09	Canada	British Columbia	N_America	0	1	14	20	B.1.2	2020-11
ISL_786130	2020-11-16	USA	Texas	N_America	0	1	4	5	B.1.196	2020-11
ISL_824399	2020-11-22	USA	California	N_America	2	8	11	24	B.1.429	2020-11
ISL_878314	2020-11-25	USA	California	N_America	0	2	3	15	B.1	2020-11
ISL_707819	2020-11-03	USA	Michigan	N_America	0	3	12	22	B.1.2	2020-11
ISL_785056	2020-11-21	USA	Texas	N_America	0	1	3	4	B.1	2020-11
ISL_785180	2020-11-25	USA	Texas	N_America	0	3	8	14	B.1.234	2020-11
ISL_771275	2020-11-19	USA	Colorado	N_America	0	1	11	19	B.1.2	2020-11
ISL_738713	2020-11-25	USA	California	N_America	0	3	5	12	B.1.1.222	2020-11
ISL_1403679	2020-11-10	USA	Wyoming	N_America	0	1	11	16	B.1.2	2020-11
ISL_785064	2020-11-22	USA	Texas	N_America	0	4	13	20	B.1.2	2020-11
ISL_1314871	2020-11-09	USA	South Dakota	N_America	0	2	8	14	B.1.139	2020-11
ISL_1366248	2020-11-09	USA	Wyoming	N_America	0	3	6	18	B.1.139	2020-11
ISL_877535	2020-11-27	USA	Alabama	N_America	0	4	6	14	B.1.1.186	2020-11
ISL_751780	2020-11-30	USA	Idaho	N_America	0	4	11	20	B.1.2	2020-11
ISL_753116	2020-11-20	USA	Hawaii	N_America	0	2	7	14	B.1.1.29	2020-11
ISL_1269381	2020-11-10	USA	Wisconsin	N_America	0	2	11	16	B.1.2	2020-11
ISL_975070	2020-11-07	Canada	British Columbia	N_America	0	6	7	19	B.1.36	2020-11
ISL_832813	2020-11-29	USA	Oregon	N_America	0	2	14	19	B.1.2	2020-11
ISL_1196412	2020-11-10	USA	Arizona	N_America	0	3	4	16	B.1.1.33	2020-11
ISL_1118758	2020-11-24	USA	Michigan	N_America	0	3	5	13	B.1.1.59	2020-11
ISL_1203524	2020-11-12	USA	Texas	N_America	0	3	6	12	B.1.234	2020-11
ISL_832723	2020-11-07	USA	Oregon	N_America	0	2	7	14	B.1.1.29	2020-11
ISL_784774	2020-11-18	USA	Texas	N_America	0	3	16	20	B.1.2	2020-11
ISL_698088	2020-11-24	Canada	Ontario	N_America	0	4	4	13	B.1.396	2020-11
ISL_784978	2020-11-20	USA	Texas	N_America	0	1	4	8	B.1	2020-11
ISL_1169538	2020-11-28	USA	Northern Mariana Islands	N_America	0	1	12	15	B.1.2	2020-11
ISL_661066	2020-11-02	USA	Wisconsin	N_America	0	2	12	17	B.1.2	2020-11
ISL_1040091	2020-11-09	USA	Louisiana	N_America	0	2	4	15	B.1.1.29	2020-11
ISL_1185377	2020-11-30	USA	California	N_America	0	3	8	14	B.1	2020-11
ISL_708266	2020-11-16	USA	Michigan	N_America	0	3	14	20	B.1.2	2020-11
ISL_785157	2020-11-25	USA	Texas	N_America	0	3	8	15	B.1.234	2020-11
ISL_1039614	2020-11-23	USA	Louisiana	N_America	0	1	7	14	B.1.265	2020-11
ISL_786084	2020-11-02	USA	Texas	N_America	0	2	12	17	B.1.2	2020-11
ISL_824394	2020-11-28	USA	California	N_America	0	2	9	19	B.1.311	2020-11
ISL_1269356	2020-11-30	USA	Wisconsin	N_America	0	4	13	19	B.1.2	2020-11
ISL_804681	2020-11-20	USA	Michigan	N_America	0	3	13	21	B.1.2	2020-11
ISL_1185406	2020-11-30	USA	California	N_America	2	8	10	21	B.1.429	2020-11
ISL_1423369	2020-11-24	USA	Wisconsin	N_America	0	3	13	19	B.1.2	2020-11
ISL_877528	2020-11-25	USA	Alabama	N_America	0	4	8	13	B.1.234	2020-11
ISL_771185	2020-11-09	USA	Colorado	N_America	0	3	6	16	B.1.139	2020-11
ISL_1379613	2020-11-29	USA	Wyoming	N_America	0	1	11	22	B.1.2	2020-11
ISL_1292158	2020-11-16	USA	Arizona	N_America	0	3	3	14	B.1	2020-11
ISL_1029434	2020-12-25	USA	Florida	N_America	0	3	4	24	B.1.1.291	2020-12
ISL_753616	2020-12-04	USA	California	N_America	0	1	4	9	B.1.1.29	2020-12
ISL_1023588	2020-12-14	USA	Wyoming	N_America	0	3	11	19	B.1.2	2020-12
ISL_933581	2020-12-01	USA	Arizona	N_America	0	4	5	18	B.1.1.231	2020-12
ISL_1167941	2020-12-23	USA	Georgia	N_America	0	2	13	21	B.1.2	2020-12
ISL_1081456	2020-12-30	Mexico	Baja California	N_America	0	2	13	17	B.1.2	2020-12
ISL_802430	2020-12-28	USA	New York	N_America	0	1	4	14	B.1	2020-12
ISL_1008391	2020-12-19	USA	Wyoming	N_America	0	3	12	20	B.1.2	2020-12
ISL_1302399	2020-12-08	Mexico	CDMX	N_America	0	4	5	15	B.1.1	2020-12
ISL_936750	2020-12-23	USA	Illinois	N_America	0	5	4	10	B.1.243	2020-12
ISL_913685	2020-12-28	USA	Minnesota	N_America	0	3	6	18	B.1.232	2020-12
ISL_1029295	2020-12-24	USA	Oregon	N_America	0	2	14	20	B.1.2	2020-12
ISL_984068	2020-12-29	USA	Wisconsin	N_America	0	2	8	14	B.1.139	2020-12
ISL_765556	2020-12-16	USA	New York	N_America	0	2	16	21	B.1.2	2020-12
ISL_861241	2020-12-24	USA	Ohio	N_America	0	3	14	20	B.1.2	2020-12
ISL_1017558	2020-12-09	USA	Connecticut	N_America	0	2	7	20	B.1.1.220	2020-12
ISL_876312	2020-12-05	USA	Massachusetts	N_America	0	1	13	19	B.1.2	2020-12
ISL_889524	2020-12-30	USA	Louisiana	N_America	0	1	11	19	B.1.2	2020-12
ISL_745463	2020-12-02	USA	New York	N_America	0	1	4	11	B.1.517	2020-12
ISL_1027435	2020-12-28	USA	California	N_America	2	8	10	22	B.1.429	2020-12
ISL_1170613	2020-12-15	Canada	Ontario	N_America	0	4	4	15	B.1.523	2020-12
ISL_1201320	2020-12-01	USA	Wyoming	N_America	0	3	13	19	B.1.2	2020-12
ISL_1095017	2020-12-14	USA	Maryland	N_America	0	2	5	15	B.1.1.29	2020-12
ISL_935499	2020-12-03	USA	Florida	N_America	0	2	12	14	B.1.2	2020-12
ISL_1075803	2020-12-28	USA	Texas	N_America	0	1	10	11	B.1.2	2020-12
ISL_824693	2020-12-21	USA	California	N_America	0	1	3	5	B	2020-12
ISL_1111581	2020-12-31	USA	Virginia	N_America	0	4	14	23	B.1.2	2020-12
ISL_802716	2020-12-29	USA	Pennsylvania	N_America	0	2	7	17	B.1.375	2020-12
ISL_1171059	2020-12-07	USA	Oregon	N_America	0	3	6	21	B.1.404	2020-12
ISL_887999	2020-12-27	USA	Pennsylvania	N_America	0	2	12	19	B.1.2	2020-12
ISL_857291	2020-12-26	USA	New York	N_America	0	2	4	16	B.1.409	2020-12
ISL_1136999	2020-12-02	USA	Delaware	N_America	0	4	5	15	B.1.243	2020-12
ISL_738620	2020-12-02	USA	California	N_America	0	4	5	20	B.1.243	2020-12
ISL_755114	2020-12-04	USA	California	N_America	0	2	11	20	B.1.2	2020-12
ISL_861971	2020-12-05	USA	Washington	N_America	0	2	6	11	B.1.361	2020-12
ISL_812292	2020-12-24	USA	Delaware	N_America	0	2	4	15	B.1.409	2020-12
ISL_913679	2020-12-27	USA	Minnesota	N_America	0	6	7	17	B.1.369	2020-12
ISL_1077311	2020-12-29	USA	Texas	N_America	2	8	10	23	B.1.429	2020-12
ISL_978186	2020-12-24	USA	Virginia	N_America	0	2	13	23	B.1.2	2020-12
ISL_976330	2020-12-10	Canada	British Columbia	N_America	0	1	14	21	B.1.2	2020-12
ISL_1253689	2020-12-17	USA	South Dakota	N_America	0	2	14	23	B.1.2	2020-12
ISL_935706	2020-12-26	USA	Texas	N_America	0	2	16	21	B.1.2	2020-12
ISL_888426	2020-12-23	USA	New Hampshire	N_America	0	3	3	13	B.1	2020-12
ISL_856863	2020-12-17	USA	Utah	N_America	0	3	15	19	B.1.2	2020-12
ISL_1111592	2020-12-26	USA	Virginia	N_America	0	4	12	24	B.1.2	2020-12
ISL_1064180	2020-12-30	USA	Arizona	N_America	0	3	6	18	B.1.1.85	2020-12
ISL_1016404	2020-12-21	USA	New York	N_America	0	5	5	15	B.1.243	2020-12
ISL_1029143	2020-12-26	USA	Arizona	N_America	0	3	5	23	B.1.241	2020-12
ISL_804870	2020-12-14	USA	Washington DC	N_America	0	2	8	14	B.1.1.304	2020-12
ISL_1304868	2020-12-29	USA	Texas	N_America	0	3	4	11	B.1.243	2020-12
ISL_1029593	2020-12-26	USA	Pennsylvania	N_America	0	1	13	23	B.1.2	2020-12
ISL_888249	2020-12-24	USA	Florida	N_America	0	2	13	18	B.1.2	2020-12
ISL_1234679	2020-12-17	USA	California	N_America	0	1	12	18	B.1.2	2020-12
ISL_824655	2020-12-26	USA	California	N_America	2	8	10	23	B.1.429	2020-12
ISL_804944	2020-12-18	USA	Washington DC	N_America	0	1	11	16	B.1.2	2020-12
ISL_1009509	2020-12-17	USA	New York	N_America	0	2	12	19	B.1.2	2020-12
ISL_955726	2020-12-28	USA	California	N_America	0	2	11	20	B.1.2	2020-12
ISL_1017125	2020-12-22	USA	Oregon	N_America	0	1	11	18	B.1.2	2020-12
ISL_1269937	2020-12-07	USA	Wisconsin	N_America	0	2	12	20	B.1.2	2020-12
ISL_751829	2020-12-12	USA	New Mexico	N_America	0	4	13	19	B.1.2	2020-12
ISL_1301077	2020-12-11	USA	New York	N_America	0	2	7	19	B.1.1.220	2020-12
ISL_925703	2020-12-15	Canada	Ontario	N_America	0	5	8	17	B.1.1.306	2020-12
ISL_803021	2020-12-26	USA	California	N_America	0	3	3	8	B.1	2020-12
ISL_1015732	2020-12-08	USA	Arizona	N_America	0	2	12	24	B.1.2	2020-12
ISL_754450	2020-12-07	USA	New York	N_America	0	6	5	12	B.1.243	2020-12
ISL_1075744	2020-12-29	USA	Texas	N_America	0	1	4	8	B.1.2	2020-12
ISL_1077172	2020-12-30	USA	Texas	N_America	0	1	8	12	B.1.2	2020-12
ISL_1077224	2020-12-31	USA	Texas	N_America	0	1	11	16	B.1.2	2020-12
ISL_1304820	2020-12-29	USA	Texas	N_America	0	1	11	19	B.1.2	2020-12
ISL_1097405	2020-12-18	USA	Florida	N_America	0	5	7	18	B.1.1.220	2020-12
ISL_1009508	2020-12-17	USA	New York	N_America	0	2	12	18	B.1.2	2020-12
ISL_1305008	2020-12-19	USA	Texas	N_America	0	2	4	13	B.1.517	2020-12
ISL_1379639	2020-12-16	USA	Missouri	N_America	0	2	11	18	B.1.2	2020-12
ISL_925154	2020-12-01	USA	Virginia	N_America	0	5	4	18	B.1.240	2020-12
ISL_913880	2020-12-21	USA	Arizona	N_America	0	3	8	14	B.1.234	2020-12
ISL_1379726	2020-12-12	USA	California	N_America	1	4	11	19	B.1.427	2020-12
ISL_778876	2020-12-02	USA	Maryland	N_America	0	1	12	19	B.1.2	2020-12
ISL_765518	2020-12-15	USA	New York	N_America	0	5	6	14	B.1.243	2020-12
ISL_976827	2020-12-28	Canada	British Columbia	N_America	0	2	5	16	B.1.523	2020-12
ISL_1304745	2020-12-20	USA	Texas	N_America	0	1	5	17	B.1	2020-12
ISL_888491	2020-12-26	USA	Arizona	N_America	2	8	10	22	B.1.429	2020-12
ISL_883235	2020-12-01	USA	Alabama	N_America	0	3	8	15	B.1.234	2020-12
ISL_803011	2020-12-26	USA	California	N_America	1	4	11	17	B.1.427	2020-12
ISL_925604	2020-12-15	Canada	Ontario	N_America	0	5	6	13	B.1.369	2020-12
ISL_1305068	2020-12-20	USA	Texas	N_America	0	2	13	22	B.1.2	2020-12
ISL_1017097	2020-12-27	USA	California	N_America	2	7	10	25	B.1.429	2020-12
ISL_1302340	2020-12-23	Mexico	Morelos	N_America	0	5	12	19	B.1.1.222	2020-12
ISL_883736	2020-12-03	USA	Alabama	N_America	0	2	6	16	B.1.2	2020-12
ISL_1301226	2020-12-24	USA	New York	N_America	0	3	11	21	B.1.2	2020-12
ISL_983942	2020-12-21	USA	Wisconsin	N_America	0	3	14	20	B.1.2	2020-12
ISL_913640	2020-12-29	USA	Michigan	N_America	0	3	5	16	B.1.457.1	2020-12
ISL_832919	2020-12-26	USA	Maine	N_America	0	2	5	16	B.1.369	2020-12
ISL_802593	2020-12-28	USA	Minnesota	N_America	0	4	4	11	B.1.243	2020-12
ISL_794110	2020-12-26	USA	New York	N_America	0	4	4	15	B.1.240	2020-12
ISL_891055	2020-12-30	USA	Washington	N_America	0	3	4	18	B.1	2020-12
ISL_1168680	2020-12-08	USA	Puerto Rico	N_America	0	4	3	10	B.1.240	2020-12
ISL_778971	2020-12-11	USA	Louisiana	N_America	0	4	13	19	B.1.2	2020-12
ISL_1225968	2020-12-30	USA	California	N_America	0	3	4	15	B.1	2020-12
ISL_1302343	2020-12-21	Mexico	Puebla	N_America	0	3	7	17	B.1.1.222	2020-12
ISL_1228092	2020-12-31	USA	New York	N_America	0	1	6	15	B.1	2020-12
ISL_984202	2021-01-27	USA	Wisconsin	N_America	0	2	5	15	B.1.1.135	2021-01
ISL_1235324	2021-01-30	USA	California	N_America	0	4	5	15	B.1.1.222	2021-01
ISL_1079762	2021-01-19	USA	Texas	N_America	0	3	7	12	B.1	2021-01
ISL_906430	2021-01-07	USA	Illinois	N_America	0	2	11	18	B.1.2	2021-01
ISL_1076629	2021-01-07	USA	Texas	N_America	0	3	13	21	B.1.2	2021-01
ISL_1075004	2021-01-04	USA	Texas	N_America	0	1	11	19	B.1.2	2021-01
ISL_1015658	2021-01-07	USA	New York	N_America	0	3	16	20	B.1.2	2021-01
ISL_1301350	2021-01-14	USA	New York	N_America	0	5	5	15	B.1.280	2021-01
ISL_979699	2021-01-04	USA	California	N_America	2	7	11	26	B.1.429	2021-01
ISL_1227317	2021-01-15	USA	New York	N_America	0	4	5	15	B.1.280	2021-01
ISL_961624	2021-01-19	Canada	New Brunswick	N_America	0	2	2	21	A.23.1	2021-01
ISL_1032593	2021-01-08	USA	Wyoming	N_America	1	3	11	20	B.1.427	2021-01
ISL_1292477	2021-01-31	USA	Hawaii	N_America	0	4	13	21	B.1.2	2021-01
ISL_966933	2021-01-27	USA	Illinois	N_America	0	2	7	18	B.1.165	2021-01
ISL_966945	2021-01-27	USA	South Carolina	N_America	0	1	11	18	B.1.2	2021-01
ISL_955904	2021-01-27	USA	Michigan	N_America	0	3	8	15	B.1.234	2021-01
ISL_1366367	2021-01-28	USA	California	N_America	1	4	11	17	B.1.427	2021-01
ISL_1079980	2021-01-22	USA	Texas	N_America	0	2	5	9	B.1.235	2021-01
ISL_1093886	2021-01-24	USA	California	N_America	0	1	11	14	B.1.2	2021-01
ISL_1121504	2021-01-27	USA	New Mexico	N_America	0	2	16	20	B.1.2	2021-01
ISL_1095212	2021-01-19	USA	Kansas	N_America	0	2	8	17	B.1.139	2021-01
ISL_982480	2021-01-04	USA	New York	N_America	0	2	7	22	B.1.1.220	2021-01
ISL_1077893	2021-01-12	USA	Texas	N_America	0	2	16	21	B.1.2	2021-01
ISL_824963	2021-01-04	USA	Maryland	N_America	0	5	6	14	B.1.243	2021-01
ISL_965204	2021-01-04	USA	Virginia	N_America	0	2	14	22	B.1.2	2021-01
ISL_962649	2021-01-14	USA	California	N_America	0	2	3	9	B.1	2021-01
ISL_1074354	2021-01-02	USA	Texas	N_America	0	3	9	18	B.1.2	2021-01
ISL_1301347	2021-01-14	USA	New York	N_America	0	6	5	13	B.1.243	2021-01
ISL_962149	2021-01-07	USA	Illinois	N_America	0	4	13	18	B.1.2	2021-01
ISL_1080900	2021-01-23	USA	Texas	N_America	0	4	13	21	B.1.2	2021-01
ISL_1078498	2021-01-15	USA	Texas	N_America	0	4	13	21	B.1.2	2021-01
ISL_1060826	2021-01-10	USA	Utah	N_America	1	4	11	19	B.1.427	2021-01
ISL_1403949	2021-01-22	USA	Utah	N_America	0	5	10	20	B.1.2	2021-01
ISL_1094803	2021-01-27	USA	Oklahoma	N_America	0	4	13	20	B.1.2	2021-01
ISL_1183070	2021-01-15	Canada	Ontario	N_America	0	9	22	36	B.1.1.7	2021-01
ISL_1094132	2021-01-22	USA	California	N_America	0	3	8	18	B.1.232	2021-01
ISL_1081764	2021-01-12	USA	California	N_America	2	8	11	26	B.1.429	2021-01
ISL_1136700	2021-01-14	USA	Nevada	N_America	2	8	10	24	B.1.429	2021-01
ISL_966288	2021-01-15	Canada	Ontario	N_America	0	4	5	24	B.1.160	2021-01
ISL_1379743	2021-01-12	USA	California	N_America	0	4	4	20	B.1.243	2021-01
ISL_1016240	2021-01-31	USA	New York	N_America	0	1	7	21	B.1	2021-01
ISL_1136532	2021-01-29	USA	Nevada	N_America	1	5	12	23	B.1.427	2021-01
ISL_942778	2021-01-02	USA	Wisconsin	N_America	0	3	6	17	B.1.232	2021-01
ISL_1014788	2021-01-27	USA	Michigan	N_America	0	1	11	17	B.1.2	2021-01
ISL_1020523	2021-01-04	USA	New York	N_America	0	5	6	14	B.1.243	2021-01
ISL_833003	2021-01-06	USA	Maine	N_America	0	1	6	20	B.1.2	2021-01
ISL_1181635	2021-01-28	USA	Delaware	N_America	0	5	6	15	B.1.243	2021-01
ISL_983308	2021-01-04	USA	New York	N_America	0	5	7	16	B.1.243	2021-01
ISL_1227631	2021-01-17	USA	New York	N_America	1	5	12	22	B.1.427	2021-01
ISL_978101	2021-01-02	USA	California	N_America	0	2	11	18	B.1.2	2021-01
ISL_1036848	2021-01-08	USA	Oklahoma	N_America	0	3	12	20	B.1.2	2021-01
ISL_1094017	2021-01-17	USA	California	N_America	0	2	7	18	B.1.2	2021-01
ISL_978370	2021-01-08	USA	Arizona	N_America	0	2	16	21	B.1.2	2021-01
ISL_1086835	2021-01-23	USA	Texas	N_America	0	2	11	21	B.1.2	2021-01
ISL_1095283	2021-01-12	USA	Michigan	N_America	0	1	13	19	B.1.2	2021-01
ISL_1015509	2021-01-22	USA	Wisconsin	N_America	0	2	14	19	B.1.2	2021-01
ISL_888940	2021-01-22	USA	Wyoming	N_America	0	2	15	20	B.1.2	2021-01
ISL_877095	2021-01-15	USA	California	N_America	0	3	12	21	B.1.2	2021-01
ISL_966570	2021-01-19	USA	California	N_America	0	7	18	31	B.1.1.7	2021-01
ISL_1093950	2021-01-17	USA	California	N_America	0	6	12	21	B.1.1.222	2021-01
ISL_1075943	2021-01-07	USA	Texas	N_America	2	8	12	24	B.1.429	2021-01
ISL_857168	2021-01-11	USA	New York	N_America	0	1	9	20	B.1.2	2021-01
ISL_936083	2021-01-04	USA	New York	N_America	0	1	7	18	B.1.311	2021-01
ISL_1030333	2021-01-15	USA	California	N_America	0	2	3	9	B.1	2021-01
ISL_1112804	2021-01-15	Canada	Ontario	N_America	0	4	7	15	B.1.369	2021-01
ISL_906655	2021-01-18	USA	Maine	N_America	0	3	6	17	B.1.139	2021-01
ISL_1226010	2021-01-12	USA	Washington	N_America	0	6	11	19	B.1.1.222	2021-01
ISL_889666	2021-01-07	USA	Louisiana	N_America	0	4	13	21	B.1.2	2021-01
ISL_1075859	2021-01-05	USA	Texas	N_America	0	1	7	9	B.1.2	2021-01
ISL_1016802	2021-01-27	USA	Pennsylvania	N_America	0	7	18	32	B.1.1.7	2021-01
ISL_1136069	2021-01-25	USA	Nevada	N_America	0	6	11	20	B.1.1.222	2021-01
ISL_967922	2021-01-14	USA	Arizona	N_America	2	6	7	16	B.1.429	2021-01
ISL_1226736	2021-01-09	USA	New York	N_America	0	3	15	20	B.1.2	2021-01
ISL_886742	2021-01-04	USA	Utah	N_America	0	3	15	19	B.1.2	2021-01
ISL_1016478	2021-01-04	USA	New York	N_America	0	5	5	14	B.1.243	2021-01
ISL_1078674	2021-01-15	USA	Texas	N_America	0	2	8	11	B.1.2	2021-01
ISL_1078581	2021-01-16	USA	Texas	N_America	0	4	13	23	B.1.2	2021-01
ISL_937423	2021-01-20	USA	Maine	N_America	0	1	11	16	B.1.2	2021-01
ISL_1292432	2021-01-21	USA	Hawaii	N_America	0	2	13	17	B.1.2	2021-01
ISL_935155	2021-01-25	USA	Kansas	N_America	0	6	18	31	B.1.1.7	2021-01
ISL_872782	2021-01-14	USA	Wisconsin	N_America	0	3	7	18	B.1.375	2021-01
ISL_1122223	2021-01-09	USA	Oregon	N_America	0	4	3	12	B.1.243	2021-01
ISL_1015787	2021-01-15	USA	Washington	N_America	0	3	12	22	B.1.2	2021-01
ISL_1027745	2021-01-02	USA	Ohio	N_America	0	2	12	20	B.1.2	2021-01
ISL_1087233	2021-01-23	USA	Arizona	N_America	1	4	11	19	B.1.427	2021-01
ISL_1226138	2021-01-27	USA	Maryland	N_America	0	3	15	28	B.1.2	2021-01
ISL_1228290	2021-01-21	USA	New York	N_America	0	3	14	21	B.1.2	2021-01
ISL_1094053	2021-01-26	USA	California	N_America	0	2	6	12	B.1.1.212	2021-01
ISL_914927	2021-01-14	USA	California	N_America	2	8	12	27	B.1.429	2021-01
ISL_882997	2021-01-19	USA	California	N_America	0	1	9	19	B.1.2	2021-01
ISL_831362	2021-01-08	USA	North Carolina	N_America	0	1	11	19	B.1.2	2021-01
ISL_982665	2021-01-13	USA	Ohio	N_America	0	1	13	23	B.1.2	2021-01
ISL_913829	2021-01-06	USA	Arizona	N_America	0	2	12	19	B.1.2	2021-01
ISL_967345	2021-01-15	USA	Pennsylvania	N_America	0	3	14	19	B.1.2	2021-01
ISL_984210	2021-01-25	USA	Wisconsin	N_America	0	3	5	15	B.1.1.279	2021-01
ISL_1364783	2021-01-20	USA	Arizona	N_America	0	6	11	17	B.1.1.222	2021-01
ISL_1079337	2021-01-19	USA	Texas	N_America	0	2	11	17	B.1.2	2021-01
ISL_1060833	2021-01-12	USA	Utah	N_America	0	2	13	15	B.1.2	2021-01
ISL_1086979	2021-01-26	USA	Ohio	N_America	0	4	12	20	B.1.2	2021-01
ISL_1185131	2021-01-11	USA	California	N_America	1	3	11	17	B.1.427	2021-01
ISL_1192371	2021-02-20	USA	California	N_America	0	8	22	39	B.1.1.7	2021-02
ISL_1236867	2021-02-22	USA	Texas	N_America	0	3	15	21	B.1.2	2021-02
ISL_1238206	2021-02-07	USA	Texas	N_America	0	3	15	20	B.1.2	2021-02
ISL_1400331	2021-02-22	Mexico	Guanajuato	N_America	0	5	13	23	B.1.1.222	2021-02
ISL_1237421	2021-02-16	USA	Texas	N_America	0	5	5	20	B.1.243	2021-02
ISL_1334652	2021-02-15	Canada	Ontario	N_America	0	7	21	33	B.1.1.7	2021-02
ISL_1139205	2021-02-17	USA	Pennsylvania	N_America	0	2	16	22	B.1.2	2021-02
ISL_1087683	2021-02-01	USA	Florida	N_America	0	2	13	25	B.1.2	2021-02
ISL_1302221	2021-02-03	Mexico	CDMX	N_America	0	5	11	20	B.1.1.222	2021-02
ISL_1226496	2021-02-03	USA	New York	N_America	0	2	5	17	B.1.369	2021-02
ISL_1279281	2021-02-08	Mexico	Zacatecas	N_America	0	1	12	15	B.1.2	2021-02
ISL_1365555	2021-02-17	USA	Arizona	N_America	0	1	12	17	B.1.2	2021-02
ISL_1163473	2021-02-11	USA	West Virginia	N_America	0	2	13	23	B.1.2	2021-02
ISL_1161170	2021-02-12	USA	Kentucky	N_America	0	2	14	28	B.1.2	2021-02
ISL_1182038	2021-02-09	USA	Illinois	N_America	0	9	24	40	B.1.1.7	2021-02
ISL_1091015	2021-02-05	USA	Washington	N_America	0	3	15	21	B.1.2	2021-02
ISL_1253582	2021-02-27	USA	Wisconsin	N_America	0	3	14	23	B.1.2	2021-02
ISL_1113808	2021-02-13	USA	Texas	N_America	0	1	12	22	B.1.2	2021-02
ISL_1279325	2021-02-11	Mexico	Zacatecas	N_America	0	6	11	23	B.1.1	2021-02
ISL_1172429	2021-02-26	USA	New York	N_America	0	2	15	26	B.1.526	2021-02
ISL_1087620	2021-02-01	USA	Arkansas	N_America	0	1	11	21	B.1.2	2021-02
ISL_1038902	2021-02-04	USA	Colorado	N_America	0	3	15	22	B.1.2	2021-02
ISL_1230826	2021-02-15	Canada	Ontario	N_America	0	4	6	15	B.1.369	2021-02
ISL_1292699	2021-02-20	USA	Hawaii	N_America	2	8	10	23	B.1.429	2021-02
ISL_1237218	2021-02-18	USA	Texas	N_America	0	8	24	37	B.1.1.7	2021-02
ISL_1334913	2021-02-15	Canada	Ontario	N_America	0	9	22	35	B.1.1.7	2021-02
ISL_1090716	2021-02-08	USA	California	N_America	2	8	12	27	B.1.429	2021-02
ISL_1335961	2021-02-22	USA	Massachusetts	N_America	0	7	21	37	B.1.1.7	2021-02
ISL_1268364	2021-02-16	USA	Florida	N_America	0	2	15	21	B.1.2	2021-02
ISL_1298401	2021-02-26	USA	Florida	N_America	0	8	24	40	B.1.1.7	2021-02
ISL_1269925	2021-02-20	USA	Texas	N_America	0	7	11	25	B.1.1.222	2021-02
ISL_1420868	2021-02-24	USA	Florida	N_America	0	7	21	37	B.1.1.7	2021-02
ISL_1364811	2021-02-06	USA	Arizona	N_America	0	3	3	13	B.1	2021-02
ISL_1398261	2021-02-09	USA	New York	N_America	0	3	16	21	B.1.2	2021-02
ISL_1041527	2021-02-13	USA	New York	N_America	0	7	21	35	B.1.1.7	2021-02
ISL_1238638	2021-02-03	USA	Texas	N_America	0	1	12	20	B.1.2	2021-02
ISL_1194233	2021-02-18	USA	Maine	N_America	0	1	14	19	B.1.2	2021-02
ISL_1041722	2021-02-14	USA	New York	N_America	0	8	23	38	B.1.1.7	2021-02
ISL_1291513	2021-02-18	USA	Indiana	N_America	0	8	24	39	B.1.1.7	2021-02
ISL_1260651	2021-02-21	USA	Texas	N_America	0	7	11	21	B.1.1.222	2021-02
ISL_1110638	2021-02-15	USA	Wisconsin	N_America	0	4	13	18	B.1.2	2021-02
ISL_1049206	2021-02-06	USA	Pennsylvania	N_America	0	8	21	34	B.1.1.7	2021-02
ISL_1337086	2021-02-16	USA	Florida	N_America	0	8	24	39	B.1.1.7	2021-02
ISL_1315493	2021-02-24	Mexico	CDMX	N_America	0	9	11	25	B.1.1.222	2021-02
ISL_1237743	2021-02-11	USA	Texas	N_America	0	1	12	21	B.1.2	2021-02
ISL_1200991	2021-02-22	USA	Michigan	N_America	0	6	12	21	B.1.1.222	2021-02
ISL_1194741	2021-02-03	USA	Georgia	N_America	0	7	17	32	B.1.1.7	2021-02
ISL_1238530	2021-02-05	USA	Texas	N_America	0	2	4	15	B.1	2021-02
ISL_1164377	2021-02-11	USA	California	N_America	2	8	10	22	B.1.429	2021-02
ISL_1269870	2021-02-21	USA	North Carolina	N_America	0	5	6	15	B.1.243	2021-02
ISL_1314666	2021-02-27	USA	Texas	N_America	0	2	16	21	B.1.2	2021-02
ISL_1049622	2021-02-03	USA	Washington	N_America	0	5	13	20	B.1.2	2021-02
ISL_1238174	2021-02-07	USA	Texas	N_America	0	6	13	21	B.1.1.222	2021-02
ISL_1226546	2021-02-07	USA	New York	N_America	0	7	20	36	B.1.1.7	2021-02
ISL_1088266	2021-02-04	USA	Missouri	N_America	0	3	16	28	B.1.2	2021-02
ISL_1334610	2021-02-15	Canada	Ontario	N_America	0	8	23	36	B.1.1.7	2021-02
ISL_1236958	2021-02-21	USA	Texas	N_America	2	8	10	23	B.1.429	2021-02
ISL_1237019	2021-02-20	USA	Texas	N_America	0	1	11	16	B.1.2	2021-02
ISL_1193323	2021-02-11	USA	North Carolina	N_America	0	3	9	23	B.1.351	2021-02
ISL_1221695	2021-02-22	USA	Ohio	N_America	0	6	11	23	B.1.1.222	2021-02
ISL_1237097	2021-02-19	USA	Texas	N_America	0	3	8	15	B.1.234	2021-02
ISL_1234899	2021-02-01	USA	California	N_America	2	7	11	24	B.1.429	2021-02
ISL_1163237	2021-02-10	USA	North Carolina	N_America	0	1	7	17	B.1	2021-02
ISL_1172461	2021-02-26	USA	New York	N_America	0	2	11	17	B.1.526	2021-02
ISL_1237091	2021-02-19	USA	Texas	N_America	0	3	8	16	B.1.234	2021-02
ISL_1064756	2021-02-08	USA	New York	N_America	0	2	15	20	B.1	2021-02
ISL_1218860	2021-02-17	USA	Florida	N_America	1	8	12	26	B.1.427	2021-02
ISL_1132217	2021-02-03	USA	Florida	N_America	0	8	24	39	B.1.1.7	2021-02
ISL_1060602	2021-02-03	Mexico	CDMX	N_America	0	6	11	19	B.1.1.222	2021-02
ISL_1134031	2021-02-11	USA	Pennsylvania	N_America	0	4	12	22	B.1.2	2021-02
ISL_1048594	2021-02-11	USA	Maine	N_America	0	3	4	17	B.1.298	2021-02
ISL_1297017	2021-02-27	USA	Arizona	N_America	2	7	12	28	B.1.429	2021-02
ISL_1253174	2021-02-23	USA	Nevada	N_America	0	2	11	26	B.1.2	2021-02
ISL_1288528	2021-02-12	Mexico	CDMX	N_America	0	3	6	15	B.1.1.222	2021-02
ISL_1087550	2021-02-01	USA	Missouri	N_America	0	3	15	23	B.1.2	2021-02
ISL_1091818	2021-02-03	USA	Connecticut	N_America	0	3	15	23	B.1.2	2021-02
ISL_1291463	2021-02-16	USA	Florida	N_America	0	8	24	37	B.1.1.7	2021-02
ISL_1272918	2021-02-22	USA	Puerto Rico	N_America	0	3	14	20	B.1.2	2021-02
ISL_1420941	2021-02-26	USA	Florida	N_America	0	8	21	36	B.1.1.7	2021-02
ISL_1097994	2021-02-16	USA	New York	N_America	0	2	15	24	B.1.526	2021-02
ISL_1368093	2021-02-15	Canada	Ontario	N_America	0	9	22	37	B.1.1.7	2021-02
ISL_1160947	2021-02-10	USA	Rhode Island	N_America	0	2	17	25	B.1.2	2021-02
ISL_1163584	2021-02-10	USA	Maine	N_America	0	1	13	16	B.1.2	2021-02
ISL_1232086	2021-02-25	USA	California	N_America	0	7	11	19	B.1.1.222	2021-02
ISL_1205213	2021-02-26	Mexico	CDMX	N_America	0	6	11	17	B.1.1.222	2021-02
ISL_1226250	2021-02-03	USA	California	N_America	1	6	10	21	B.1.429	2021-02
ISL_1091040	2021-02-05	USA	California	N_America	0	2	8	15	B.1.1.29	2021-02
ISL_1292870	2021-02-18	USA	Maryland	N_America	0	2	11	18	B.1.2	2021-02
ISL_1097834	2021-02-15	USA	New York	N_America	0	2	15	21	B.1.526	2021-02
ISL_1279428	2021-02-20	Mexico	Puebla	N_America	0	6	11	22	B.1.1.222	2021-02
ISL_1253819	2021-02-09	USA	Massachusetts	N_America	2	8	12	24	B.1.429	2021-02
ISL_1172263	2021-02-24	USA	New York	N_America	0	2	15	21	B.1.526	2021-02
ISL_1391797	2021-02-14	USA	Minnesota	N_America	0	1	12	19	B.1.2	2021-02
ISL_1226619	2021-02-21	USA	New York	N_America	0	7	20	34	B.1.1.7	2021-02
ISL_1340809	2021-02-10	USA	Illinois	N_America	0	2	14	22	B.1.2	2021-02
ISL_1093597	2021-02-01	USA	California	N_America	1	4	11	22	B.1.427	2021-02
ISL_1237877	2021-02-09	USA	Texas	N_America	0	2	7	11	B.1.2	2021-02
ISL_1227776	2021-02-08	USA	New York	N_America	0	3	9	22	B.1.2	2021-02
ISL_1238484	2021-02-05	USA	Texas	N_America	2	8	11	25	B.1.429	2021-02
ISL_1269227	2021-02-22	USA	Florida	N_America	0	2	13	23	B.1.2	2021-02
ISL_1231809	2021-03-04	USA	California	N_America	2	9	11	25	B.1.429	2021-03
ISL_1298150	2021-03-01	USA	Florida	N_America	0	2	11	18	B.1.2	2021-03
ISL_1422758	2021-03-05	USA	Michigan	N_America	0	7	20	34	B.1.1.7	2021-03
ISL_1416341	2021-03-05	Mexico	Puebla	N_America	0	8	11	25	B.1.1.10	2021-03
ISL_1413667	2021-03-09	USA	Rhode Island	N_America	0	2	7	19	B.1.375	2021-03
ISL_1263109	2021-03-07	USA	Nevada	N_America	2	8	12	26	B.1.429	2021-03
ISL_1340461	2021-03-06	USA	Ohio	N_America	0	3	15	24	B.1.2	2021-03
ISL_1306881	2021-03-13	USA	New York	N_America	0	1	8	11	B.1	2021-03
ISL_1339895	2021-03-09	USA	Florida	N_America	2	8	13	27	B.1.429	2021-03
ISL_1391587	2021-03-15	USA	Texas	N_America	0	1	12	25	B.1.2	2021-03
ISL_1378722	2021-03-06	USA	Connecticut	N_America	0	1	12	17	B.1.2	2021-03
ISL_1372870	2021-03-16	USA	Maine	N_America	0	1	7	19	B.1.311	2021-03
ISL_1303441	2021-03-02	USA	California	N_America	0	1	15	20	B.1.526	2021-03
ISL_1341569	2021-03-02	USA	Washington	N_America	0	3	15	19	B.1.2	2021-03
ISL_1340656	2021-03-08	USA	Michigan	N_America	0	2	13	22	B.1.2	2021-03
ISL_1367448	2021-03-09	USA	Florida	N_America	0	2	15	30	B.1.2	2021-03
ISL_1263158	2021-03-09	USA	Nevada	N_America	2	8	10	25	B.1.429	2021-03
ISL_1365495	2021-03-10	USA	Arizona	N_America	0	4	12	21	B.1.2	2021-03
ISL_1307002	2021-03-13	USA	New York	N_America	0	2	11	18	B.1.526	2021-03
ISL_1378688	2021-03-02	USA	Connecticut	N_America	0	8	23	36	B.1.1.7	2021-03
ISL_1416442	2021-03-08	Mexico	San Luis Potosi	N_America	0	6	13	23	B.1.1.222	2021-03
ISL_1287782	2021-03-11	USA	Kansas	N_America	0	7	23	40	B.1.1.7	2021-03
ISL_1305846	2021-03-09	USA	Maryland	N_America	0	3	13	23	B.1.2	2021-03
ISL_1416384	2021-03-08	Mexico	State of Mexico	N_America	0	7	12	22	B.1.1.222	2021-03
ISL_1363371	2021-03-07	USA	Arizona	N_America	0	4	13	20	B.1.2	2021-03
ISL_1266213	2021-03-01	USA	Florida	N_America	0	3	14	22	B.1.2	2021-03
ISL_1398019	2021-03-02	USA	New York	N_America	0	5	5	17	B.1.243	2021-03
ISL_1364432	2021-03-19	USA	Nevada	N_America	2	8	12	25	B.1.429	2021-03
ISL_1340435	2021-03-05	USA	Massachusetts	N_America	0	2	13	22	B.1.2	2021-03
ISL_1306325	2021-03-16	USA	New York	N_America	0	6	13	23	B.1.1.222	2021-03
ISL_1421077	2021-03-01	USA	Wisconsin	N_America	0	2	12	23	B.1.2	2021-03
ISL_1298055	2021-03-02	USA	Pennsylvania	N_America	0	6	5	17	B.1.243	2021-03
ISL_1236047	2021-03-04	USA	Texas	N_America	0	8	22	36	B.1.1.7	2021-03
ISL_1266766	2021-03-02	USA	Texas	N_America	1	4	11	20	B.1.427	2021-03
ISL_1422814	2021-03-03	USA	New York	N_America	0	7	21	38	B.1.1.7	2021-03
ISL_1422061	2021-03-05	USA	Florida	N_America	0	7	20	37	B.1.1.7	2021-03
ISL_1306769	2021-03-13	USA	New York	N_America	0	3	15	23	B.1.526	2021-03
ISL_1422962	2021-03-09	USA	Texas	N_America	0	8	20	34	B.1.1.7	2021-03
ISL_1263461	2021-03-03	USA	Washington	N_America	0	3	9	36	P.1	2021-03
ISL_1340694	2021-03-09	USA	Texas	N_America	0	2	12	24	B.1.2	2021-03
ISL_1298120	2021-03-03	USA	Florida	N_America	0	2	14	31	B.1	2021-03
ISL_1339799	2021-03-09	USA	Ohio	N_America	0	2	13	21	B.1.2	2021-03
ISL_1307247	2021-03-09	USA	New York	N_America	0	8	17	32	B.1.1.7	2021-03
ISL_1338347	2021-03-05	USA	Pennsylvania	N_America	0	2	14	21	B.1.2	2021-03
ISL_1421348	2021-03-06	USA	Wisconsin	N_America	0	6	13	22	B.1.1.222	2021-03
ISL_1391715	2021-03-11	USA	Michigan	N_America	2	8	12	26	B.1.429	2021-03
ISL_1402756	2021-03-15	USA	Minnesota	N_America	0	3	14	20	B.1.2	2021-03
ISL_1373473	2021-03-15	USA	North Carolina	N_America	0	2	14	23	B.1.526	2021-03
ISL_1283672	2021-03-03	USA	Georgia	N_America	0	2	14	25	B.1.2	2021-03
ISL_1402918	2021-03-25	USA	Maryland	N_America	0	7	20	35	B.1.1.7	2021-03
ISL_1306555	2021-03-12	USA	New York	N_America	0	1	7	11	B.1	2021-03
ISL_1340591	2021-03-08	USA	Texas	N_America	0	6	12	20	B.1.1.222	2021-03
ISL_1421007	2021-03-01	USA	Wisconsin	N_America	0	6	13	21	B.1.1.222	2021-03
ISL_1391612	2021-03-15	USA	Ohio	N_America	0	3	12	19	B.1.2	2021-03
ISL_1306474	2021-03-12	USA	New York	N_America	0	2	11	28	B.1.526	2021-03
ISL_1171780	2021-03-01	USA	Maryland	N_America	0	2	15	21	B.1.526	2021-03
ISL_1413525	2021-03-08	USA	Rhode Island	N_America	0	2	7	19	B.1.375	2021-03
ISL_1236228	2021-03-02	USA	Texas	N_America	0	1	4	6	B.1.196	2021-03
ISL_1235914	2021-03-06	USA	Texas	N_America	0	4	14	23	B.1.2	2021-03
ISL_1306676	2021-03-12	USA	New York	N_America	0	2	4	8	B.1	2021-03
ISL_1200600	2021-03-01	USA	New York	N_America	0	2	15	20	B.1.526	2021-03
ISL_1400912	2021-03-04	USA	Maryland	N_America	0	4	5	21	R.1	2021-03
ISL_1338525	2021-03-07	USA	New York	N_America	0	1	12	25	B.1.2	2021-03
ISL_1263329	2021-03-10	USA	Kansas	N_America	0	7	23	40	B.1.1.7	2021-03
ISL_1367440	2021-03-08	USA	Florida	N_America	0	4	6	19	P.2	2021-03
ISL_1300423	2021-03-01	USA	Texas	N_America	0	3	15	22	B.1.2	2021-03
ISL_1402821	2021-03-09	USA	Washington DC	N_America	0	9	23	38	B.1.1.7	2021-03
ISL_1267111	2021-03-01	USA	Texas	N_America	0	1	11	18	B.1.2	2021-03
ISL_1307206	2021-03-09	USA	New York	N_America	0	2	13	18	B.1.526	2021-03
ISL_1318748	2021-03-07	USA	California	N_America	0	2	15	23	B.1.2	2021-03
ISL_1318587	2021-03-01	USA	Georgia	N_America	0	3	13	23	B.1.2	2021-03
ISL_1402979	2021-03-08	USA	Pennsylvania	N_America	0	2	16	22	B.1.2	2021-03
ISL_1315104	2021-03-15	USA	Nevada	N_America	0	7	12	25	B.1.1.222	2021-03
ISL_1256021	2021-03-03	USA	New Mexico	N_America	0	1	13	15	B.1.2	2021-03
ISL_1300123	2021-03-04	USA	Colorado	N_America	0	4	13	21	B.1.2	2021-03
ISL_1358951	2021-03-09	USA	Minnesota	N_America	0	4	15	22	B.1.2	2021-03
ISL_1340512	2021-03-08	USA	Louisiana	N_America	0	7	11	26	B.1.1.171	2021-03
ISL_1391477	2021-03-14	USA	Ohio	N_America	0	2	13	19	B.1.2	2021-03
ISL_1318427	2021-03-01	USA	Texas	N_America	0	6	11	19	B.1.1.222	2021-03
ISL_1339396	2021-03-01	USA	Minnesota	N_America	0	7	22	37	B.1.1.7	2021-03
ISL_1340291	2021-03-03	USA	Georgia	N_America	0	2	15	22	B.1.2	2021-03
ISL_1297882	2021-03-02	USA	Florida	N_America	0	2	16	23	B.1.2	2021-03
ISL_1385313	2021-03-19	USA	New York	N_America	0	7	22	38	B.1.1.7	2021-03
ISL_1238990	2021-03-06	USA	Maryland	N_America	0	2	13	23	B.1.2	2021-03
ISL_1351656	2021-03-06	Mexico	Jalisco	N_America	0	7	11	23	B.1.1.222	2021-03
ISL_1172989	2021-03-01	USA	New York	N_America	0	2	15	21	B.1.526	2021-03
ISL_1235889	2021-03-07	USA	Texas	N_America	0	2	8	10	B.1.2	2021-03
ISL_1252461	2021-03-02	USA	Wisconsin	N_America	1	4	11	16	B.1.427	2021-03
ISL_1421142	2021-03-03	USA	Wisconsin	N_America	0	3	14	19	B.1.2	2021-03
ISL_1397686	2021-03-02	USA	New York	N_America	0	2	12	29	B.1.526	2021-03
ISL_1385234	2021-03-20	USA	New York	N_America	1	1	7	22	B.1.324	2021-03
ISL_1341270	2021-03-01	USA	Washington	N_America	0	3	11	17	B.1.2	2021-03
ISL_1339803	2021-03-08	USA	North Carolina	N_America	0	1	11	28	B.1.2	2021-03
ISL_1307553	2021-03-10	USA	New York	N_America	0	8	22	38	B.1.1.7	2021-03
ISL_1238833	2021-03-03	USA	Maryland	N_America	0	8	22	36	B.1.1.7	2021-03
ISL_1379351	2021-03-01	USA	New York	N_America	0	2	8	19	B.1.1.304	2021-03
ISL_1252885	2021-03-03	USA	Wisconsin	N_America	0	2	16	21	B.1.2	2021-03
ISL_1400398	2021-03-18	USA	Washington	N_America	2	8	12	27	B.1.429	2021-03
ISL_1400859	2021-03-01	USA	Maryland	N_America	0	3	13	19	B.1.2	2021-03
ISL_1339778	2021-03-09	USA	Illinois	N_America	0	5	14	27	B.1.2	2021-03
