ISL_527873	2020-02-21	Nigeria	Edo	Africa	0	1	2	8	B.40	2020-02
ISL_476559	2020-02-27	Morocco	NA	Africa	0	1	2	3	B.1	2020-02
ISL_413550	2020-02-27	Nigeria	Lagos	Africa	0	2	4	6	B.1.1.29	2020-02
ISL_418206	2020-02-28	Senegal	Dakar	Africa	0	1	4	7	B.1.356	2020-02
ISL_457932	2020-03-15	Kenya	NA	Africa	0	0	1	10	B.4	2020-03
ISL_417442	2020-03-18	Congo	Kinshasa	Africa	0	2	2	5	B.1.178	2020-03
ISL_515183	2020-03-27	Ghana	NA	Africa	0	1	2	4	A	2020-03
ISL_480783	2020-03-31	Senegal	St Louis	Africa	0	2	2	5	B.1	2020-03
ISL_420074	2020-03-20	Senegal	St Louis	Africa	0	1	2	4	B.1	2020-03
ISL_417950	2020-03-20	Congo	Kinshasa	Africa	0	1	2	8	B.40	2020-03
ISL_420843	2020-03-23	Congo	Kinshasa	Africa	0	2	2	4	B.1	2020-03
ISL_464115	2020-03-20	South Africa	Western Cape	Africa	0	0	0	0	B	2020-03
ISL_471456	2020-03-31	Morocco	Rabat	Africa	0	3	2	10	B.1	2020-03
ISL_422397	2020-03-29	Ghana	Greater Accra	Africa	0	1	4	8	A.11	2020-03
ISL_527875	2020-03-26	Nigeria	Edo	Africa	0	1	2	7	B.40	2020-03
ISL_539573	2020-03-22	Gabon	Libreville	Africa	0	2	2	5	A	2020-03
ISL_451190	2020-03-30	Uganda	NA	Africa	0	3	5	9	B.1.1.1	2020-03
ISL_512812	2020-03-31	Sierra Leone	NA	Africa	0	2	4	6	B.1.1.29	2020-03
ISL_699656	2020-03-24	Tunisia	Tunis	Africa	0	4	4	16	B.1.367	2020-03
ISL_794602	2020-03-13	Egypt	NA	Africa	0	2	3	5	B.1	2020-03
ISL_737956	2020-03-30	Uganda	NA	Africa	0	0	1	4	B	2020-03
ISL_417955	2020-03-21	Congo	Kinshasa	Africa	0	3	4	7	B.1.128	2020-03
ISL_420034	2020-03-22	Congo	Kinshasa	Africa	0	2	3	5	B.1	2020-03
ISL_418207	2020-03-02	Senegal	Dakar	Africa	0	1	4	7	B.1.356	2020-03
ISL_420838	2020-03-22	Congo	Kinshasa	Africa	0	2	2	4	B.1	2020-03
ISL_977366	2020-03-25	Zambia	Lusaka	Africa	0	1	2	5	A.22	2020-03
ISL_640043	2020-03-30	South Africa	Western Cape	Africa	0	1	2	4	B.1	2020-03
ISL_420849	2020-03-28	Congo	Kinshasa	Africa	0	4	6	10	B.1.1.1	2020-03
ISL_457833	2020-03-15	Kenya	NA	Africa	0	2	2	5	B.1	2020-03
ISL_464114	2020-03-27	South Africa	Western Cape	Africa	0	2	3	5	B.1	2020-03
ISL_450296	2020-03-17	South Africa	KwaZulu-Natal	Africa	0	2	5	10	B.1.1	2020-03
ISL_417438	2020-03-17	Congo	Kinshasa	Africa	0	2	3	5	B.1	2020-03
ISL_683329	2020-03-18	Tunisia	Ben Arous	Africa	0	1	5	16	B.1.177	2020-03
ISL_467441	2020-03-27	South Africa	KwaZulu-Natal	Africa	0	1	2	3	B.1	2020-03
ISL_420079	2020-03-20	Senegal	Mbour	Africa	0	1	5	8	B.1	2020-03
ISL_527876	2020-03-25	Nigeria	Enugu	Africa	0	1	4	5	A	2020-03
ISL_647978	2020-03-01	Zimbabwe	NA	Africa	0	1	4	5	B.1	2020-03
ISL_640051	2020-03-22	South Africa	Western Cape	Africa	0	4	6	10	B.1.1.1	2020-03
ISL_677635	2020-03-26	Madagascar	Toamasina	Africa	0	2	4	7	B.6	2020-03
ISL_420071	2020-03-17	Senegal	Mbour	Africa	0	1	4	5	B.1	2020-03
ISL_977358	2020-03-23	Zambia	Lusaka	Africa	0	1	4	5	B.6	2020-03
ISL_640042	2020-03-25	South Africa	Western Cape	Africa	0	2	2	5	B.1.8	2020-03
ISL_458285	2020-03-21	Tunisia	Bizerte	Africa	0	2	3	6	B.1	2020-03
ISL_458286	2020-03-24	Tunisia	Ben Arous	Africa	0	3	2	5	A	2020-03
ISL_451193	2020-03-30	Uganda	NA	Africa	0	0	1	8	B.4	2020-03
ISL_451196	2020-03-25	Uganda	NA	Africa	0	2	4	8	B.1.1.1	2020-03
ISL_420854	2020-03-25	Congo	Kinshasa	Africa	0	2	2	4	B.1	2020-03
ISL_476829	2020-03-19	Benin	Cotonou	Africa	0	0	2	3	B	2020-03
ISL_428856	2020-03-21	Gambia	West Coast Region	Africa	0	1	4	5	B.6	2020-03
ISL_812967	2020-03-31	Mali	NA	Africa	0	2	3	7	A	2020-03
ISL_977422	2020-03-27	Zambia	Lusaka	Africa	0	1	4	5	B.6	2020-03
ISL_640038	2020-03-18	South Africa	Western Cape	Africa	0	2	3	5	B.1	2020-03
ISL_515084	2020-03-28	Ghana	NA	Africa	0	2	2	6	B.1	2020-03
ISL_677636	2020-03-26	Madagascar	Toamasina	Africa	0	2	4	7	B.6	2020-03
ISL_977467	2020-03-28	Zambia	Lusaka	Africa	0	1	4	5	B.6	2020-03
ISL_794603	2020-03-13	Egypt	NA	Africa	0	3	3	6	B.1	2020-03
ISL_961012	2020-03-19	Congo	Kinshasa	Africa	0	2	2	7	B.1	2020-03
ISL_459974	2020-03-20	Morocco	NA	Africa	0	3	2	9	B.1	2020-03
ISL_455639	2020-03-31	South Africa	KwaZulu-Natal	Africa	0	2	5	8	B.1.1.57	2020-03
ISL_647977	2020-03-01	Zimbabwe	NA	Africa	0	1	4	5	B.1	2020-03
ISL_451192	2020-03-30	Uganda	NA	Africa	0	3	5	9	B.1.1.1	2020-03
ISL_476826	2020-03-25	Benin	Cotonou	Africa	0	2	2	6	B.1	2020-03
ISL_977367	2020-03-25	Zambia	Lusaka	Africa	0	2	4	10	B.1	2020-03
ISL_420844	2020-03-23	Congo	Kinshasa	Africa	0	2	2	5	B.1	2020-03
ISL_977376	2020-03-25	Zambia	Lusaka	Africa	0	1	4	5	B.6	2020-03
ISL_430820	2020-03-18	Egypt	NA	Africa	0	1	3	6	B.1	2020-03
ISL_417440	2020-03-17	Congo	Kinshasa	Africa	0	2	3	5	B.1	2020-03
ISL_527880	2020-03-25	Nigeria	Edo	Africa	0	1	2	4	B.1	2020-03
ISL_459969	2020-03-20	Morocco	NA	Africa	0	2	3	5	B.1	2020-03
ISL_421573	2020-03-31	South Africa	KwaZulu-Natal	Africa	0	1	4	6	B.6	2020-03
ISL_515182	2020-03-27	Ghana	NA	Africa	0	1	2	4	A	2020-03
ISL_508862	2020-03-20	Madagascar	Analamanga	Africa	0	2	2	5	B.1	2020-03
ISL_1040819	2020-03-27	South Africa	Western Cape	Africa	0	2	4	6	B.1.1.29	2020-03
ISL_420839	2020-03-22	Congo	Kinshasa	Africa	0	2	3	5	B.1	2020-03
ISL_455636	2020-03-31	South Africa	KwaZulu-Natal	Africa	0	2	3	5	B.1.106	2020-03
ISL_794593	2020-03-13	Egypt	NA	Africa	0	2	3	5	B.1	2020-03
ISL_1303031	2020-03-29	Togo	Lomé	Africa	0	1	4	5	A	2020-03
ISL_737959	2020-03-27	Uganda	NA	Africa	0	0	1	6	B.4	2020-03
ISL_418211	2020-03-11	Senegal	Touba	Africa	0	1	2	4	B.1	2020-03
ISL_648318	2020-03-24	Equatorial Guinea	NA	Africa	0	2	1	8	A.2	2020-03
ISL_420850	2020-03-23	Congo	Kinshasa	Africa	0	2	3	5	B.1	2020-03
ISL_640041	2020-03-25	South Africa	Western Cape	Africa	0	1	2	9	B	2020-03
ISL_455426	2020-03-29	Nigeria	Osun	Africa	0	2	2	7	A	2020-03
ISL_435058	2020-03-11	South Africa	KwaZulu-Natal	Africa	0	2	2	6	B.1	2020-03
ISL_640061	2020-03-19	South Africa	Western Cape	Africa	0	1	2	6	B.40	2020-03
ISL_476823	2020-03-17	Benin	Cotonou	Africa	0	1	4	7	B.1	2020-03
ISL_451187	2020-03-27	Uganda	NA	Africa	0	0	1	6	B.1	2020-03
ISL_430819	2020-03-18	Egypt	NA	Africa	0	3	3	6	B.1	2020-03
ISL_476822	2020-03-15	Benin	Oueme	Africa	0	2	2	6	B.1	2020-03
ISL_451188	2020-03-30	Uganda	NA	Africa	0	0	1	3	B.1	2020-03
ISL_560386	2020-03-28	Botswana	Gaborone	Africa	0	1	4	5	B.1	2020-03
ISL_737955	2020-03-27	Uganda	NA	Africa	0	3	5	9	B.1.1.1	2020-03
ISL_418212	2020-03-11	Senegal	Touba	Africa	0	1	2	4	B.1	2020-03
ISL_467431	2020-03-23	South Africa	KwaZulu-Natal	Africa	0	3	0	3	B	2020-03
ISL_464116	2020-03-17	South Africa	Western Cape	Africa	0	2	2	4	B.1.8	2020-03
ISL_418210	2020-03-10	Senegal	Touba	Africa	0	1	2	4	B.1	2020-03
ISL_459972	2020-03-20	Morocco	NA	Africa	0	3	2	9	B.1	2020-03
ISL_457832	2020-03-15	Kenya	NA	Africa	0	2	3	5	B.1	2020-03
ISL_457836	2020-03-15	Kenya	NA	Africa	0	1	2	6	B.40	2020-03
ISL_421572	2020-03-23	South Africa	KwaZulu-Natal	Africa	0	1	3	7	B.39	2020-03
ISL_420845	2020-03-26	Congo	Kinshasa	Africa	0	2	2	6	B.1.6	2020-03
ISL_977356	2020-03-23	Zambia	Lusaka	Africa	0	1	4	5	B.6	2020-03
ISL_515181	2020-03-22	Ghana	NA	Africa	0	1	3	5	A.11	2020-03
ISL_464142	2020-03-29	South Africa	Western Cape	Africa	0	1	1	6	B.39	2020-03
ISL_512819	2020-04-11	Sierra Leone	NA	Africa	0	2	2	9	A.12	2020-04
ISL_730000	2020-04-26	Nigeria	Borno	Africa	0	3	2	10	A	2020-04
ISL_640097	2020-04-15	South Africa	Western Cape	Africa	0	2	6	8	B.1.1.34	2020-04
ISL_648317	2020-04-21	Equatorial Guinea	Bioko Norte	Africa	0	3	2	5	B.1.192	2020-04
ISL_640096	2020-04-15	South Africa	Western Cape	Africa	0	3	6	9	B.1.1.75	2020-04
ISL_421575	2020-04-01	South Africa	KwaZulu-Natal	Africa	0	1	3	4	B.1.106	2020-04
ISL_482765	2020-04-30	Egypt	NA	Africa	0	3	3	9	B.1	2020-04
ISL_467459	2020-04-03	South Africa	KwaZulu-Natal	Africa	0	1	3	4	B.1.106	2020-04
ISL_486864	2020-04-23	Senegal	Dakar	Africa	0	4	4	11	B.1.1.162	2020-04
ISL_527885	2020-04-26	Nigeria	Edo	Africa	0	1	2	3	B.1	2020-04
ISL_434681	2020-04-09	Congo	Kinshasa	Africa	0	2	3	6	B.1.149	2020-04
ISL_581462	2020-04-15	Congo	Brazzaville	Africa	0	2	3	6	B.1	2020-04
ISL_486873	2020-04-20	Senegal	Dakar	Africa	0	2	2	5	B.1	2020-04
ISL_512813	2020-04-23	Sierra Leone	NA	Africa	0	1	4	6	B.1	2020-04
ISL_435032	2020-04-09	Congo	Kinshasa	Africa	0	2	2	5	B.1.149	2020-04
ISL_487192	2020-04-28	Congo	Kongo Central	Africa	0	2	4	7	B.1.1.275	2020-04
ISL_437343	2020-04-15	Congo	Kinshasa	Africa	0	2	4	12	B.1.9	2020-04
ISL_447607	2020-04-23	Congo	Kinshasa	Africa	0	2	3	6	B.1	2020-04
ISL_640106	2020-04-30	South Africa	Western Cape	Africa	0	1	2	3	B.1	2020-04
ISL_496508	2020-04-29	Congo	Kinshasa	Africa	0	3	4	8	B.1.128	2020-04
ISL_471459	2020-04-19	Morocco	Rabat	Africa	0	2	2	6	B.1	2020-04
ISL_860631	2020-04-02	South Africa	KwaZulu-Natal	Africa	0	2	4	6	B.1.106	2020-04
ISL_486859	2020-04-21	Senegal	Dakar	Africa	0	2	5	9	B.1.1.247	2020-04
ISL_467467	2020-04-05	South Africa	KwaZulu-Natal	Africa	0	1	3	5	B.1.106	2020-04
ISL_471413	2020-04-25	Congo	Haut-Katanga	Africa	0	0	5	6	A	2020-04
ISL_763067	2020-04-06	Tunisia	Tunis	Africa	0	0	1	7	B.4	2020-04
ISL_486866	2020-04-22	Senegal	Dakar	Africa	0	3	4	11	B.1.1.162	2020-04
ISL_447239	2020-04-24	Congo	Kinshasa	Africa	0	2	2	4	B.1	2020-04
ISL_476831	2020-04-15	Benin	Cotonou	Africa	0	3	2	6	A	2020-04
ISL_953407	2020-04-24	Equatorial Guinea	Bioko Norte	Africa	0	2	2	5	B.1	2020-04
ISL_437358	2020-04-19	Congo	Kinshasa	Africa	0	2	2	5	B.1	2020-04
ISL_447249	2020-04-25	Congo	Kinshasa	Africa	0	3	5	9	B.1.128	2020-04
ISL_730029	2020-04-25	Nigeria	Lagos	Africa	0	1	4	6	B.1	2020-04
ISL_459983	2020-04-21	Morocco	NA	Africa	0	2	5	8	B.1.1.247	2020-04
ISL_527884	2020-04-24	Nigeria	Edo	Africa	0	2	4	10	B.1.1.229	2020-04
ISL_476828	2020-04-06	Benin	Cotonou	Africa	0	1	4	6	B.1	2020-04
ISL_487447	2020-04-06	Mali	Mopti	Africa	0	2	3	5	A	2020-04
ISL_447231	2020-04-23	Congo	Kinshasa	Africa	0	3	5	9	B.1.128	2020-04
ISL_450301	2020-04-01	South Africa	NA	Africa	0	2	3	6	B.1	2020-04
ISL_457867	2020-04-15	Kenya	NA	Africa	0	1	2	3	B.1	2020-04
ISL_447246	2020-04-24	Congo	Kinshasa	Africa	0	3	4	8	B.1	2020-04
ISL_1406177	2020-04-02	Togo	Tchaoudjo	Africa	0	1	4	8	B.1	2020-04
ISL_487099	2020-04-24	Nigeria	Oyo	Africa	0	2	4	7	B.1.1.102	2020-04
ISL_435160	2020-04-12	Congo	Kinshasa	Africa	0	2	3	6	B.1	2020-04
ISL_729943	2020-04-25	Nigeria	Lagos	Africa	0	2	4	7	B.1.1.29	2020-04
ISL_435033	2020-04-07	Congo	Kinshasa	Africa	0	3	4	7	B.1.128	2020-04
ISL_487465	2020-04-14	Mali	Bamako	Africa	0	1	3	4	A.21	2020-04
ISL_471403	2020-04-26	Congo	Kinshasa	Africa	0	2	3	7	B.1	2020-04
ISL_640100	2020-04-20	South Africa	Western Cape	Africa	0	3	4	8	B.1.1.40	2020-04
ISL_467433	2020-04-03	South Africa	KwaZulu-Natal	Africa	0	1	2	3	B.1	2020-04
ISL_455632	2020-04-30	South Africa	KwaZulu-Natal	Africa	0	2	4	6	B.1.1.29	2020-04
ISL_471414	2020-04-28	Congo	Kinshasa	Africa	0	2	2	7	B.1	2020-04
ISL_700544	2020-04-29	South Africa	Western Cape	Africa	0	3	6	9	B.1.1.75	2020-04
ISL_640044	2020-04-01	South Africa	Western Cape	Africa	0	0	0	4	B.3	2020-04
ISL_700545	2020-04-26	South Africa	Western Cape	Africa	0	1	3	4	B.1	2020-04
ISL_581486	2020-04-15	Congo	Brazzaville	Africa	0	2	3	6	B.1	2020-04
ISL_464135	2020-04-09	South Africa	Western Cape	Africa	0	2	2	5	B.1.8	2020-04
ISL_471400	2020-04-25	Congo	Kinshasa	Africa	0	2	5	11	B.1.214	2020-04
ISL_435157	2020-04-10	Congo	Kinshasa	Africa	0	2	2	5	B.1	2020-04
ISL_467516	2020-04-14	South Africa	KwaZulu-Natal	Africa	0	1	2	4	B.1	2020-04
ISL_1415425	2020-04-03	Togo	Lomé	Africa	0	2	6	8	B.1	2020-04
ISL_515103	2020-04-25	Ghana	NA	Africa	0	3	2	5	A	2020-04
ISL_437351	2020-04-16	Congo	Kinshasa	Africa	0	2	3	6	B.1	2020-04
ISL_457850	2020-04-15	Kenya	NA	Africa	0	1	2	3	B.1	2020-04
ISL_648323	2020-04-24	Equatorial Guinea	Bioko Norte	Africa	0	3	2	7	B.1.192	2020-04
ISL_447241	2020-04-24	Congo	Kinshasa	Africa	0	2	2	5	B.1	2020-04
ISL_480789	2020-04-01	Senegal	Kolda	Africa	0	1	2	5	A.11	2020-04
ISL_648341	2020-04-30	Equatorial Guinea	Bioko Norte	Africa	0	3	2	6	B.1.192	2020-04
ISL_464119	2020-04-08	South Africa	Western Cape	Africa	0	2	2	5	B.1.8	2020-04
ISL_471402	2020-04-26	Congo	Kinshasa	Africa	0	2	4	10	B.1	2020-04
ISL_437353	2020-04-17	Congo	Kinshasa	Africa	0	3	3	9	B.1	2020-04
ISL_514106	2020-04-30	Congo	Kinshasa	Africa	0	3	4	8	B.1.128	2020-04
ISL_467437	2020-04-01	South Africa	KwaZulu-Natal	Africa	0	1	3	4	B.1.106	2020-04
ISL_482760	2020-04-28	Egypt	NA	Africa	0	1	2	6	B.1.195	2020-04
ISL_435164	2020-04-12	Congo	Kinshasa	Africa	0	2	2	6	B.1.149	2020-04
ISL_512817	2020-04-10	Sierra Leone	NA	Africa	0	2	2	10	A.12	2020-04
ISL_648335	2020-04-28	Equatorial Guinea	Bioko Norte	Africa	0	1	2	4	B.1	2020-04
ISL_435116	2020-04-07	Congo	Kinshasa	Africa	0	2	3	7	B.1	2020-04
ISL_1040817	2020-04-05	South Africa	Western Cape	Africa	0	1	2	3	B.1	2020-04
ISL_513604	2020-04-30	Congo	Kinshasa	Africa	0	2	6	9	B.1.214	2020-04
ISL_457856	2020-04-15	Kenya	NA	Africa	0	0	3	3	B	2020-04
ISL_464118	2020-04-08	South Africa	Western Cape	Africa	0	2	2	6	B.1.8	2020-04
ISL_447243	2020-04-24	Congo	Kinshasa	Africa	0	2	2	5	B.1	2020-04
ISL_794608	2020-04-07	Egypt	NA	Africa	0	3	4	9	B.1.1.162	2020-04
ISL_464154	2020-04-08	South Africa	Western Cape	Africa	0	2	4	6	B.1.1.29	2020-04
ISL_482775	2020-04-14	Egypt	NA	Africa	0	2	5	7	B.1.1.247	2020-04
ISL_644790	2020-04-16	Zimbabwe	NA	Africa	0	3	7	10	B.1.1.29	2020-04
ISL_467458	2020-04-05	South Africa	KwaZulu-Natal	Africa	0	1	3	4	B.1.106	2020-04
ISL_464139	2020-04-09	South Africa	Western Cape	Africa	0	2	2	5	B.1.8	2020-04
ISL_457854	2020-04-15	Kenya	NA	Africa	0	1	2	4	B.1	2020-04
ISL_700591	2020-04-22	South Africa	Western Cape	Africa	0	4	3	7	B.1.381	2020-04
ISL_447600	2020-04-22	Congo	Kinshasa	Africa	0	2	2	5	B.1	2020-04
ISL_457903	2020-04-15	Kenya	NA	Africa	0	1	2	3	B.1	2020-04
ISL_514115	2020-04-28	Congo	Kinshasa	Africa	0	3	4	8	B.1.128	2020-04
ISL_457876	2020-04-15	Kenya	NA	Africa	0	0	1	9	B.4	2020-04
ISL_482759	2020-04-30	Egypt	NA	Africa	0	2	2	5	B.1.195	2020-04
ISL_467472	2020-04-01	South Africa	KwaZulu-Natal	Africa	0	1	3	5	B.1.106	2020-04
ISL_487458	2020-04-12	Mali	Bamako	Africa	0	2	3	8	B.1	2020-04
ISL_700522	2020-04-29	South Africa	Western Cape	Africa	0	3	4	8	B.1.1.40	2020-04
ISL_459984	2020-04-06	Morocco	NA	Africa	0	2	4	6	B.1.1.29	2020-04
ISL_644803	2020-05-01	Zimbabwe	NA	Africa	0	3	7	11	B.1.1.29	2020-05
ISL_496504	2020-05-11	Congo	Kinshasa	Africa	0	2	3	7	B.1	2020-05
ISL_527515	2020-05-26	Congo	Kinshasa	Africa	0	2	5	11	B.1.214	2020-05
ISL_648355	2020-05-20	Equatorial Guinea	Bioko Norte	Africa	0	3	2	9	B.1.192	2020-05
ISL_568782	2020-05-12	Kenya	NA	Africa	0	1	2	5	B.1	2020-05
ISL_482763	2020-05-05	Egypt	NA	Africa	0	1	2	4	B.1.195	2020-05
ISL_649156	2020-05-30	Equatorial Guinea	Bioko Norte	Africa	0	3	2	8	B.1.192	2020-05
ISL_527569	2020-05-25	Congo	Kinshasa	Africa	0	2	3	9	B.1.6	2020-05
ISL_483037	2020-05-13	Egypt	Kalyoubia	Africa	0	2	4	9	B.1	2020-05
ISL_700530	2020-05-11	South Africa	Western Cape	Africa	0	2	4	8	B.1.1.29	2020-05
ISL_648354	2020-05-20	Equatorial Guinea	Bioko Norte	Africa	0	3	2	5	B.1.192	2020-05
ISL_644791	2020-05-01	Zimbabwe	NA	Africa	0	3	7	10	B.1.1.29	2020-05
ISL_648343	2020-05-03	Equatorial Guinea	Bioko Norte	Africa	0	3	2	5	B.1.192	2020-05
ISL_527533	2020-05-25	Congo	Kinshasa	Africa	0	2	2	4	B.1	2020-05
ISL_737960	2020-05-07	Uganda	NA	Africa	0	1	2	4	B.1	2020-05
ISL_737952	2020-05-07	Uganda	NA	Africa	0	1	2	3	B.1	2020-05
ISL_614350	2020-05-30	Cote d Ivoire	Bouake	Africa	0	2	3	9	B.1.273	2020-05
ISL_514121	2020-05-09	Congo	Kinshasa	Africa	0	2	2	5	B.1	2020-05
ISL_648348	2020-05-13	Equatorial Guinea	Litoral	Africa	0	3	2	7	B.1.192	2020-05
ISL_729921	2020-05-02	Nigeria	Abuja	Africa	0	3	3	10	A	2020-05
ISL_495636	2020-05-11	Congo	Kinshasa	Africa	0	2	2	5	B.1	2020-05
ISL_527524	2020-05-18	Congo	Sud Kivu	Africa	0	1	2	4	B.1	2020-05
ISL_527565	2020-05-25	Congo	Kinshasa	Africa	0	2	5	8	B.1.214	2020-05
ISL_513594	2020-05-12	Congo	Kinshasa	Africa	0	2	6	10	B.1.214	2020-05
ISL_455634	2020-05-01	South Africa	KwaZulu-Natal	Africa	0	1	3	6	B.1.106	2020-05
ISL_467495	2020-05-30	South Africa	KwaZulu-Natal	Africa	0	2	3	5	B.1.106	2020-05
ISL_515098	2020-05-20	Ghana	NA	Africa	0	1	4	6	A	2020-05
ISL_730013	2020-05-18	Nigeria	Borno	Africa	0	3	2	10	A	2020-05
ISL_614348	2020-05-30	Cote d Ivoire	Bouake	Africa	0	1	2	5	A	2020-05
ISL_568721	2020-05-05	Kenya	NA	Africa	0	1	2	5	B.1	2020-05
ISL_568735	2020-05-08	Kenya	NA	Africa	0	1	2	5	B.1	2020-05
ISL_978546	2020-05-05	Morocco	Ouarzazate	Africa	0	1	2	6	B.1	2020-05
ISL_636983	2020-05-06	Congo	Kinshasa	Africa	0	2	2	6	B.1	2020-05
ISL_1040816	2020-05-19	South Africa	Western Cape	Africa	0	2	3	7	B.1.8	2020-05
ISL_644751	2020-05-01	Zimbabwe	NA	Africa	0	3	7	10	B.1.1.29	2020-05
ISL_977469	2020-05-06	Zambia	Lusaka	Africa	0	3	3	9	B.1	2020-05
ISL_527549	2020-05-22	Congo	Kinshasa	Africa	0	2	3	12	B.1	2020-05
ISL_700582	2020-05-04	South Africa	Western Cape	Africa	0	2	3	6	B.1	2020-05
ISL_527550	2020-05-24	Congo	Kinshasa	Africa	0	2	3	12	B.1.159	2020-05
ISL_700503	2020-05-06	South Africa	Western Cape	Africa	0	2	4	8	B.1.1.53	2020-05
ISL_482771	2020-05-10	Egypt	NA	Africa	0	2	3	6	B.1	2020-05
ISL_515088	2020-05-23	Ghana	NA	Africa	0	2	4	7	B.1.1.29	2020-05
ISL_467519	2020-05-31	South Africa	KwaZulu-Natal	Africa	0	3	2	5	B.1	2020-05
ISL_700516	2020-05-14	South Africa	Western Cape	Africa	0	2	3	7	B.1	2020-05
ISL_700517	2020-05-21	South Africa	Western Cape	Africa	0	2	3	7	B.1	2020-05
ISL_475751	2020-05-15	Egypt	NA	Africa	0	4	9	15	B.1.1.1	2020-05
ISL_636986	2020-05-20	Congo	Kinshasa	Africa	0	2	2	6	B.1	2020-05
ISL_812799	2020-05-21	Egypt	NA	Africa	0	5	9	17	B.1.1.1	2020-05
ISL_514110	2020-05-09	Congo	Kinshasa	Africa	0	2	2	4	B.1	2020-05
ISL_636985	2020-05-14	Congo	Kinshasa	Africa	0	3	3	10	B.1.9	2020-05
ISL_515087	2020-05-23	Ghana	NA	Africa	0	1	3	8	A.11	2020-05
ISL_568777	2020-05-12	Kenya	NA	Africa	0	1	3	5	B.1	2020-05
ISL_644811	2020-05-01	Zimbabwe	NA	Africa	0	3	7	10	B.1.1.29	2020-05
ISL_475747	2020-05-15	Egypt	NA	Africa	0	2	3	6	B.1	2020-05
ISL_812801	2020-05-27	Egypt	NA	Africa	0	1	3	6	B.1	2020-05
ISL_568843	2020-05-16	Kenya	NA	Africa	0	1	4	5	A	2020-05
ISL_700494	2020-05-05	South Africa	Western Cape	Africa	0	2	3	6	B.1	2020-05
ISL_487109	2020-05-29	Nigeria	Osun	Africa	0	1	3	11	B.1.22	2020-05
ISL_475749	2020-05-15	Egypt	NA	Africa	0	1	3	4	B.1	2020-05
ISL_1416192	2020-05-27	Togo	Lomé	Africa	0	3	2	6	A	2020-05
ISL_960173	2020-05-26	South Africa	Western Cape	Africa	0	3	6	15	B.1.1.75	2020-05
ISL_467508	2020-05-28	South Africa	KwaZulu-Natal	Africa	0	2	5	7	B.1.106	2020-05
ISL_513626	2020-05-22	Congo	Kinshasa	Africa	0	2	3	5	B.1	2020-05
ISL_700547	2020-05-19	South Africa	Western Cape	Africa	0	2	6	9	B.1.1.34	2020-05
ISL_729947	2020-05-14	Nigeria	Lagos	Africa	0	1	2	8	B.40	2020-05
ISL_649155	2020-05-22	Equatorial Guinea	Bioko Norte	Africa	0	2	1	8	A.2	2020-05
ISL_476026	2020-05-11	Morocco	NA	Africa	0	2	4	10	B.1.1.29	2020-05
ISL_451202	2020-05-01	Uganda	NA	Africa	0	1	2	5	B.1	2020-05
ISL_515102	2020-05-25	Ghana	NA	Africa	0	2	3	7	B.1	2020-05
ISL_737932	2020-05-07	Uganda	NA	Africa	0	1	2	5	B.1	2020-05
ISL_700566	2020-05-07	South Africa	Western Cape	Africa	0	2	3	5	B.1	2020-05
ISL_527564	2020-05-25	Congo	Kinshasa	Africa	0	2	6	9	B.1.214	2020-05
ISL_527493	2020-05-25	Congo	Kinshasa	Africa	0	2	4	8	B.1	2020-05
ISL_527499	2020-05-22	Congo	Kinshasa	Africa	0	2	2	8	B.1.1.277	2020-05
ISL_953416	2020-05-27	Equatorial Guinea	Bioko Norte	Africa	0	3	2	7	B.1.192	2020-05
ISL_515094	2020-05-24	Ghana	NA	Africa	0	2	4	7	B.1.1.307	2020-05
ISL_482764	2020-05-05	Egypt	NA	Africa	0	1	2	4	B.1.195	2020-05
ISL_648312	2020-05-30	Equatorial Guinea	Bioko Norte	Africa	0	3	2	5	B.1.192	2020-05
ISL_527556	2020-05-24	Congo	Kinshasa	Africa	0	2	3	8	B.1.481	2020-05
ISL_515106	2020-05-25	Ghana	NA	Africa	0	2	4	7	A	2020-05
ISL_568742	2020-05-08	Kenya	NA	Africa	0	1	2	5	B.1	2020-05
ISL_730038	2020-05-27	Nigeria	Lagos	Africa	0	2	4	7	B.1.1.29	2020-05
ISL_527872	2020-05-12	Nigeria	Ebonyi	Africa	0	2	2	5	B.1	2020-05
ISL_513621	2020-05-14	Congo	Kinshasa	Africa	0	4	6	14	B.1.1.1	2020-05
ISL_730035	2020-05-30	Nigeria	Lagos	Africa	0	2	4	6	B.1.1.29	2020-05
ISL_812790	2020-05-14	Egypt	NA	Africa	0	0	3	6	B.1	2020-05
ISL_487104	2020-05-03	Nigeria	Oyo	Africa	0	4	4	9	B.1	2020-05
ISL_471167	2020-05-04	Gambia	Kombo	Africa	0	2	5	8	B.1.1.293	2020-05
ISL_648305	2020-05-24	Equatorial Guinea	Bioko Norte	Africa	0	3	2	9	B.1.192	2020-05
ISL_514122	2020-05-13	Congo	Kinshasa	Africa	0	3	2	11	B.1.147	2020-05
ISL_527879	2020-05-04	Nigeria	Edo	Africa	0	2	4	8	B.1.1.229	2020-05
ISL_737962	2020-05-02	Uganda	NA	Africa	0	1	4	5	A	2020-05
ISL_737967	2020-05-07	Uganda	NA	Africa	0	1	4	7	B.1	2020-05
ISL_730012	2020-05-17	Nigeria	Borno	Africa	0	3	3	9	B.1	2020-05
ISL_644795	2020-05-01	Zimbabwe	NA	Africa	0	3	7	10	B.1.1.29	2020-05
ISL_513616	2020-05-04	Congo	Kongo Central	Africa	0	1	3	4	B.1	2020-05
ISL_978537	2020-05-05	Morocco	Ouarzazate	Africa	0	1	2	7	B.1	2020-05
ISL_496502	2020-05-11	Congo	Kinshasa	Africa	0	2	5	7	B.1.214	2020-05
ISL_515093	2020-05-24	Ghana	NA	Africa	0	1	2	4	A	2020-05
ISL_737968	2020-05-07	Uganda	NA	Africa	0	1	2	4	B.1	2020-05
ISL_812848	2020-06-30	Egypt	NA	Africa	0	4	6	17	B.1	2020-06
ISL_467510	2020-06-01	South Africa	KwaZulu-Natal	Africa	0	1	2	3	B.1	2020-06
ISL_482869	2020-06-16	South Africa	KwaZulu-Natal	Africa	0	2	7	9	B.1.1.54	2020-06
ISL_977321	2020-06-12	Zambia	Lusaka	Africa	0	4	7	13	B.1.1.1	2020-06
ISL_482731	2020-06-15	South Africa	KwaZulu-Natal	Africa	0	2	3	6	B.1	2020-06
ISL_960163	2020-06-21	South Africa	Western Cape	Africa	0	3	4	8	B.1.1.40	2020-06
ISL_794601	2020-06-10	Egypt	NA	Africa	0	1	3	4	B.1	2020-06
ISL_477149	2020-06-07	Senegal	Dakar	Africa	0	2	4	8	B.1.416	2020-06
ISL_581490	2020-06-06	Congo	Brazzaville	Africa	0	2	3	6	B.1	2020-06
ISL_568723	2020-06-05	Kenya	NA	Africa	0	1	2	3	B.1	2020-06
ISL_977271	2020-06-01	Zambia	Lusaka	Africa	0	3	5	10	B.1.1.281	2020-06
ISL_730017	2020-06-01	Nigeria	Benue	Africa	0	4	3	8	B.1.462	2020-06
ISL_504224	2020-06-16	South Africa	North-West	Africa	0	5	8	15	C.1	2020-06
ISL_812818	2020-06-20	Egypt	NA	Africa	0	2	6	15	B.1.1.4	2020-06
ISL_527892	2020-06-17	Nigeria	Ondo	Africa	0	2	4	9	B.1.1.29	2020-06
ISL_479735	2020-06-02	Egypt	NA	Africa	0	1	2	5	B.1	2020-06
ISL_561323	2020-06-18	Gambia	Kombo	Africa	0	3	5	9	B.1.1.293	2020-06
ISL_467506	2020-06-01	South Africa	KwaZulu-Natal	Africa	0	2	5	8	B.1.1.117	2020-06
ISL_479706	2020-06-02	Egypt	NA	Africa	0	2	4	9	B.1	2020-06
ISL_482851	2020-06-11	South Africa	KwaZulu-Natal	Africa	0	2	5	8	B.1.1.117	2020-06
ISL_515584	2020-06-30	South Africa	KwaZulu-Natal	Africa	0	2	4	7	B.1.1.84	2020-06
ISL_977293	2020-06-12	Zambia	Lusaka	Africa	0	3	7	12	B.1.1.29	2020-06
ISL_1109627	2020-06-13	Egypt	Cairo	Africa	0	1	3	7	B.1.452	2020-06
ISL_482720	2020-06-11	South Africa	KwaZulu-Natal	Africa	0	1	3	4	B.1	2020-06
ISL_482714	2020-06-11	South Africa	KwaZulu-Natal	Africa	0	1	2	5	B.1	2020-06
ISL_475723	2020-06-02	Egypt	NA	Africa	0	3	4	10	B.1.36	2020-06
ISL_648371	2020-06-26	Equatorial Guinea	Bioko Norte	Africa	0	3	2	7	B.1.192	2020-06
ISL_648357	2020-06-02	Equatorial Guinea	Bioko Norte	Africa	0	3	2	7	B.1.192	2020-06
ISL_498247	2020-06-10	Senegal	Dakar	Africa	0	2	4	7	B.1.416	2020-06
ISL_591085	2020-06-01	Congo	Kinshasa	Africa	0	2	2	4	B.1	2020-06
ISL_495528	2020-06-23	South Africa	KwaZulu-Natal	Africa	0	5	7	12	C.1	2020-06
ISL_482860	2020-06-18	South Africa	KwaZulu-Natal	Africa	0	2	6	11	B.1.1.317	2020-06
ISL_467504	2020-06-01	South Africa	KwaZulu-Natal	Africa	0	2	4	6	B.1.1.29	2020-06
ISL_766865	2020-06-19	Algeria	NA	Africa	0	3	4	10	B.1.1	2020-06
ISL_614352	2020-06-04	Cote d Ivoire	Bouake	Africa	0	4	3	7	A.19	2020-06
ISL_476497	2020-06-12	Senegal	Dakar	Africa	0	2	4	8	B.1.356	2020-06
ISL_482852	2020-06-11	South Africa	KwaZulu-Natal	Africa	0	2	5	8	B.1.1.117	2020-06
ISL_683835	2020-06-10	Mali	Timbuktu	Africa	0	3	6	14	B.1	2020-06
ISL_614368	2020-06-19	Cote d Ivoire	Bouake	Africa	0	2	2	11	B.1	2020-06
ISL_477141	2020-06-07	Senegal	Dakar	Africa	0	2	4	11	B.1.416	2020-06
ISL_479692	2020-06-02	Egypt	NA	Africa	0	1	2	4	B.1	2020-06
ISL_527910	2020-06-13	Nigeria	Oyo	Africa	0	2	5	11	B.1.1.29	2020-06
ISL_498242	2020-06-07	Senegal	Dakar	Africa	0	2	2	6	B.1	2020-06
ISL_476492	2020-06-10	Senegal	Dakar	Africa	0	2	3	7	B.1.416	2020-06
ISL_977397	2020-06-29	Zambia	Lusaka	Africa	0	2	4	8	B.1.1.29	2020-06
ISL_527905	2020-06-12	Nigeria	Oyo	Africa	0	2	5	12	B.1.1.29	2020-06
ISL_476562	2020-06-13	Senegal	Dakar	Africa	0	1	4	7	B.1	2020-06
ISL_812838	2020-06-29	Egypt	NA	Africa	0	0	1	2	B.1	2020-06
ISL_648358	2020-06-04	Equatorial Guinea	Bioko Norte	Africa	0	3	2	5	B.1.192	2020-06
ISL_482711	2020-06-04	South Africa	KwaZulu-Natal	Africa	0	2	4	6	B.1.106	2020-06
ISL_977365	2020-06-07	Zambia	Lusaka	Africa	0	2	5	9	B.1.1.29	2020-06
ISL_591086	2020-06-03	Congo	Kinshasa	Africa	0	2	2	9	B.1.6	2020-06
ISL_477151	2020-06-14	Senegal	Dakar	Africa	0	2	6	8	B.1.1.247	2020-06
ISL_1141525	2020-06-08	Egypt	Cairo	Africa	0	5	9	17	B.1.1.1	2020-06
ISL_729952	2020-06-27	Nigeria	Akwa Ibom	Africa	0	3	3	10	B.1	2020-06
ISL_527904	2020-06-13	Nigeria	Oyo	Africa	0	2	5	11	B.1.1.29	2020-06
ISL_479697	2020-06-02	Egypt	NA	Africa	0	2	3	6	B.1	2020-06
ISL_977388	2020-06-26	Zambia	Lusaka	Africa	0	3	6	11	B.1.1.281	2020-06
ISL_485713	2020-06-14	Senegal	Dakar	Africa	0	2	4	8	B.1.416	2020-06
ISL_487293	2020-06-24	South Africa	KwaZulu-Natal	Africa	0	5	7	12	C.1	2020-06
ISL_482709	2020-06-06	South Africa	KwaZulu-Natal	Africa	0	4	5	9	B.1.1.273	2020-06
ISL_614372	2020-06-24	Cote d Ivoire	Bouake	Africa	0	3	3	7	A.19	2020-06
ISL_527909	2020-06-13	Nigeria	Oyo	Africa	0	2	5	11	B.1.1.29	2020-06
ISL_478672	2020-06-02	Egypt	NA	Africa	0	2	3	6	B.1	2020-06
ISL_977335	2020-06-26	Zambia	Lusaka	Africa	0	3	5	8	B.1.1.130	2020-06
ISL_487320	2020-06-25	South Africa	KwaZulu-Natal	Africa	0	2	4	9	B.1.1.84	2020-06
ISL_648362	2020-06-10	Equatorial Guinea	Bioko Norte	Africa	0	3	2	5	B.1.192	2020-06
ISL_788938	2020-06-23	Guinea	Conakry	Africa	0	2	2	8	B.1	2020-06
ISL_487311	2020-06-17	South Africa	KwaZulu-Natal	Africa	0	2	5	7	B.1.1.54	2020-06
ISL_467511	2020-06-01	South Africa	KwaZulu-Natal	Africa	0	2	4	6	B.1.106	2020-06
ISL_490283	2020-06-09	South Africa	Gauteng	Africa	0	2	6	9	B.1.1.54	2020-06
ISL_977322	2020-06-13	Zambia	Lusaka	Africa	0	5	6	13	B.1.1.1	2020-06
ISL_487308	2020-06-18	South Africa	KwaZulu-Natal	Africa	0	2	8	12	B.1.1.54	2020-06
ISL_479730	2020-06-02	Egypt	NA	Africa	0	2	3	5	B.1.1.29	2020-06
ISL_614371	2020-06-24	Cote d Ivoire	Bouake	Africa	0	4	5	13	A.19	2020-06
ISL_467513	2020-06-01	South Africa	KwaZulu-Natal	Africa	0	2	4	6	B.1.106	2020-06
ISL_812817	2020-06-12	Egypt	NA	Africa	0	4	10	18	B.1.1.1	2020-06
ISL_487321	2020-06-25	South Africa	KwaZulu-Natal	Africa	0	1	3	7	B.1	2020-06
ISL_487289	2020-06-24	South Africa	KwaZulu-Natal	Africa	0	1	3	6	B.1	2020-06
ISL_479710	2020-06-02	Egypt	NA	Africa	0	2	4	6	B.1.1.29	2020-06
ISL_477142	2020-06-17	Senegal	Dakar	Africa	0	2	5	8	B.1.1.247	2020-06
ISL_479695	2020-06-02	Egypt	NA	Africa	0	1	2	3	B.1	2020-06
ISL_482875	2020-06-16	Senegal	Dakar	Africa	0	3	4	8	B.1.416	2020-06
ISL_977394	2020-06-29	Zambia	Lusaka	Africa	0	4	6	15	B.1.1.1	2020-06
ISL_812795	2020-06-09	Egypt	NA	Africa	0	4	9	14	B.1.1.1	2020-06
ISL_622905	2020-06-30	South Africa	GP	Africa	0	2	6	11	B.1.1.54	2020-06
ISL_482719	2020-06-11	South Africa	KwaZulu-Natal	Africa	0	1	3	6	B.1	2020-06
ISL_467505	2020-06-01	South Africa	KwaZulu-Natal	Africa	0	2	4	6	B.1.106	2020-06
ISL_812863	2020-06-30	Egypt	NA	Africa	0	4	8	19	B.1.1.1	2020-06
ISL_485712	2020-06-14	Senegal	Dakar	Africa	0	2	4	7	B.1.416	2020-06
ISL_482710	2020-06-04	South Africa	KwaZulu-Natal	Africa	0	2	4	6	B.1.106	2020-06
ISL_487327	2020-06-22	South Africa	KwaZulu-Natal	Africa	0	2	4	9	B.1.1.84	2020-06
ISL_729969	2020-06-30	Nigeria	Osun	Africa	0	2	5	11	B.1.1.29	2020-06
ISL_482717	2020-06-11	South Africa	KwaZulu-Natal	Africa	0	2	5	7	B.1.1.117	2020-06
ISL_487300	2020-06-24	South Africa	KwaZulu-Natal	Africa	0	2	4	7	B.1.1.29	2020-06
ISL_568872	2020-06-22	Kenya	NA	Africa	0	3	4	10	B.1	2020-06
ISL_467512	2020-06-01	South Africa	KwaZulu-Natal	Africa	0	2	4	6	B.1.106	2020-06
ISL_1109626	2020-06-28	Egypt	Cairo	Africa	0	5	9	17	B.1.1.1	2020-06
ISL_960228	2020-06-10	Rwanda	Kigali	Africa	0	3	2	10	B.1	2020-06
ISL_660165	2020-06-25	South Africa	KwaZulu-Natal	Africa	0	2	7	10	B.1.1.54	2020-06
ISL_1109625	2020-07-01	Egypt	Cairo	Africa	0	5	9	17	B.1.1.1	2020-07
ISL_515742	2020-07-22	South Africa	KwaZulu-Natal	Africa	0	2	4	6	B.1.1.29	2020-07
ISL_812845	2020-07-16	Egypt	NA	Africa	0	0	0	3	B	2020-07
ISL_648329	2020-07-15	Equatorial Guinea	Bioko Norte	Africa	0	3	4	12	B.1.192	2020-07
ISL_515615	2020-07-17	South Africa	KwaZulu-Natal	Africa	0	2	6	13	B.1.1.54	2020-07
ISL_509315	2020-07-02	South Africa	KwaZulu-Natal	Africa	0	2	7	9	B.1.1.54	2020-07
ISL_729957	2020-07-20	Nigeria	Akwa Ibom	Africa	0	1	2	9	B.1	2020-07
ISL_498074	2020-07-13	South Africa	KwaZulu-Natal	Africa	0	5	8	13	C.1	2020-07
ISL_561202	2020-07-27	Gambia	Kombo	Africa	0	1	4	8	B.1.177	2020-07
ISL_561142	2020-07-22	Gambia	Kombo	Africa	0	3	5	9	B.1.416	2020-07
ISL_977408	2020-07-06	Zambia	Lusaka	Africa	0	2	4	8	B.1.1.186	2020-07
ISL_561230	2020-07-04	Gambia	Kombo	Africa	0	1	2	3	B.1	2020-07
ISL_515777	2020-07-29	South Africa	KwaZulu-Natal	Africa	0	2	8	10	B.1.1.54	2020-07
ISL_509224	2020-07-13	South Africa	KwaZulu-Natal	Africa	0	2	4	9	B.1.1.29	2020-07
ISL_561290	2020-07-23	Gambia	Kombo	Africa	0	2	6	12	B.1.1.247	2020-07
ISL_514391	2020-07-13	South Africa	Gauteng	Africa	0	4	4	9	B.1.381	2020-07
ISL_515787	2020-07-29	South Africa	KwaZulu-Natal	Africa	0	5	7	14	C.1	2020-07
ISL_622965	2020-07-27	South Africa	GP	Africa	0	2	7	11	B.1.1.54	2020-07
ISL_681838	2020-07-17	Cote d Ivoire	Bouake	Africa	0	4	3	8	A.19	2020-07
ISL_561136	2020-07-21	Gambia	Kombo	Africa	0	2	4	11	B.1.416	2020-07
ISL_682058	2020-07-22	Cote d Ivoire	Guiglo	Africa	0	1	3	11	A	2020-07
ISL_535471	2020-07-30	South Africa	KwaZulu-Natal	Africa	0	4	6	10	H.1	2020-07
ISL_561098	2020-07-27	Gambia	Kombo	Africa	0	2	4	8	B.1.416	2020-07
ISL_561064	2020-07-27	Gambia	Kombo	Africa	0	1	2	3	B.1	2020-07
ISL_515645	2020-07-16	South Africa	KwaZulu-Natal	Africa	0	2	2	5	B.1	2020-07
ISL_977317	2020-07-19	Zambia	Lusaka	Africa	0	3	5	15	B.1.1.281	2020-07
ISL_535498	2020-07-27	South Africa	KwaZulu-Natal	Africa	0	4	6	12	H.1	2020-07
ISL_515640	2020-07-21	South Africa	KwaZulu-Natal	Africa	0	2	4	8	B.1.1.29	2020-07
ISL_884852	2020-07-31	Ghana	NA	Africa	0	2	4	9	B.1.1.239	2020-07
ISL_535405	2020-07-30	South Africa	KwaZulu-Natal	Africa	0	3	6	10	B.1.1.54	2020-07
ISL_737972	2020-07-21	Uganda	NA	Africa	0	2	4	9	B.1	2020-07
ISL_498069	2020-07-11	South Africa	KwaZulu-Natal	Africa	0	1	2	6	B.1	2020-07
ISL_498109	2020-07-14	South Africa	KwaZulu-Natal	Africa	0	3	5	9	B.1.1.56	2020-07
ISL_535479	2020-07-31	South Africa	KwaZulu-Natal	Africa	0	2	6	9	B.1.1.54	2020-07
ISL_561004	2020-07-30	Gambia	Kombo	Africa	0	4	5	11	B.1.1.293	2020-07
ISL_561163	2020-07-25	Gambia	Kombo	Africa	0	3	3	7	B.1.1.293	2020-07
ISL_535561	2020-07-30	South Africa	KwaZulu-Natal	Africa	0	2	5	9	B.1.1.54	2020-07
ISL_1255246	2020-07-23	Ghana	NA	Africa	0	3	4	9	B.1.1.220	2020-07
ISL_509329	2020-07-02	South Africa	KwaZulu-Natal	Africa	0	5	7	14	C.1	2020-07
ISL_515676	2020-07-22	South Africa	KwaZulu-Natal	Africa	0	4	6	10	H.1	2020-07
ISL_509368	2020-07-16	South Africa	KwaZulu-Natal	Africa	0	2	5	9	B.1.1.117	2020-07
ISL_561131	2020-07-21	Gambia	Kombo	Africa	0	3	5	8	B.1.416	2020-07
ISL_509313	2020-07-13	South Africa	KwaZulu-Natal	Africa	0	2	4	9	B.1.1.29	2020-07
ISL_514390	2020-07-13	South Africa	Gauteng	Africa	0	2	6	9	B.1.1.54	2020-07
ISL_518037	2020-07-17	South Africa	KwaZulu-Natal	Africa	0	2	4	7	B.1.1.84	2020-07
ISL_812805	2020-07-28	Egypt	NA	Africa	0	2	1	5	B.1	2020-07
ISL_561229	2020-07-04	Gambia	Kombo	Africa	0	1	4	7	B.1.292	2020-07
ISL_515596	2020-07-17	South Africa	KwaZulu-Natal	Africa	0	1	2	6	B.1	2020-07
ISL_730044	2020-07-10	Nigeria	Kwara	Africa	0	2	5	7	B.1.1.29	2020-07
ISL_509345	2020-07-13	South Africa	KwaZulu-Natal	Africa	0	2	7	12	B.1.1.54	2020-07
ISL_1363148	2020-07-29	South Africa	Gauteng	Africa	0	2	3	6	B.1	2020-07
ISL_960300	2020-07-30	Rwanda	Kigali	Africa	0	3	3	6	B.1	2020-07
ISL_509320	2020-07-03	South Africa	KwaZulu-Natal	Africa	0	3	4	8	B.1.1.273	2020-07
ISL_498092	2020-07-14	South Africa	KwaZulu-Natal	Africa	0	3	5	9	H.1	2020-07
ISL_515166	2020-07-05	South Africa	Gauteng	Africa	0	2	4	9	B.1.1.99	2020-07
ISL_509339	2020-07-13	South Africa	KwaZulu-Natal	Africa	0	3	5	11	B.1.1.56	2020-07
ISL_535417	2020-07-30	South Africa	KwaZulu-Natal	Africa	0	5	7	12	C.1	2020-07
ISL_509346	2020-07-13	South Africa	KwaZulu-Natal	Africa	0	2	5	10	B.1.1.54	2020-07
ISL_561151	2020-07-24	Gambia	Kombo	Africa	0	2	6	12	B.1.1.247	2020-07
ISL_515715	2020-07-22	South Africa	KwaZulu-Natal	Africa	0	2	2	5	B.1	2020-07
ISL_560998	2020-07-30	Gambia	Kombo	Africa	0	2	5	8	B.1.416	2020-07
ISL_622964	2020-07-26	South Africa	GP	Africa	0	2	6	14	B.1.1.54	2020-07
ISL_681836	2020-07-03	Cote d Ivoire	Bouake	Africa	0	4	3	7	A.19	2020-07
ISL_509244	2020-07-13	South Africa	KwaZulu-Natal	Africa	0	2	7	11	B.1.1.54	2020-07
ISL_977418	2020-07-12	Zambia	Lusaka	Africa	0	3	5	11	B.1.1.281	2020-07
ISL_561126	2020-07-21	Gambia	Kombo	Africa	0	3	5	8	B.1.416	2020-07
ISL_535469	2020-07-30	South Africa	KwaZulu-Natal	Africa	0	2	6	9	B.1.1.54	2020-07
ISL_561085	2020-07-27	Gambia	Kombo	Africa	0	3	5	11	B.1.1.293	2020-07
ISL_515871	2020-07-09	South Africa	KwaZulu-Natal	Africa	0	2	7	9	B.1.1.54	2020-07
ISL_509322	2020-07-01	South Africa	KwaZulu-Natal	Africa	0	2	5	11	B.1.1.29	2020-07
ISL_498080	2020-07-14	South Africa	KwaZulu-Natal	Africa	0	2	5	7	B.1.1.254	2020-07
ISL_535443	2020-07-31	South Africa	KwaZulu-Natal	Africa	0	4	5	9	H.1	2020-07
ISL_514358	2020-07-20	South Africa	Gauteng	Africa	0	2	6	9	B.1.1.54	2020-07
ISL_622969	2020-07-28	South Africa	Mpumalanga	Africa	0	5	7	15	C.1	2020-07
ISL_495541	2020-07-02	South Africa	KwaZulu-Natal	Africa	0	2	4	9	B.1.1.29	2020-07
ISL_515774	2020-07-28	South Africa	KwaZulu-Natal	Africa	0	2	5	8	B.1.1.117	2020-07
ISL_495539	2020-07-02	South Africa	KwaZulu-Natal	Africa	0	2	3	7	B.1	2020-07
ISL_515662	2020-07-21	South Africa	KwaZulu-Natal	Africa	0	4	6	14	C.2	2020-07
ISL_535442	2020-07-31	South Africa	KwaZulu-Natal	Africa	0	4	6	10	H.1	2020-07
ISL_766864	2020-07-15	Algeria	NA	Africa	0	3	4	7	B.1.1	2020-07
ISL_509293	2020-07-13	South Africa	KwaZulu-Natal	Africa	0	4	2	9	B.1.381	2020-07
ISL_535481	2020-07-29	South Africa	KwaZulu-Natal	Africa	0	5	7	16	C.1	2020-07
ISL_977267	2020-07-17	Zambia	Lusaka	Africa	0	3	5	14	B.1.1.281	2020-07
ISL_535421	2020-07-30	South Africa	KwaZulu-Natal	Africa	0	2	7	11	B.1.1.54	2020-07
ISL_561048	2020-07-27	Gambia	Kombo	Africa	0	2	5	7	B.1.416	2020-07
ISL_561188	2020-07-27	Gambia	Kombo	Africa	0	3	4	7	B.1.416	2020-07
ISL_729935	2020-07-10	Nigeria	Abuja	Africa	0	2	4	10	B.1.1.243	2020-07
ISL_561265	2020-07-21	Gambia	Kombo	Africa	0	3	5	9	B.1.416	2020-07
ISL_561062	2020-07-27	Gambia	Kombo	Africa	0	4	5	11	B.1.1.293	2020-07
ISL_535473	2020-07-30	South Africa	KwaZulu-Natal	Africa	0	2	5	11	B.1.237	2020-07
ISL_535438	2020-07-30	South Africa	KwaZulu-Natal	Africa	0	2	6	10	B.1.1.54	2020-07
ISL_515781	2020-07-30	South Africa	KwaZulu-Natal	Africa	0	2	6	9	B.1.1.54	2020-07
ISL_1255249	2020-07-23	Ghana	NA	Africa	0	2	4	8	B.1.1.29	2020-07
ISL_509236	2020-07-13	South Africa	KwaZulu-Natal	Africa	0	2	5	7	B.1.1.117	2020-07
ISL_515646	2020-07-19	South Africa	KwaZulu-Natal	Africa	0	2	6	10	B.1.1.54	2020-07
ISL_561310	2020-07-17	Gambia	Kombo	Africa	0	5	5	10	B.1.416	2020-07
ISL_498123	2020-07-08	South Africa	KwaZulu-Natal	Africa	0	1	3	8	B.1	2020-07
ISL_515796	2020-07-29	South Africa	KwaZulu-Natal	Africa	0	3	4	10	B.1.1.40	2020-07
ISL_515771	2020-07-30	South Africa	KwaZulu-Natal	Africa	0	4	6	13	B.1.1.273	2020-07
ISL_622916	2020-07-10	South Africa	North-West	Africa	0	2	5	9	B.1.1.53	2020-07
ISL_738006	2020-08-26	Uganda	NA	Africa	0	1	4	10	A.25	2020-08
ISL_960290	2020-08-17	Rwanda	Kigali	Africa	0	3	3	6	B.1	2020-08
ISL_535548	2020-08-02	South Africa	KwaZulu-Natal	Africa	0	3	5	9	B.1.1.54	2020-08
ISL_1255186	2020-08-12	Ghana	Central Region	Africa	0	5	8	17	B.1	2020-08
ISL_737992	2020-08-15	Uganda	NA	Africa	0	9	8	18	A.23	2020-08
ISL_535501	2020-08-02	South Africa	KwaZulu-Natal	Africa	0	3	6	11	H.1	2020-08
ISL_529745	2020-08-16	South Africa	KwaZulu-Natal	Africa	0	4	5	13	B.1.1.273	2020-08
ISL_535451	2020-08-01	South Africa	KwaZulu-Natal	Africa	0	3	5	9	H.1	2020-08
ISL_960298	2020-08-13	Rwanda	Kigali	Africa	0	3	3	6	B.1	2020-08
ISL_1191807	2020-08-13	Zimbabwe	NA	Africa	0	3	4	11	B.1.1.53	2020-08
ISL_735438	2020-08-30	Rwanda	Kigali	Africa	0	3	2	6	B.1	2020-08
ISL_622958	2020-08-12	South Africa	Eastern Cape	Africa	0	4	3	10	B.1.381	2020-08
ISL_738018	2020-08-17	Uganda	NA	Africa	0	5	7	24	B.1.1.1	2020-08
ISL_602650	2020-08-28	South Africa	KwaZulu-Natal	Africa	0	5	7	13	C.1	2020-08
ISL_960277	2020-08-21	Rwanda	Kigali	Africa	0	3	3	9	B.1	2020-08
ISL_954237	2020-08-15	Uganda	NA	Africa	0	8	8	16	A.23	2020-08
ISL_535540	2020-08-03	South Africa	KwaZulu-Natal	Africa	0	4	6	13	B.1.1.1	2020-08
ISL_738014	2020-08-08	Uganda	NA	Africa	0	1	3	10	B.1	2020-08
ISL_810975	2020-08-04	Gambia	Kombo	Africa	0	3	4	10	B.1.416	2020-08
ISL_960151	2020-08-11	South Africa	Western Cape	Africa	0	5	3	12	B.1.381	2020-08
ISL_737986	2020-08-24	Uganda	NA	Africa	0	8	8	16	A.23	2020-08
ISL_737942	2020-08-24	Uganda	NA	Africa	0	2	2	10	B.1.393	2020-08
ISL_1191808	2020-08-13	Zimbabwe	NA	Africa	0	2	6	9	B.1.1.34	2020-08
ISL_960248	2020-08-28	Rwanda	Kigali	Africa	0	3	2	6	B.1	2020-08
ISL_535506	2020-08-02	South Africa	KwaZulu-Natal	Africa	0	6	7	16	C.1	2020-08
ISL_960268	2020-08-25	Rwanda	Kigali	Africa	0	3	3	6	B.1	2020-08
ISL_812828	2020-08-11	Egypt	NA	Africa	0	0	0	0	B	2020-08
ISL_738015	2020-08-08	Uganda	NA	Africa	0	1	3	10	B.1	2020-08
ISL_960238	2020-08-31	Rwanda	Kigali	Africa	0	3	3	6	B.1	2020-08
ISL_1255118	2020-08-20	Ghana	Eastern Region	Africa	0	2	4	9	B.1.1.307	2020-08
ISL_529737	2020-08-13	South Africa	KwaZulu-Natal	Africa	0	2	6	12	B.1.1.34	2020-08
ISL_529738	2020-08-14	South Africa	KwaZulu-Natal	Africa	0	3	5	9	B.1.1.273	2020-08
ISL_1191815	2020-08-17	Zimbabwe	NA	Africa	0	5	4	15	B.1.381	2020-08
ISL_812812	2020-08-11	Egypt	NA	Africa	0	1	2	4	B	2020-08
ISL_529794	2020-08-24	South Africa	KwaZulu-Natal	Africa	0	5	6	14	H.1	2020-08
ISL_535537	2020-08-02	South Africa	KwaZulu-Natal	Africa	0	2	2	7	B.1	2020-08
ISL_660514	2020-08-15	Burkina Faso	Bobo Dioulasso	Africa	0	2	4	14	A.21	2020-08
ISL_529792	2020-08-24	South Africa	KwaZulu-Natal	Africa	0	3	6	12	H.1	2020-08
ISL_738002	2020-08-15	Uganda	NA	Africa	0	8	8	18	A.23	2020-08
ISL_737988	2020-08-30	Uganda	NA	Africa	0	2	2	9	B.1.393	2020-08
ISL_954238	2020-08-15	Uganda	NA	Africa	0	8	8	17	A.23	2020-08
ISL_535534	2020-08-01	South Africa	KwaZulu-Natal	Africa	0	3	5	8	H.1	2020-08
ISL_614391	2020-08-23	Cote d Ivoire	Beoumi	Africa	0	4	4	10	A.19	2020-08
ISL_811028	2020-08-25	Gambia	Kombo	Africa	0	3	4	7	B.1.416	2020-08
ISL_527004	2020-08-22	Egypt	NA	Africa	0	1	2	5	B.1	2020-08
ISL_529746	2020-08-16	South Africa	KwaZulu-Natal	Africa	0	2	5	7	B.1.1.273	2020-08
ISL_602632	2020-08-24	South Africa	KwaZulu-Natal	Africa	0	2	4	10	B.1.1.159	2020-08
ISL_529788	2020-08-24	South Africa	KwaZulu-Natal	Africa	0	2	5	12	B.1.1.117	2020-08
ISL_811027	2020-08-20	Gambia	Kombo	Africa	0	2	4	6	B.1.416	2020-08
ISL_730042	2020-08-17	Nigeria	Lagos	Africa	0	1	3	6	B.1	2020-08
ISL_960267	2020-08-25	Rwanda	Kigali	Africa	0	3	3	6	B.1	2020-08
ISL_535486	2020-08-01	South Africa	KwaZulu-Natal	Africa	0	2	3	6	B.1	2020-08
ISL_954235	2020-08-15	Uganda	NA	Africa	0	8	8	17	A.23	2020-08
ISL_640029	2020-08-18	South Africa	Western Cape	Africa	0	2	3	7	B.1	2020-08
ISL_811036	2020-08-04	Gambia	Kombo	Africa	0	2	4	7	B.1.416	2020-08
ISL_535541	2020-08-02	South Africa	KwaZulu-Natal	Africa	0	5	7	14	C.1	2020-08
ISL_1040812	2020-08-27	South Africa	Western Cape	Africa	0	2	4	9	B.1.237	2020-08
ISL_960295	2020-08-14	Rwanda	Kigali	Africa	0	3	2	7	B.1	2020-08
ISL_960279	2020-08-21	Rwanda	Kigali	Africa	0	3	3	6	B.1	2020-08
ISL_535400	2020-08-06	South Africa	KwaZulu-Natal	Africa	0	3	4	9	B.1.1.40	2020-08
ISL_960271	2020-08-21	Rwanda	Kigali	Africa	0	3	2	7	B.1	2020-08
ISL_812834	2020-08-03	Egypt	NA	Africa	0	5	10	20	B.1.1.1	2020-08
ISL_729975	2020-08-03	Nigeria	Osun	Africa	0	2	5	11	B.1.1.29	2020-08
ISL_529800	2020-08-25	South Africa	KwaZulu-Natal	Africa	0	3	4	8	B.1.1.29	2020-08
ISL_602666	2020-08-28	South Africa	KwaZulu-Natal	Africa	0	2	5	11	B.1.1.54	2020-08
ISL_977464	2020-08-06	Zambia	Lusaka	Africa	0	3	5	10	B.1.1.281	2020-08
ISL_535395	2020-08-07	South Africa	KwaZulu-Natal	Africa	0	2	5	10	B.1.1.117	2020-08
ISL_535472	2020-08-01	South Africa	KwaZulu-Natal	Africa	0	3	2	7	B.1	2020-08
ISL_812844	2020-08-02	Egypt	NA	Africa	0	0	4	7	B	2020-08
ISL_738024	2020-08-26	Uganda	NA	Africa	0	1	3	8	B.1	2020-08
ISL_602661	2020-08-31	South Africa	KwaZulu-Natal	Africa	0	4	7	16	B.1.1.1	2020-08
ISL_640048	2020-08-25	South Africa	Western Cape	Africa	0	1	5	7	B.1	2020-08
ISL_738023	2020-08-21	Uganda	NA	Africa	0	1	7	11	B.1	2020-08
ISL_700421	2020-08-11	South Africa	Western Cape	Africa	0	2	4	9	B.1.1.53	2020-08
ISL_960288	2020-08-19	Rwanda	Kigali	Africa	0	4	3	10	B.1.143	2020-08
ISL_660182	2020-08-19	South Africa	KwaZulu-Natal	Africa	0	2	4	6	B.1	2020-08
ISL_977355	2020-08-12	Zambia	Lusaka	Africa	0	3	5	16	B.1.1.281	2020-08
ISL_614392	2020-08-28	Cote d Ivoire	Bouake	Africa	0	3	6	14	A.19	2020-08
ISL_529747	2020-08-14	South Africa	KwaZulu-Natal	Africa	0	3	5	8	H.1	2020-08
ISL_529782	2020-08-24	South Africa	KwaZulu-Natal	Africa	0	5	7	13	C.1	2020-08
ISL_660180	2020-08-17	South Africa	KwaZulu-Natal	Africa	0	4	5	9	B.1.1.273	2020-08
ISL_529729	2020-08-16	South Africa	KwaZulu-Natal	Africa	0	5	6	11	B.1.1.273	2020-08
ISL_681841	2020-08-10	Cote d Ivoire	Bouake	Africa	0	2	4	12	B.1	2020-08
ISL_660449	2020-08-14	Burkina Faso	Bobo Dioulasso	Africa	0	4	3	13	A.19	2020-08
ISL_700447	2020-08-12	South Africa	Western Cape	Africa	0	5	9	21	C.1	2020-08
ISL_811016	2020-08-12	Gambia	Kombo	Africa	0	2	4	6	B.1.416	2020-08
ISL_1208967	2020-08-15	Namibia	Khomas	Africa	0	4	11	22	C.16	2020-08
ISL_526985	2020-08-14	Egypt	NA	Africa	0	1	2	5	B.1	2020-08
ISL_535527	2020-08-03	South Africa	KwaZulu-Natal	Africa	0	3	6	11	B.1.1.1	2020-08
ISL_960294	2020-08-14	Rwanda	Kigali	Africa	0	3	4	7	B.1	2020-08
ISL_700594	2020-08-03	South Africa	Western Cape	Africa	0	2	3	7	B.1	2020-08
ISL_602645	2020-08-31	South Africa	KwaZulu-Natal	Africa	0	2	4	6	B.1.1.29	2020-08
ISL_614390	2020-08-21	Cote d Ivoire	Bouake	Africa	0	4	4	13	A.19	2020-08
ISL_737945	2020-08-14	Uganda	NA	Africa	0	1	4	9	A.25	2020-08
ISL_529761	2020-08-12	South Africa	KwaZulu-Natal	Africa	0	2	4	6	B.1.1.29	2020-08
ISL_529736	2020-08-14	South Africa	KwaZulu-Natal	Africa	0	2	4	8	B.1.1.99	2020-08
ISL_602669	2020-08-31	South Africa	KwaZulu-Natal	Africa	0	2	5	7	B.1.1.117	2020-08
ISL_535496	2020-08-01	South Africa	KwaZulu-Natal	Africa	0	3	5	8	H.1	2020-08
ISL_640046	2020-08-29	South Africa	Western Cape	Africa	0	3	4	12	B.1.1.29	2020-08
ISL_529767	2020-08-21	South Africa	KwaZulu-Natal	Africa	0	2	8	13	B.1.1.54	2020-08
ISL_602689	2020-09-07	South Africa	KwaZulu-Natal	Africa	0	3	4	8	B.1.237	2020-09
ISL_602722	2020-09-07	South Africa	KwaZulu-Natal	Africa	0	2	6	13	B.1.1.54	2020-09
ISL_660506	2020-09-24	Burkina Faso	Bobo Dioulasso	Africa	0	2	4	16	A.21	2020-09
ISL_605785	2020-09-18	South Africa	KwaZulu-Natal	Africa	0	2	5	8	B.1.1.29	2020-09
ISL_602833	2020-09-26	South Africa	KwaZulu-Natal	Africa	0	3	7	12	B.1.1.54	2020-09
ISL_660501	2020-09-11	Burkina Faso	Orodara	Africa	0	3	5	14	A.19	2020-09
ISL_700532	2020-09-10	South Africa	Western Cape	Africa	0	4	3	12	B.1.381	2020-09
ISL_602742	2020-09-04	South Africa	KwaZulu-Natal	Africa	0	5	7	18	C.1	2020-09
ISL_602804	2020-09-12	South Africa	KwaZulu-Natal	Africa	0	3	6	10	B.1	2020-09
ISL_602737	2020-09-06	South Africa	KwaZulu-Natal	Africa	0	3	4	13	B.1.1.40	2020-09
ISL_602695	2020-09-04	South Africa	KwaZulu-Natal	Africa	0	3	6	10	H.1	2020-09
ISL_602698	2020-09-04	South Africa	KwaZulu-Natal	Africa	0	3	7	12	B.1.1.54	2020-09
ISL_811035	2020-09-22	Gambia	Kombo	Africa	0	3	5	8	B.1.416	2020-09
ISL_602929	2020-09-28	South Africa	KwaZulu-Natal	Africa	0	2	7	12	B.1.1.54	2020-09
ISL_660464	2020-09-21	Burkina Faso	Bobo Dioulasso	Africa	0	2	3	13	A.21	2020-09
ISL_954249	2020-09-01	Uganda	NA	Africa	0	8	8	16	A.23	2020-09
ISL_634984	2020-09-28	South Africa	KwaZulu-Natal	Africa	0	3	7	13	H.1	2020-09
ISL_682344	2020-09-30	South Africa	Free State	Africa	0	2	3	10	B.1	2020-09
ISL_640109	2020-09-02	South Africa	Western Cape	Africa	0	4	3	11	B.1	2020-09
ISL_660517	2020-09-16	Burkina Faso	Bobo Dioulasso	Africa	0	2	4	13	A.21	2020-09
ISL_602824	2020-09-16	South Africa	KwaZulu-Natal	Africa	0	3	5	13	H.1	2020-09
ISL_602746	2020-09-06	South Africa	KwaZulu-Natal	Africa	0	4	7	12	B.1.1.54	2020-09
ISL_1040804	2020-09-23	South Africa	Western Cape	Africa	0	2	5	8	B.1.1.254	2020-09
ISL_640078	2020-09-22	South Africa	Western Cape	Africa	0	2	5	12	B.1.1.57	2020-09
ISL_640132	2020-09-28	South Africa	Western Cape	Africa	0	3	8	13	B.1.1.75	2020-09
ISL_729980	2020-09-03	Nigeria	Osun	Africa	0	1	5	10	B.1	2020-09
ISL_700559	2020-09-18	South Africa	Western Cape	Africa	0	3	6	15	B.1.1.34	2020-09
ISL_602865	2020-09-20	South Africa	KwaZulu-Natal	Africa	0	3	5	13	B.1.1.57	2020-09
ISL_640118	2020-09-08	South Africa	Western Cape	Africa	0	4	3	8	B.1.381	2020-09
ISL_602815	2020-09-13	South Africa	KwaZulu-Natal	Africa	0	2	4	6	B.1.1.29	2020-09
ISL_640124	2020-09-18	South Africa	Western Cape	Africa	0	1	2	5	B.1	2020-09
ISL_602714	2020-09-04	South Africa	KwaZulu-Natal	Africa	0	3	5	9	B.1.1.254	2020-09
ISL_602922	2020-09-30	South Africa	KwaZulu-Natal	Africa	0	2	4	11	B.1.1.289	2020-09
ISL_602711	2020-09-03	South Africa	KwaZulu-Natal	Africa	0	3	8	11	B.1.1.54	2020-09
ISL_660509	2020-09-16	Burkina Faso	Bobo Dioulasso	Africa	0	3	5	11	A.19	2020-09
ISL_872604	2020-09-05	Nigeria	Abuja	Africa	0	3	4	13	B.1.1.10	2020-09
ISL_602809	2020-09-14	South Africa	KwaZulu-Natal	Africa	0	3	5	9	B.1.1.54	2020-09
ISL_602782	2020-09-11	South Africa	KwaZulu-Natal	Africa	0	5	6	15	B.1.1.273	2020-09
ISL_660518	2020-09-21	Burkina Faso	Bobo Dioulasso	Africa	0	2	4	14	A.21	2020-09
ISL_602707	2020-09-02	South Africa	KwaZulu-Natal	Africa	0	2	5	7	B.1.1.54	2020-09
ISL_855560	2020-09-13	Tunisia	Tunis	Africa	0	8	11	22	B.1.160	2020-09
ISL_1234532	2020-09-07	Gambia	Kombo	Africa	0	2	3	9	B.1.416	2020-09
ISL_602825	2020-09-16	South Africa	KwaZulu-Natal	Africa	0	2	5	7	B.1.1.67	2020-09
ISL_634981	2020-09-28	South Africa	KwaZulu-Natal	Africa	0	6	5	16	B.1.1.273	2020-09
ISL_602834	2020-09-28	South Africa	KwaZulu-Natal	Africa	0	3	5	14	H.1	2020-09
ISL_660525	2020-09-13	Burkina Faso	Bobo Dioulasso	Africa	0	4	5	11	B.1.1.29	2020-09
ISL_602758	2020-09-04	South Africa	KwaZulu-Natal	Africa	0	2	6	15	B.1.1.54	2020-09
ISL_602784	2020-09-11	South Africa	KwaZulu-Natal	Africa	0	5	5	12	B.1.1.273	2020-09
ISL_602752	2020-09-04	South Africa	KwaZulu-Natal	Africa	0	5	5	12	B.1.1.273	2020-09
ISL_660457	2020-09-06	Burkina Faso	Bobo Dioulasso	Africa	0	4	5	11	B.1.1.29	2020-09
ISL_602812	2020-09-14	South Africa	KwaZulu-Natal	Africa	0	3	4	8	B.1.1.29	2020-09
ISL_954247	2020-09-01	Uganda	NA	Africa	0	8	8	16	A.23	2020-09
ISL_660462	2020-09-17	Burkina Faso	Bobo Dioulasso	Africa	0	4	5	11	B.1.1.29	2020-09
ISL_682334	2020-09-28	South Africa	Free State	Africa	0	2	6	12	B.1.1.54	2020-09
ISL_602820	2020-09-14	South Africa	KwaZulu-Natal	Africa	0	2	5	10	B.1.1.117	2020-09
ISL_602665	2020-09-01	South Africa	KwaZulu-Natal	Africa	0	1	3	5	B.1	2020-09
ISL_1191822	2020-09-01	Zimbabwe	NA	Africa	0	4	7	15	B.1.1.29	2020-09
ISL_602912	2020-09-30	South Africa	KwaZulu-Natal	Africa	0	5	5	18	B.1.1.273	2020-09
ISL_640131	2020-09-28	South Africa	Western Cape	Africa	0	7	6	14	B.1.237	2020-09
ISL_602662	2020-09-01	South Africa	KwaZulu-Natal	Africa	0	3	4	8	B.1.1.273	2020-09
ISL_602770	2020-09-10	South Africa	KwaZulu-Natal	Africa	0	3	6	13	B.1.1.54	2020-09
ISL_640128	2020-09-23	South Africa	Western Cape	Africa	0	2	5	8	B.1.1.254	2020-09
ISL_660486	2020-09-11	Burkina Faso	N'Dorola	Africa	0	4	5	13	A.19	2020-09
ISL_602785	2020-09-11	South Africa	KwaZulu-Natal	Africa	0	5	5	12	B.1.1.273	2020-09
ISL_602811	2020-09-14	South Africa	KwaZulu-Natal	Africa	0	2	6	12	B.1.1.54	2020-09
ISL_660463	2020-09-17	Burkina Faso	Hounde	Africa	0	4	5	12	B.1.1.29	2020-09
ISL_1216118	2020-09-05	Gambia	Kombo	Africa	0	3	5	9	B.1.416	2020-09
ISL_602736	2020-09-06	South Africa	KwaZulu-Natal	Africa	0	2	6	15	B.1.237	2020-09
ISL_602754	2020-09-04	South Africa	KwaZulu-Natal	Africa	0	5	5	13	B.1.1.273	2020-09
ISL_887502	2020-09-05	Mozambique	Sofala	Africa	0	5	9	18	C.1	2020-09
ISL_602703	2020-09-02	South Africa	KwaZulu-Natal	Africa	0	1	4	7	B.1	2020-09
ISL_738037	2020-09-01	Uganda	NA	Africa	0	8	8	16	A.23	2020-09
ISL_700453	2020-09-09	South Africa	Western Cape	Africa	0	1	2	6	B.1	2020-09
ISL_602642	2020-09-01	South Africa	KwaZulu-Natal	Africa	0	3	6	13	B.1.1.54	2020-09
ISL_602646	2020-09-01	South Africa	KwaZulu-Natal	Africa	0	2	4	11	B.1.1	2020-09
ISL_602744	2020-09-07	South Africa	KwaZulu-Natal	Africa	0	4	7	12	B.1.1.54	2020-09
ISL_602846	2020-09-24	South Africa	KwaZulu-Natal	Africa	0	2	6	9	B.1.1.206	2020-09
ISL_640107	2020-09-01	South Africa	Western Cape	Africa	0	2	3	9	B.1	2020-09
ISL_602733	2020-09-05	South Africa	KwaZulu-Natal	Africa	0	5	8	14	C.1	2020-09
ISL_602849	2020-09-23	South Africa	KwaZulu-Natal	Africa	0	3	6	9	B.1.1.273	2020-09
ISL_712077	2020-09-29	South Africa	Eastern Cape	Africa	0	2	6	15	B.1.237	2020-09
ISL_602853	2020-09-26	South Africa	KwaZulu-Natal	Africa	0	4	5	11	B.1.1.273	2020-09
ISL_602847	2020-09-24	South Africa	KwaZulu-Natal	Africa	0	2	5	11	B.1.1.29	2020-09
ISL_602779	2020-09-09	South Africa	KwaZulu-Natal	Africa	0	2	7	11	B.1.1.34	2020-09
ISL_682335	2020-09-28	South Africa	Free State	Africa	0	2	5	8	B.1.237	2020-09
ISL_602802	2020-09-11	South Africa	KwaZulu-Natal	Africa	0	6	5	16	B.1.1.273	2020-09
ISL_602690	2020-09-07	South Africa	KwaZulu-Natal	Africa	0	2	4	7	B.1.237	2020-09
ISL_602664	2020-09-01	South Africa	KwaZulu-Natal	Africa	0	2	6	11	B.1.1.34	2020-09
ISL_602683	2020-09-04	South Africa	KwaZulu-Natal	Africa	0	2	5	11	B.1.1.29	2020-09
ISL_602768	2020-09-09	South Africa	KwaZulu-Natal	Africa	0	5	7	17	C.1	2020-09
ISL_602709	2020-09-04	South Africa	KwaZulu-Natal	Africa	0	4	6	12	B.1.1.1	2020-09
ISL_811034	2020-09-22	Gambia	Kombo	Africa	0	2	4	6	B.1.416	2020-09
ISL_602798	2020-09-13	South Africa	KwaZulu-Natal	Africa	0	7	5	13	B.1.1.273	2020-09
ISL_602739	2020-09-04	South Africa	KwaZulu-Natal	Africa	0	5	7	13	C.1	2020-09
ISL_700414	2020-09-04	South Africa	Western Cape	Africa	0	2	4	7	B.1.1.29	2020-09
ISL_660494	2020-09-16	Burkina Faso	Bobo Dioulasso	Africa	0	4	5	12	B.1.1.29	2020-09
ISL_602706	2020-09-01	South Africa	KwaZulu-Natal	Africa	0	2	5	10	B.1.1.54	2020-09
ISL_602918	2020-09-29	South Africa	KwaZulu-Natal	Africa	0	3	5	12	B.1.1.57	2020-09
ISL_660484	2020-09-11	Burkina Faso	N'Dorola	Africa	0	4	5	13	A.19	2020-09
ISL_602748	2020-09-04	South Africa	KwaZulu-Natal	Africa	0	6	7	15	C.1	2020-09
ISL_700560	2020-10-22	South Africa	Western Cape	Africa	0	2	5	11	B.1.1.34	2020-10
ISL_660124	2020-10-07	South Africa	Western Cape	Africa	0	7	9	18	C.1	2020-10
ISL_700478	2020-10-19	South Africa	Western Cape	Africa	0	4	17	21	B.1.351	2020-10
ISL_660471	2020-10-27	Burkina Faso	Bobo Dioulasso	Africa	0	4	5	12	B.1.1.29	2020-10
ISL_602869	2020-10-06	South Africa	KwaZulu-Natal	Africa	0	4	6	15	C.2	2020-10
ISL_700543	2020-10-15	South Africa	Western Cape	Africa	0	2	5	12	B.1.1.34	2020-10
ISL_738038	2020-10-01	Uganda	NA	Africa	0	3	5	19	B.1.1.27	2020-10
ISL_660193	2020-10-26	South Africa	KwaZulu-Natal	Africa	0	4	4	12	B.1.417	2020-10
ISL_960143	2020-10-12	South Africa	Western Cape	Africa	0	8	7	16	B.1.237	2020-10
ISL_635036	2020-10-18	South Africa	KwaZulu-Natal	Africa	0	4	4	12	B.1.417	2020-10
ISL_1040788	2020-10-26	South Africa	Western Cape	Africa	0	7	7	19	B.1.237	2020-10
ISL_711057	2020-10-19	Tunisia	Monastir	Africa	0	1	5	19	B.1.177	2020-10
ISL_1040795	2020-10-12	South Africa	Western Cape	Africa	0	2	6	14	B.1.1.57	2020-10
ISL_1040798	2020-10-11	South Africa	Western Cape	Africa	0	3	6	15	B.1.1.34	2020-10
ISL_635047	2020-10-20	South Africa	KwaZulu-Natal	Africa	0	3	6	14	B.1	2020-10
ISL_684047	2020-10-14	South Africa	Free State	Africa	0	5	3	14	B.1.381	2020-10
ISL_605788	2020-10-07	South Africa	KwaZulu-Natal	Africa	0	3	5	14	B.1.1.57	2020-10
ISL_635016	2020-10-14	South Africa	KwaZulu-Natal	Africa	0	2	5	10	B.1.1.54	2020-10
ISL_700581	2020-10-22	South Africa	Western Cape	Africa	0	4	17	21	B.1.351	2020-10
ISL_632310	2020-10-31	Tunisia	Ben Arous	Africa	0	1	6	15	B.1	2020-10
ISL_660200	2020-10-25	South Africa	KwaZulu-Natal	Africa	0	4	3	10	B.1.381	2020-10
ISL_602891	2020-10-04	South Africa	KwaZulu-Natal	Africa	0	2	8	10	B.1.1.54	2020-10
ISL_602903	2020-10-05	South Africa	KwaZulu-Natal	Africa	0	5	7	16	C.1	2020-10
ISL_1040792	2020-10-26	South Africa	Western Cape	Africa	0	2	5	12	B.1	2020-10
ISL_635026	2020-10-20	South Africa	KwaZulu-Natal	Africa	0	4	4	8	B.1.1.273	2020-10
ISL_700476	2020-10-19	South Africa	Western Cape	Africa	0	6	5	16	B.1.381	2020-10
ISL_660240	2020-10-22	South Africa	KwaZulu-Natal	Africa	0	2	7	11	B.1.1.54	2020-10
ISL_1208956	2020-10-15	Namibia	Hardap	Africa	0	2	6	11	B.1.1.275	2020-10
ISL_640137	2020-10-07	South Africa	Western Cape	Africa	0	8	6	15	B.1.237	2020-10
ISL_660252	2020-10-19	South Africa	KwaZulu-Natal	Africa	0	2	5	10	B.1.1.54	2020-10
ISL_700451	2020-10-20	South Africa	Western Cape	Africa	0	2	16	20	B.1.351	2020-10
ISL_660125	2020-10-07	South Africa	Western Cape	Africa	0	7	9	18	C.1	2020-10
ISL_660237	2020-10-18	South Africa	KwaZulu-Natal	Africa	0	2	7	11	B.1.1.54	2020-10
ISL_1191824	2020-10-01	Zimbabwe	NA	Africa	0	2	5	12	B.1.1.208	2020-10
ISL_602877	2020-10-05	South Africa	KwaZulu-Natal	Africa	0	2	5	8	B.1.1.29	2020-10
ISL_700450	2020-10-22	South Africa	Western Cape	Africa	0	4	16	22	B.1.351	2020-10
ISL_660204	2020-10-24	South Africa	KwaZulu-Natal	Africa	0	7	7	19	C.1	2020-10
ISL_635048	2020-10-20	South Africa	KwaZulu-Natal	Africa	0	2	6	11	B.1.1.54	2020-10
ISL_602884	2020-10-04	South Africa	KwaZulu-Natal	Africa	0	3	5	10	H.1	2020-10
ISL_602881	2020-10-04	South Africa	KwaZulu-Natal	Africa	0	5	7	16	B.1.1.273	2020-10
ISL_1255238	2020-10-30	Ghana	NA	Africa	0	2	4	11	B.1.1.91	2020-10
ISL_912485	2020-10-19	South Africa	Free State	Africa	0	2	6	13	B.1.1.54	2020-10
ISL_682339	2020-10-05	South Africa	Free State	Africa	0	2	5	14	B.1.1.54	2020-10
ISL_660195	2020-10-26	South Africa	KwaZulu-Natal	Africa	0	4	4	12	B.1.417	2020-10
ISL_635040	2020-10-18	South Africa	KwaZulu-Natal	Africa	0	4	4	12	B.1.417	2020-10
ISL_960237	2020-10-21	Rwanda	Kigali	Africa	0	3	3	8	B.1	2020-10
ISL_635029	2020-10-19	South Africa	KwaZulu-Natal	Africa	0	2	7	17	B.1.237	2020-10
ISL_635015	2020-10-14	South Africa	KwaZulu-Natal	Africa	0	4	5	13	B.1.1.273	2020-10
ISL_602906	2020-10-06	South Africa	KwaZulu-Natal	Africa	0	2	8	13	B.1.1.54	2020-10
ISL_678602	2020-10-30	South Africa	KwaZulu-Natal	Africa	0	3	5	13	B.1.1.4	2020-10
ISL_660154	2020-10-12	South Africa	Western Cape	Africa	0	3	3	9	B.1	2020-10
ISL_1040681	2020-10-30	South Africa	Western Cape	Africa	0	4	15	19	B.1	2020-10
ISL_635053	2020-10-17	South Africa	KwaZulu-Natal	Africa	0	2	7	11	B.1.1.54	2020-10
ISL_1208969	2020-10-15	Namibia	Hardap	Africa	0	2	5	17	B.1.1.275	2020-10
ISL_960131	2020-10-21	South Africa	Western Cape	Africa	0	7	9	22	C.1	2020-10
ISL_635051	2020-10-20	South Africa	KwaZulu-Natal	Africa	0	3	5	12	B.1.237	2020-10
ISL_700469	2020-10-20	South Africa	Western Cape	Africa	0	4	17	21	B.1.351	2020-10
ISL_960135	2020-10-19	South Africa	Western Cape	Africa	0	4	3	11	B.1.381	2020-10
ISL_960141	2020-10-12	South Africa	Western Cape	Africa	0	3	5	14	B.1.1.10	2020-10
ISL_602900	2020-10-06	South Africa	KwaZulu-Natal	Africa	0	2	5	9	B.1.237	2020-10
ISL_700468	2020-10-29	South Africa	Western Cape	Africa	0	3	5	15	B.1.1.34	2020-10
ISL_660150	2020-10-09	South Africa	Western Cape	Africa	0	7	9	18	C.1	2020-10
ISL_660157	2020-10-16	South Africa	Western Cape	Africa	0	6	6	14	B.1.237	2020-10
ISL_1255199	2020-10-11	Ghana	Central Region	Africa	0	3	3	18	B.1.258	2020-10
ISL_1040789	2020-10-26	South Africa	Western Cape	Africa	0	2	3	9	B.1	2020-10
ISL_635057	2020-10-19	South Africa	KwaZulu-Natal	Africa	0	3	5	18	B.1.1.57	2020-10
ISL_960145	2020-10-07	South Africa	Western Cape	Africa	0	2	5	12	B.1.1.53	2020-10
ISL_602870	2020-10-05	South Africa	KwaZulu-Natal	Africa	0	3	8	15	B.1.1.54	2020-10
ISL_710540	2020-10-16	Tunisia	Monastir	Africa	0	4	6	12	B.1.1.1	2020-10
ISL_602885	2020-10-07	South Africa	KwaZulu-Natal	Africa	0	2	6	8	B.1.1.54	2020-10
ISL_660190	2020-10-23	South Africa	KwaZulu-Natal	Africa	0	2	15	17	B.1.351	2020-10
ISL_660197	2020-10-26	South Africa	KwaZulu-Natal	Africa	0	3	5	10	H.1	2020-10
ISL_640089	2020-10-09	South Africa	Western Cape	Africa	0	1	4	9	B.1	2020-10
ISL_660152	2020-10-09	South Africa	Western Cape	Africa	0	2	6	13	B.1.1.34	2020-10
ISL_960138	2020-10-16	South Africa	Western Cape	Africa	0	7	7	15	B.1.237	2020-10
ISL_682324	2020-10-15	South Africa	Free State	Africa	0	2	4	8	B.1.1.269	2020-10
ISL_660143	2020-10-09	South Africa	Western Cape	Africa	0	7	9	18	C.1	2020-10
ISL_735448	2020-10-19	Rwanda	Kigali	Africa	1	3	3	9	B.1	2020-10
ISL_660199	2020-10-25	South Africa	KwaZulu-Natal	Africa	0	2	5	11	B.1.237	2020-10
ISL_660489	2020-10-19	Burkina Faso	Bobo Dioulasso	Africa	0	4	5	13	A.19	2020-10
ISL_960136	2020-10-18	South Africa	Western Cape	Africa	0	2	17	21	B.1.351	2020-10
ISL_710534	2020-10-14	Tunisia	Monastir	Africa	0	4	6	12	B.1.1.1	2020-10
ISL_660205	2020-10-26	South Africa	KwaZulu-Natal	Africa	0	5	8	17	C.1	2020-10
ISL_1040784	2020-10-28	South Africa	Western Cape	Africa	0	3	8	13	B.1.1.75	2020-10
ISL_738040	2020-10-01	Uganda	NA	Africa	0	3	5	19	B.1.1.27	2020-10
ISL_960142	2020-10-12	South Africa	Western Cape	Africa	0	2	6	15	B.1.1.57	2020-10
ISL_660207	2020-10-23	South Africa	KwaZulu-Natal	Africa	0	2	5	10	B.1.237	2020-10
ISL_700533	2020-10-27	South Africa	Western Cape	Africa	0	4	3	11	B.1.381	2020-10
ISL_602894	2020-10-05	South Africa	KwaZulu-Natal	Africa	0	2	5	9	B.1.1.54	2020-10
ISL_678601	2020-10-30	South Africa	KwaZulu-Natal	Africa	0	3	5	11	H.1	2020-10
ISL_1116467	2020-10-19	Tunisia	Sfax	Africa	0	3	4	11	B.1.367	2020-10
ISL_960144	2020-10-09	South Africa	Western Cape	Africa	0	2	4	8	B.1.1.53	2020-10
ISL_1040797	2020-10-11	South Africa	Western Cape	Africa	0	7	7	18	B.1.237	2020-10
ISL_635009	2020-10-14	South Africa	KwaZulu-Natal	Africa	0	3	6	13	B.1.1.56	2020-10
ISL_729982	2020-10-05	Nigeria	Osun	Africa	0	3	4	12	B.1.1.29	2020-10
ISL_640140	2020-10-10	South Africa	Western Cape	Africa	0	2	5	8	B.1.1.254	2020-10
ISL_635035	2020-10-20	South Africa	KwaZulu-Natal	Africa	0	2	5	12	B.1.1.54	2020-10
ISL_602871	2020-10-06	South Africa	KwaZulu-Natal	Africa	0	2	5	8	B.1.1.254	2020-10
ISL_682347	2020-10-08	South Africa	Free State	Africa	0	4	3	13	B.1.381	2020-10
ISL_602880	2020-10-03	South Africa	KwaZulu-Natal	Africa	0	5	7	16	C.1	2020-10
ISL_696476	2020-11-18	South Africa	Western Cape	Africa	0	3	16	23	B.1.351	2020-11
ISL_728291	2020-11-15	Morocco	Rabat	Africa	0	2	4	9	B.1.1.29	2020-11
ISL_660633	2020-11-08	South Africa	KwaZulu-Natal	Africa	0	3	6	11	B.1.1.54	2020-11
ISL_696515	2020-11-24	South Africa	Western Cape	Africa	0	3	17	21	B.1.351	2020-11
ISL_736950	2020-11-26	South Africa	KwaZulu-Natal	Africa	0	2	16	21	B.1.351	2020-11
ISL_968911	2020-11-05	Kenya	NA	Africa	0	2	4	15	B.1.1.33	2020-11
ISL_696518	2020-11-24	South Africa	Western Cape	Africa	0	3	15	24	B.1.351	2020-11
ISL_1196004	2020-11-23	Eswatini	Hhohho	Africa	0	3	15	21	B.1.351	2020-11
ISL_700436	2020-11-13	South Africa	Western Cape	Africa	0	2	17	21	B.1.351	2020-11
ISL_1191834	2020-11-15	Zimbabwe	NA	Africa	0	3	16	22	B.1.351	2020-11
ISL_745153	2020-11-28	South Africa	Eastern Cape	Africa	0	2	15	20	B.1.351	2020-11
ISL_872607	2020-11-17	Nigeria	Abuja	Africa	0	3	6	18	B.1.1.250	2020-11
ISL_1040775	2020-11-02	South Africa	Western Cape	Africa	0	2	3	10	B.1	2020-11
ISL_696493	2020-11-24	South Africa	Western Cape	Africa	0	2	16	23	B.1.351	2020-11
ISL_775250	2020-11-15	Morocco	Salé	Africa	0	3	5	19	B.1	2020-11
ISL_696502	2020-11-25	South Africa	Western Cape	Africa	0	4	17	25	B.1.351	2020-11
ISL_696458	2020-11-20	South Africa	Western Cape	Africa	0	4	17	23	B.1.351	2020-11
ISL_825129	2020-11-25	South Africa	KwaZulu-Natal	Africa	0	2	16	21	B.1.351	2020-11
ISL_960111	2020-11-30	South Africa	Western Cape	Africa	0	2	16	20	B.1.351	2020-11
ISL_678554	2020-11-18	South Africa	Eastern Cape	Africa	0	4	13	20	B.1	2020-11
ISL_1255187	2020-11-28	Ghana	Central Region	Africa	0	5	8	18	B.1	2020-11
ISL_736993	2020-11-25	South Africa	KwaZulu-Natal	Africa	0	2	8	16	B.1.1.54	2020-11
ISL_968926	2020-11-17	Kenya	NA	Africa	0	1	4	11	B.1	2020-11
ISL_700488	2020-11-05	South Africa	Western Cape	Africa	0	2	4	10	B.1.1.29	2020-11
ISL_660637	2020-11-03	South Africa	KwaZulu-Natal	Africa	0	2	17	19	B.1.351	2020-11
ISL_678572	2020-11-18	South Africa	Eastern Cape	Africa	0	3	16	23	B.1.351	2020-11
ISL_1255256	2020-11-05	Ghana	NA	Africa	0	5	8	18	B.1	2020-11
ISL_736937	2020-11-19	South Africa	Eastern Cape	Africa	0	4	16	24	B.1.351	2020-11
ISL_696472	2020-11-18	South Africa	Western Cape	Africa	0	3	19	26	B.1.351	2020-11
ISL_678636	2020-11-11	South Africa	Eastern Cape	Africa	0	2	16	20	B.1.351	2020-11
ISL_696469	2020-11-18	South Africa	Western Cape	Africa	0	3	16	23	B.1.351	2020-11
ISL_1196001	2020-11-23	Eswatini	Hhohho	Africa	0	3	16	21	B.1.351	2020-11
ISL_678613	2020-11-17	South Africa	KwaZulu-Natal	Africa	0	2	4	13	B.1.1.4	2020-11
ISL_845561	2020-11-19	Cameroon	Yaounde	Africa	0	2	2	15	B.1	2020-11
ISL_1109485	2020-11-17	Egypt	Cairo	Africa	0	3	6	26	B.1.367	2020-11
ISL_700433	2020-11-05	South Africa	Western Cape	Africa	0	3	15	20	B.1.351	2020-11
ISL_660651	2020-11-02	South Africa	KwaZulu-Natal	Africa	0	3	5	13	B.1.1.4	2020-11
ISL_736959	2020-11-20	South Africa	KwaZulu-Natal	Africa	0	2	17	23	B.1.351	2020-11
ISL_660614	2020-11-13	South Africa	Eastern Cape	Africa	0	3	16	19	B.1.351	2020-11
ISL_912487	2020-11-16	South Africa	Free State	Africa	0	5	7	19	C.1	2020-11
ISL_660229	2020-11-16	South Africa	KwaZulu-Natal	Africa	0	2	5	14	B.1.1.109	2020-11
ISL_660654	2020-11-02	South Africa	KwaZulu-Natal	Africa	0	2	4	8	B.1.1.54	2020-11
ISL_696453	2020-11-20	South Africa	Western Cape	Africa	0	2	14	20	B.1.351	2020-11
ISL_660640	2020-11-04	South Africa	KwaZulu-Natal	Africa	0	2	9	14	B.1.1.54	2020-11
ISL_768839	2020-11-15	Morocco	NA	Africa	0	3	2	13	B.1	2020-11
ISL_845562	2020-11-19	Cameroon	Yaounde	Africa	0	2	3	10	B.1	2020-11
ISL_736994	2020-11-25	South Africa	KwaZulu-Natal	Africa	0	3	5	16	H.1	2020-11
ISL_1040732	2020-11-19	South Africa	Western Cape	Africa	0	2	16	19	B.1.351	2020-11
ISL_660606	2020-11-12	South Africa	Eastern Cape	Africa	0	4	12	16	B.1	2020-11
ISL_660628	2020-11-05	South Africa	KwaZulu-Natal	Africa	0	3	5	11	B.1.1.4	2020-11
ISL_700439	2020-11-02	South Africa	Western Cape	Africa	0	4	16	21	B.1.351	2020-11
ISL_660663	2020-11-03	South Africa	KwaZulu-Natal	Africa	0	2	8	14	B.1.1.54	2020-11
ISL_1040730	2020-11-29	South Africa	Western Cape	Africa	0	3	15	20	B.1	2020-11
ISL_887457	2020-11-24	Mozambique	Maputo	Africa	0	7	10	21	C.1.1	2020-11
ISL_660164	2020-11-05	South Africa	KwaZulu-Natal	Africa	0	4	6	13	H.1	2020-11
ISL_700531	2020-11-06	South Africa	Western Cape	Africa	0	4	17	21	B.1.351	2020-11
ISL_696517	2020-11-24	South Africa	Western Cape	Africa	0	3	16	25	B.1.351	2020-11
ISL_912479	2020-11-16	South Africa	Free State	Africa	0	2	5	9	B.1.237	2020-11
ISL_887458	2020-11-24	Mozambique	Maputo	Africa	0	7	10	19	C.1.1	2020-11
ISL_736987	2020-11-25	South Africa	KwaZulu-Natal	Africa	0	2	8	15	B.1.1.54	2020-11
ISL_736964	2020-11-19	South Africa	Eastern Cape	Africa	0	4	16	24	B.1.351	2020-11
ISL_1255263	2020-11-27	Ghana	NA	Africa	0	2	5	20	B.1.1.8	2020-11
ISL_960115	2020-11-05	South Africa	Western Cape	Africa	0	3	14	20	B.1	2020-11
ISL_1040742	2020-11-04	South Africa	Western Cape	Africa	0	3	15	20	B.1.351	2020-11
ISL_700440	2020-11-06	South Africa	Western Cape	Africa	0	3	17	21	B.1.351	2020-11
ISL_1255258	2020-11-19	Ghana	NA	Africa	0	2	5	13	B.1	2020-11
ISL_696507	2020-11-24	South Africa	Western Cape	Africa	0	4	18	25	B.1.351	2020-11
ISL_678598	2020-11-22	South Africa	KwaZulu-Natal	Africa	0	3	6	11	B.1.1.54	2020-11
ISL_660627	2020-11-07	South Africa	KwaZulu-Natal	Africa	0	2	7	12	B.1.1.54	2020-11
ISL_1407115	2020-11-25	Malawi	Southern Region	Africa	0	4	17	24	B.1.351	2020-11
ISL_696467	2020-11-18	South Africa	Western Cape	Africa	0	2	18	24	B.1.351	2020-11
ISL_696491	2020-11-19	South Africa	Western Cape	Africa	0	4	18	23	B.1.351	2020-11
ISL_712066	2020-11-08	Tunisia	Sfax	Africa	0	8	11	22	B.1.160	2020-11
ISL_660258	2020-11-18	South Africa	KwaZulu-Natal	Africa	0	2	5	14	B.1.1.109	2020-11
ISL_700500	2020-11-02	South Africa	Western Cape	Africa	0	3	17	21	B.1.351	2020-11
ISL_736936	2020-11-19	South Africa	Eastern Cape	Africa	0	4	16	22	B.1.351	2020-11
ISL_940147	2020-11-09	South Africa	Free State	Africa	0	3	4	10	B.1.237	2020-11
ISL_736986	2020-11-25	South Africa	KwaZulu-Natal	Africa	0	2	7	14	B.1.1.54	2020-11
ISL_736951	2020-11-26	South Africa	KwaZulu-Natal	Africa	0	3	16	23	B.1.351	2020-11
ISL_736988	2020-11-25	South Africa	KwaZulu-Natal	Africa	0	4	8	17	B.1.1.54	2020-11
ISL_736992	2020-11-26	South Africa	KwaZulu-Natal	Africa	0	2	8	13	B.1.1.54	2020-11
ISL_960123	2020-11-02	South Africa	Western Cape	Africa	0	2	15	21	B.1.351	2020-11
ISL_700458	2020-11-02	South Africa	Western Cape	Africa	0	4	17	22	B.1.351	2020-11
ISL_968910	2020-11-05	Kenya	NA	Africa	0	1	4	6	B.1	2020-11
ISL_660612	2020-11-11	South Africa	Eastern Cape	Africa	0	3	10	13	B.1	2020-11
ISL_925901	2020-11-03	Rwanda	Kigali	Africa	0	3	3	15	B.1	2020-11
ISL_678638	2020-11-13	South Africa	Eastern Cape	Africa	0	3	16	21	B.1.351	2020-11
ISL_660644	2020-11-02	South Africa	KwaZulu-Natal	Africa	0	3	6	18	B.1.1.54	2020-11
ISL_912494	2020-11-24	South Africa	Free State	Africa	0	5	8	22	C.1	2020-11
ISL_678595	2020-11-18	South Africa	Eastern Cape	Africa	0	4	15	22	B.1	2020-11
ISL_678609	2020-11-14	South Africa	KwaZulu-Natal	Africa	0	2	7	14	B.1.1.54	2020-11
ISL_700427	2020-11-12	South Africa	Western Cape	Africa	0	3	15	21	B.1.351	2020-11
ISL_700529	2020-11-05	South Africa	Western Cape	Africa	0	4	17	21	B.1.351	2020-11
ISL_696497	2020-11-24	South Africa	Western Cape	Africa	0	4	17	24	B.1.351	2020-11
ISL_678632	2020-11-11	South Africa	Eastern Cape	Africa	0	3	15	20	B.1.351	2020-11
ISL_678607	2020-11-16	South Africa	KwaZulu-Natal	Africa	0	3	5	10	B.1.1.54	2020-11
ISL_736944	2020-11-24	South Africa	KwaZulu-Natal	Africa	0	3	17	22	B.1.351	2020-11
ISL_678629	2020-11-13	South Africa	Eastern Cape	Africa	0	2	16	21	B.1.351	2020-11
ISL_887455	2020-11-24	Mozambique	Maputo	Africa	0	8	10	22	C.1.1	2020-11
ISL_960113	2020-11-28	South Africa	Western Cape	Africa	0	2	14	20	B.1	2020-11
ISL_1191880	2020-12-27	Zimbabwe	NA	Africa	0	0	0	0	B	2020-12
ISL_887489	2020-12-27	Mozambique	Maputo	Africa	0	7	9	21	C.1.1	2020-12
ISL_745164	2020-12-05	South Africa	Western Cape	Africa	0	3	16	24	B.1.351	2020-12
ISL_1191926	2020-12-28	Zimbabwe	NA	Africa	0	1	9	13	B.1	2020-12
ISL_1191895	2020-12-28	Zimbabwe	NA	Africa	0	3	16	22	B.1.351	2020-12
ISL_1040759	2020-12-21	South Africa	Western Cape	Africa	0	4	17	23	B.1.351	2020-12
ISL_1250462	2020-12-23	South Africa	KwaZulu-Natal	Africa	0	3	18	26	B.1.351	2020-12
ISL_1250465	2020-12-19	South Africa	KwaZulu-Natal	Africa	0	3	15	20	B.1.351	2020-12
ISL_925862	2020-12-13	Rwanda	Kigali	Africa	0	3	3	12	B.1	2020-12
ISL_1048431	2020-12-31	South Africa	Eastern Cape	Africa	0	3	17	24	B.1.351	2020-12
ISL_745181	2020-12-07	South Africa	Western Cape	Africa	0	3	16	21	B.1.351	2020-12
ISL_887466	2020-12-03	Mozambique	Maputo	Africa	0	6	10	19	C.1.1	2020-12
ISL_775220	2020-12-15	Morocco	Temara	Africa	0	2	6	15	B.1.1.29	2020-12
ISL_745150	2020-12-08	South Africa	Western Cape	Africa	0	2	14	21	B.1.351	2020-12
ISL_887442	2020-12-26	Mozambique	Maputo	Africa	0	4	16	23	B.1.351	2020-12
ISL_768837	2020-12-15	Morocco	Temara	Africa	0	3	5	13	B.1.1.29	2020-12
ISL_1018096	2020-12-27	Ghana	NA	Africa	0	2	4	18	B.1.1.82	2020-12
ISL_1040754	2020-12-21	South Africa	Western Cape	Africa	0	2	17	24	B.1.351	2020-12
ISL_860597	2020-12-20	South Africa	KwaZulu-Natal	Africa	0	2	16	22	B.1.351	2020-12
ISL_1255177	2020-12-03	Ghana	Western Region	Africa	0	5	8	19	B.1	2020-12
ISL_1363142	2020-12-07	South Africa	Gauteng	Africa	0	3	14	19	B.1.351	2020-12
ISL_1035824	2020-12-24	Nigeria	Edo	Africa	0	5	7	21	B.1.1.10	2020-12
ISL_1040699	2020-12-23	South Africa	Western Cape	Africa	0	3	15	19	B.1	2020-12
ISL_860606	2020-12-24	South Africa	KwaZulu-Natal	Africa	0	6	16	25	B.1.351	2020-12
ISL_1250517	2020-12-29	South Africa	KwaZulu-Natal	Africa	0	3	16	22	B.1.351	2020-12
ISL_768838	2020-12-15	Morocco	NA	Africa	0	3	7	16	B.1.367	2020-12
ISL_977352	2020-12-01	Zambia	Livingstone	Africa	0	2	18	27	B.1.351	2020-12
ISL_1239247	2020-12-31	South Africa	Northern Cape	Africa	0	2	15	22	B.1.351	2020-12
ISL_1040667	2020-12-02	South Africa	Western Cape	Africa	0	2	6	14	B.1.1.29	2020-12
ISL_857327	2020-12-25	Egypt	NA	Africa	0	1	2	6	B.1	2020-12
ISL_1250490	2020-12-22	South Africa	KwaZulu-Natal	Africa	0	4	18	24	B.1.351	2020-12
ISL_977353	2020-12-01	Zambia	Livingstone	Africa	0	2	18	28	B.1.351	2020-12
ISL_925878	2020-12-17	Rwanda	Kigali	Africa	0	3	3	10	B.1	2020-12
ISL_1132715	2020-12-18	South Africa	Gauteng	Africa	0	5	16	24	B.1.351	2020-12
ISL_925897	2020-12-17	Rwanda	Kigali	Africa	0	8	10	19	A.23.1	2020-12
ISL_1191850	2020-12-21	Zimbabwe	NA	Africa	0	2	16	23	B.1.351	2020-12
ISL_1132703	2020-12-07	South Africa	Gauteng	Africa	0	3	17	22	B.1.351	2020-12
ISL_728359	2020-12-15	Morocco	Rabat	Africa	0	3	6	15	B.1.367	2020-12
ISL_857333	2020-12-25	Egypt	NA	Africa	0	6	9	20	B.1.1.1	2020-12
ISL_857342	2020-12-25	Egypt	NA	Africa	0	3	5	21	B.1.1.67	2020-12
ISL_887445	2020-12-14	Mozambique	Maputo	Africa	0	3	17	22	B.1.351	2020-12
ISL_1191861	2020-12-24	Zimbabwe	NA	Africa	0	1	13	20	B.1	2020-12
ISL_1093436	2020-12-28	Nigeria	Edo	Africa	0	8	22	34	B.1.1.7	2020-12
ISL_857345	2020-12-25	Egypt	NA	Africa	0	4	9	18	B.1.1.1	2020-12
ISL_745170	2020-12-07	South Africa	Western Cape	Africa	0	2	14	18	B.1.351	2020-12
ISL_1040708	2020-12-21	South Africa	Western Cape	Africa	0	3	15	19	B.1	2020-12
ISL_940879	2020-12-11	South Africa	Gauteng	Africa	0	4	17	26	B.1.351	2020-12
ISL_1250474	2020-12-21	South Africa	KwaZulu-Natal	Africa	0	2	16	21	B.1.351	2020-12
ISL_745122	2020-12-06	South Africa	Western Cape	Africa	0	2	11	14	B.1	2020-12
ISL_1191909	2020-12-28	Zimbabwe	NA	Africa	0	2	5	12	B.1.1.296	2020-12
ISL_977342	2020-12-21	Zambia	Lusaka	Africa	0	2	18	27	B.1.351	2020-12
ISL_912490	2020-12-17	South Africa	Free State	Africa	0	3	15	22	B.1.351	2020-12
ISL_887494	2020-12-24	Mozambique	Maputo	Africa	0	4	5	23	B.1.36	2020-12
ISL_1132714	2020-12-17	South Africa	Gauteng	Africa	0	3	15	20	B.1.351	2020-12
ISL_1191929	2020-12-29	Zimbabwe	NA	Africa	0	2	14	21	B.1	2020-12
ISL_778870	2020-12-15	Morocco	NA	Africa	0	2	5	13	B.1.1.183	2020-12
ISL_1239299	2020-12-29	South Africa	Gauteng	Africa	0	3	16	23	B.1.351	2020-12
ISL_954261	2020-12-27	Uganda	NA	Africa	0	8	10	22	A.23.1	2020-12
ISL_728353	2020-12-15	Morocco	Harhoura	Africa	0	2	2	18	B.1.258.21	2020-12
ISL_857347	2020-12-25	Egypt	NA	Africa	0	4	10	26	B.1.1.1	2020-12
ISL_954258	2020-12-27	Uganda	NA	Africa	0	9	11	23	A.23.1	2020-12
ISL_768831	2020-12-15	Morocco	Salé	Africa	0	3	6	14	B.1.367	2020-12
ISL_857346	2020-12-25	Egypt	NA	Africa	0	2	4	18	B.1.1.29	2020-12
ISL_1132725	2020-12-29	South Africa	Gauteng	Africa	0	3	16	25	B.1.351	2020-12
ISL_745156	2020-12-02	South Africa	Western Cape	Africa	0	3	16	24	B.1.351	2020-12
ISL_736980	2020-12-09	South Africa	Eastern Cape	Africa	0	3	17	24	B.1.351	2020-12
ISL_1300662	2020-12-21	Rwanda	Kigali	Africa	0	8	11	19	A.23.1	2020-12
ISL_1250538	2020-12-29	South Africa	KwaZulu-Natal	Africa	0	3	8	17	B.1.1.54	2020-12
ISL_768832	2020-12-15	Morocco	Temara	Africa	0	3	2	17	B.1	2020-12
ISL_887439	2020-12-26	Mozambique	Maputo	Africa	0	3	15	23	B.1.351	2020-12
ISL_1250504	2020-12-18	South Africa	KwaZulu-Natal	Africa	0	2	16	20	B.1.351	2020-12
ISL_912368	2020-12-19	Congo	Brazzaville	Africa	0	2	4	10	B.1	2020-12
ISL_977338	2020-12-18	Zambia	Lusaka	Africa	0	2	18	25	B.1.351	2020-12
ISL_745179	2020-12-07	South Africa	Western Cape	Africa	0	2	14	21	B.1.351	2020-12
ISL_736930	2020-12-06	South Africa	KwaZulu-Natal	Africa	0	2	14	23	B.1.351	2020-12
ISL_887477	2020-12-04	Mozambique	Maputo	Africa	0	7	9	19	C.1.1	2020-12
ISL_1250542	2020-12-29	South Africa	KwaZulu-Natal	Africa	0	5	16	25	B.1.351	2020-12
ISL_860618	2020-12-26	South Africa	KwaZulu-Natal	Africa	0	2	16	22	B.1.351	2020-12
ISL_925893	2020-12-16	Rwanda	Kigali	Africa	0	2	4	15	B.1.2	2020-12
ISL_1040694	2020-12-27	South Africa	Western Cape	Africa	0	4	16	22	B.1.351	2020-12
ISL_1132707	2020-12-10	South Africa	Gauteng	Africa	0	4	15	23	B.1.351	2020-12
ISL_745118	2020-12-04	South Africa	Western Cape	Africa	0	3	15	19	B.1.351	2020-12
ISL_1250486	2020-12-21	South Africa	KwaZulu-Natal	Africa	0	5	16	23	B.1.351	2020-12
ISL_1191866	2020-12-24	Zimbabwe	NA	Africa	0	4	6	20	C.2	2020-12
ISL_887478	2020-12-06	Mozambique	Maputo	Africa	0	7	10	20	C.1.1	2020-12
ISL_941925	2020-12-23	Nigeria	Lagos	Africa	0	3	7	18	B.1.1.130	2020-12
ISL_857320	2020-12-25	Egypt	NA	Africa	0	5	11	21	B.1.1.1	2020-12
ISL_1250480	2020-12-21	South Africa	KwaZulu-Natal	Africa	0	3	15	23	B.1.351	2020-12
ISL_954296	2020-12-31	Uganda	NA	Africa	0	8	11	22	A.23.1	2020-12
ISL_1239248	2020-12-30	South Africa	Northern Cape	Africa	0	4	15	23	B.1.351	2020-12
ISL_1191919	2020-12-29	Zimbabwe	NA	Africa	0	2	15	19	B.1.351	2020-12
ISL_960095	2020-12-04	South Africa	Western Cape	Africa	0	3	16	23	B.1.351	2020-12
ISL_887468	2020-12-04	Mozambique	Maputo	Africa	0	8	11	25	C.1.1	2020-12
ISL_1093435	2020-12-30	Nigeria	Edo	Africa	0	8	23	35	B.1.1.7	2020-12
ISL_1040693	2020-12-28	South Africa	Western Cape	Africa	0	2	15	21	B.1	2020-12
ISL_1324131	2020-12-09	South Africa	Western Cape	Africa	0	2	16	23	B.1.351	2020-12
ISL_745151	2020-12-01	South Africa	Eastern Cape	Africa	0	4	15	22	B.1.351	2020-12
ISL_1324129	2020-12-15	South Africa	KwaZulu-Natal	Africa	0	4	16	26	B.1.351	2020-12
ISL_941282	2020-12-18	Nigeria	Lagos	Africa	0	4	8	21	R.1	2020-12
ISL_1040698	2020-12-24	South Africa	Western Cape	Africa	0	2	16	23	B.1.351	2020-12
ISL_1336531	2021-01-12	Reunion	Saint-Denis	Africa	0	8	12	26	B.1.160	2021-01
ISL_944159	2021-01-04	South Africa	Eastern Cape	Africa	0	5	15	26	B.1.351	2021-01
ISL_1239262	2021-01-04	South Africa	Northern Cape	Africa	0	3	15	23	B.1.351	2021-01
ISL_1196007	2021-01-13	Eswatini	Mbabane	Africa	0	3	17	23	B.1.351	2021-01
ISL_977558	2021-01-11	Nigeria	Oyo	Africa	0	8	24	38	B.1.1.7	2021-01
ISL_1381746	2021-01-03	Nigeria	Abuja	Africa	0	5	7	19	B.1.1.10	2021-01
ISL_1086025	2021-01-12	South Africa	Eastern Cape	Africa	0	4	16	23	B.1.351	2021-01
ISL_1367677	2021-01-22	Cote d'Ivoire	Bouake	Africa	0	2	8	25	B.1.291	2021-01
ISL_985109	2021-01-14	Nigeria	Oyo	Africa	1	10	12	31	B.1.525	2021-01
ISL_1048463	2021-01-11	South Africa	KwaZulu-Natal	Africa	1	5	16	25	B.1.351	2021-01
ISL_1086000	2021-01-11	South Africa	Eastern Cape	Africa	0	4	16	25	B.1.351	2021-01
ISL_1085997	2021-01-11	South Africa	Eastern Cape	Africa	0	3	18	29	B.1.351	2021-01
ISL_977557	2021-01-11	Nigeria	Oyo	Africa	0	8	24	38	B.1.1.7	2021-01
ISL_1347904	2021-01-23	Angola	NA	Africa	0	8	11	20	B.1.160	2021-01
ISL_1235642	2021-01-08	Nigeria	Ebonyi	Africa	1	10	12	31	B.1.525	2021-01
ISL_1197041	2021-01-25	Nigeria	Abuja	Africa	1	9	12	32	B.1.525	2021-01
ISL_1191981	2021-01-04	Zimbabwe	NA	Africa	0	2	17	27	B.1.351	2021-01
ISL_1086027	2021-01-12	South Africa	Eastern Cape	Africa	0	3	17	23	B.1.351	2021-01
ISL_944719	2021-01-02	Ghana	NA	Africa	0	8	24	32	B.1.1.7	2021-01
ISL_1132818	2021-01-14	Mozambique	Maputo	Africa	0	3	17	24	B.1.351	2021-01
ISL_1242022	2021-01-13	Nigeria	Benue	Africa	1	10	12	28	B.1.525	2021-01
ISL_890220	2021-01-09	Egypt	NA	Africa	0	4	4	16	B.1	2021-01
ISL_1235664	2021-01-28	Nigeria	Osun	Africa	1	10	12	34	B.1.525	2021-01
ISL_890229	2021-01-09	Egypt	NA	Africa	0	5	9	25	B.1.1.1	2021-01
ISL_1336584	2021-01-09	Reunion	Saint-Denis	Africa	0	8	11	24	B.1.160	2021-01
ISL_1190751	2021-01-27	Cameroon	Yaounde	Africa	0	6	7	25	B.1.1.10	2021-01
ISL_1167162	2021-01-27	Senegal	Dakar	Africa	0	1	6	18	B.1.1.269	2021-01
ISL_1255225	2021-01-07	Ghana	Central Region	Africa	0	7	20	37	B.1.1.7	2021-01
ISL_1366854	2021-01-28	South Africa	Eastern Cape	Africa	0	3	16	24	B.1.351	2021-01
ISL_1255133	2021-01-15	Ghana	NA	Africa	0	9	24	38	B.1.1.7	2021-01
ISL_1086028	2021-01-12	South Africa	Eastern Cape	Africa	0	3	17	24	B.1.351	2021-01
ISL_944710	2021-01-05	Ghana	NA	Africa	0	8	22	31	B.1.1.7	2021-01
ISL_1085972	2021-01-10	South Africa	Eastern Cape	Africa	0	2	16	24	B.1.351	2021-01
ISL_1242025	2021-01-06	Nigeria	Nasarawa	Africa	0	5	7	22	B.1.1.10	2021-01
ISL_1265494	2021-01-28	Martinique	Fort-de-France	Africa	0	6	14	22	B.1.1.222	2021-01
ISL_1085982	2021-01-11	South Africa	Eastern Cape	Africa	0	2	17	23	B.1.351	2021-01
ISL_1250407	2021-01-11	South Africa	Eastern Cape	Africa	0	2	15	21	B.1.351	2021-01
ISL_1347878	2021-01-15	Angola	NA	Africa	0	8	20	36	B.1.1.7	2021-01
ISL_1301788	2021-01-04	Rwanda	Kigali	Africa	0	8	10	20	A.23.1	2021-01
ISL_1167177	2021-01-05	Senegal	Dakar	Africa	0	0	0	0	B	2021-01
ISL_1255204	2021-01-13	Ghana	Central Region	Africa	0	8	22	35	B.1.1.7	2021-01
ISL_1190785	2021-01-07	Reunion	Saint-Denis	Africa	0	4	16	25	B.1.351	2021-01
ISL_1093440	2021-01-03	Nigeria	Edo	Africa	0	8	23	35	B.1.1.7	2021-01
ISL_1086013	2021-01-11	South Africa	Eastern Cape	Africa	0	3	17	26	B.1.351	2021-01
ISL_1407128	2021-01-21	Malawi	Southern Region	Africa	0	2	15	22	B.1.351	2021-01
ISL_1167140	2021-01-14	Senegal	Dakar	Africa	0	2	5	15	B.1.1.29	2021-01
ISL_1407104	2021-01-21	Malawi	Southern Region	Africa	0	3	15	22	B.1.351	2021-01
ISL_1302678	2021-01-22	Rwanda	Kigali	Africa	0	8	10	22	A.23.1	2021-01
ISL_860570	2021-01-02	South Africa	KwaZulu-Natal	Africa	0	5	17	24	B.1.351	2021-01
ISL_1255121	2021-01-07	Ghana	NA	Africa	0	9	23	36	B.1.1.7	2021-01
ISL_1250385	2021-01-12	South Africa	Eastern Cape	Africa	0	3	15	27	B.1.351	2021-01
ISL_1301787	2021-01-04	Rwanda	Kigali	Africa	0	8	10	23	A.23.1	2021-01
ISL_1255185	2021-01-15	Ghana	NA	Africa	0	9	23	39	B.1.1.7	2021-01
ISL_1407208	2021-01-18	Malawi	Central Region	Africa	0	4	17	24	B.1.351	2021-01
ISL_1407188	2021-01-24	Malawi	Southern Region	Africa	0	4	17	23	B.1.351	2021-01
ISL_1407120	2021-01-22	Malawi	Southern Region	Africa	0	3	15	22	B.1.351	2021-01
ISL_1255161	2021-01-07	Ghana	Central Region	Africa	0	8	23	36	B.1.1.7	2021-01
ISL_1192071	2021-01-24	Zimbabwe	NA	Africa	0	3	17	24	B.1.351	2021-01
ISL_862811	2021-01-03	Egypt	NA	Africa	0	3	4	13	B.1	2021-01
ISL_890204	2021-01-09	Egypt	NA	Africa	0	3	7	10	B.1.1.1	2021-01
ISL_985087	2021-01-08	Nigeria	Oyo	Africa	0	8	23	35	B.1.1.7	2021-01
ISL_1173225	2021-01-20	Nigeria	Ebonyi	Africa	0	2	7	27	B.1.1.318	2021-01
ISL_1407162	2021-01-12	Malawi	Central Region	Africa	0	3	15	21	B.1.351	2021-01
ISL_1407108	2021-01-21	Malawi	Southern Region	Africa	0	4	16	25	B.1.351	2021-01
ISL_1191970	2021-01-07	Zimbabwe	NA	Africa	0	3	14	22	B.1	2021-01
ISL_1048558	2021-01-29	South Africa	KwaZulu-Natal	Africa	0	3	17	25	B.1.351	2021-01
ISL_1040660	2021-01-05	South Africa	Western Cape	Africa	0	2	15	22	B.1.351	2021-01
ISL_940856	2021-01-06	South Africa	Gauteng	Africa	0	3	18	24	B.1.351	2021-01
ISL_940852	2021-01-07	South Africa	Gauteng	Africa	0	3	16	23	B.1.351	2021-01
ISL_954297	2021-01-01	Uganda	NA	Africa	0	10	12	28	A.23.1	2021-01
ISL_1407102	2021-01-21	Malawi	Southern Region	Africa	0	4	17	24	B.1.351	2021-01
ISL_860554	2021-01-05	South Africa	KwaZulu-Natal	Africa	0	3	17	23	B.1.351	2021-01
ISL_944676	2021-01-13	Ghana	NA	Africa	0	9	23	32	B.1.1.7	2021-01
ISL_1192024	2021-01-08	Zimbabwe	NA	Africa	0	3	17	26	B.1.351	2021-01
ISL_1048478	2021-01-12	South Africa	KwaZulu-Natal	Africa	0	5	16	24	B.1.351	2021-01
ISL_1250371	2021-01-13	South Africa	Eastern Cape	Africa	0	2	16	21	B.1.351	2021-01
ISL_1366852	2021-01-28	South Africa	Eastern Cape	Africa	0	3	15	23	B.1.351	2021-01
ISL_964945	2021-01-15	Mozambique	Inhambane	Africa	0	6	9	23	C.1.1	2021-01
ISL_1301792	2021-01-25	Rwanda	Kigali	Africa	0	9	10	23	A.23.1	2021-01
ISL_1366787	2021-01-06	South Africa	Eastern Cape	Africa	0	3	17	23	B.1.351	2021-01
ISL_1255216	2021-01-11	Ghana	Central Region	Africa	0	9	23	36	B.1.1.7	2021-01
ISL_1192018	2021-01-07	Zimbabwe	NA	Africa	0	2	15	22	B.1.351	2021-01
ISL_1407240	2021-01-14	Malawi	Northern Region	Africa	0	3	15	23	B.1.351	2021-01
ISL_944172	2021-01-05	South Africa	Eastern Cape	Africa	0	3	15	24	B.1.351	2021-01
ISL_1255126	2021-01-15	Ghana	NA	Africa	0	8	23	35	B.1.1.7	2021-01
ISL_1407112	2021-01-24	Malawi	Southern Region	Africa	0	2	16	24	B.1.351	2021-01
ISL_1192033	2021-01-07	Zimbabwe	NA	Africa	0	3	17	25	B.1.351	2021-01
ISL_862807	2021-01-03	Egypt	NA	Africa	0	3	4	13	B.1.1.29	2021-01
ISL_944136	2021-01-05	South Africa	Eastern Cape	Africa	0	3	16	22	B.1.351	2021-01
ISL_1265609	2021-01-29	Martinique	Fort-de-France	Africa	0	6	14	21	B.1.1.222	2021-01
ISL_1191988	2021-01-07	Zimbabwe	NA	Africa	0	5	16	25	B.1.351	2021-01
ISL_1167183	2021-01-17	Senegal	Dakar	Africa	0	0	0	0	B	2021-01
ISL_1192048	2021-01-12	Zimbabwe	NA	Africa	0	3	17	24	B.1.351	2021-01
ISL_1192021	2021-01-07	Zimbabwe	NA	Africa	0	3	17	25	B.1.351	2021-01
ISL_1347881	2021-01-14	Angola	NA	Africa	0	5	11	20	C.16	2021-01
ISL_985122	2021-01-07	Nigeria	Oyo	Africa	1	10	13	31	B.1.525	2021-01
ISL_944689	2021-01-06	Ghana	NA	Africa	0	9	23	33	B.1.1.7	2021-01
ISL_944647	2021-01-06	Ghana	NA	Africa	0	1	6	15	B.1.177	2021-01
ISL_1192053	2021-01-18	Zimbabwe	NA	Africa	0	2	16	23	B.1.351	2021-01
ISL_1239328	2021-01-04	South Africa	Gauteng	Africa	0	4	15	24	B.1.351	2021-01
ISL_1347930	2021-02-08	Angola	NA	Africa	0	7	11	21	C.16	2021-02
ISL_1216077	2021-02-06	Gambia	Kombo	Africa	0	4	5	10	B.1.416	2021-02
ISL_1367694	2021-02-22	Cote d'Ivoire	Bouake	Africa	0	4	4	22	A.19	2021-02
ISL_1372004	2021-02-18	South Africa	KwaZulu-Natal	Africa	0	4	17	25	B.1.351	2021-02
ISL_1265500	2021-02-02	Martinique	Fort-de-France	Africa	0	6	14	20	B.1.1.222	2021-02
ISL_1242009	2021-02-11	Nigeria	Osun	Africa	1	10	13	32	B.1.525	2021-02
ISL_1265850	2021-02-23	Reunion	Saint-Benoit	Africa	0	8	11	31	B.1.160	2021-02
ISL_1167171	2021-02-02	Senegal	Dakar	Africa	0	2	3	11	B.1.416	2021-02
ISL_1347938	2021-02-09	Angola	NA	Africa	0	5	11	22	C.16	2021-02
ISL_1347932	2021-02-08	Angola	NA	Africa	0	1	5	16	B.1.177	2021-02
ISL_1360028	2021-02-01	Martinique	Fort-de-France	Africa	0	6	14	22	B.1.1.222	2021-02
ISL_1197037	2021-02-20	Tunisia	Tunis	Africa	0	7	16	30	B.1.1.7	2021-02
ISL_1347928	2021-02-08	Angola	NA	Africa	0	2	17	23	B.1.351	2021-02
ISL_1190760	2021-02-04	Cameroon	Yaounde	Africa	0	3	8	27	B.1.480	2021-02
ISL_1265757	2021-02-23	Reunion	Saint-Benoit	Africa	0	4	16	24	B.1.351	2021-02
ISL_1209013	2021-02-15	Namibia	Khomas	Africa	0	4	17	24	B.1.351	2021-02
ISL_1366792	2021-02-02	South Africa	Eastern Cape	Africa	0	3	7	20	B.1.1.75	2021-02
ISL_1347923	2021-02-03	Angola	NA	Africa	0	7	11	28	C.16	2021-02
ISL_1347925	2021-02-03	Angola	NA	Africa	0	5	11	22	C.16	2021-02
ISL_1219962	2021-02-22	Monaco	NA	Africa	0	8	11	25	B.1.160	2021-02
ISL_1265837	2021-02-23	Reunion	Saint-Benoit	Africa	0	4	16	25	B.1.351	2021-02
ISL_1371925	2021-02-15	South Africa	KwaZulu-Natal	Africa	0	3	17	24	B.1.351	2021-02
ISL_1366861	2021-02-05	South Africa	Eastern Cape	Africa	0	3	15	21	B.1.351	2021-02
ISL_1372006	2021-02-17	South Africa	KwaZulu-Natal	Africa	0	3	16	25	B.1.351	2021-02
ISL_1367691	2021-02-22	Cote d'Ivoire	Bouake	Africa	1	8	12	29	B.1	2021-02
ISL_1242016	2021-02-16	Nigeria	Osun	Africa	1	10	12	33	B.1.525	2021-02
ISL_1219963	2021-02-22	Monaco	NA	Africa	0	8	11	26	B.1.160	2021-02
ISL_1347924	2021-02-03	Angola	NA	Africa	0	5	11	22	C.16	2021-02
ISL_1301794	2021-02-13	Rwanda	Kigali	Africa	0	8	10	22	A.23.1	2021-02
ISL_1371913	2021-02-17	South Africa	KwaZulu-Natal	Africa	0	5	17	24	B.1.351	2021-02
ISL_1371912	2021-02-14	South Africa	KwaZulu-Natal	Africa	0	3	17	25	B.1.351	2021-02
ISL_1167170	2021-02-03	Senegal	Dakar	Africa	0	0	0	0	B	2021-02
ISL_1360026	2021-02-01	Martinique	Fort-de-France	Africa	0	6	14	25	B.1.1.222	2021-02
ISL_1366864	2021-02-05	South Africa	Eastern Cape	Africa	0	3	15	21	B.1.351	2021-02
ISL_1365025	2021-02-12	Cote d'Ivoire	Bouake	Africa	0	8	23	37	B.1.1.7	2021-02
ISL_1366870	2021-02-05	South Africa	Eastern Cape	Africa	0	3	16	25	B.1.351	2021-02
ISL_1048562	2021-02-01	South Africa	KwaZulu-Natal	Africa	0	2	16	21	B.1.351	2021-02
ISL_1201507	2021-02-22	Monaco	NA	Africa	0	2	4	24	B.1.1.317	2021-02
ISL_1265849	2021-02-23	Reunion	Saint-Benoit	Africa	0	3	4	17	B.1	2021-02
ISL_1371914	2021-02-14	South Africa	KwaZulu-Natal	Africa	0	3	17	25	B.1.351	2021-02
ISL_1265838	2021-02-23	Reunion	Saint-Benoit	Africa	0	4	16	24	B.1.351	2021-02
ISL_1190757	2021-02-03	Cameroon	Yaounde	Africa	1	10	12	31	B.1.525	2021-02
ISL_1167126	2021-02-04	Senegal	Dakar	Africa	0	2	8	23	B.1	2021-02
ISL_1255264	2021-02-08	Ghana	NA	Africa	0	9	24	39	B.1.1.7	2021-02
ISL_1255267	2021-02-09	Ghana	NA	Africa	0	10	23	41	B.1.1.7	2021-02
ISL_1366878	2021-02-05	South Africa	Eastern Cape	Africa	0	3	14	19	B.1.351	2021-02
ISL_1190755	2021-02-03	Cameroon	Yaounde	Africa	0	7	8	26	B.1.1.1	2021-02
ISL_1366840	2021-02-05	South Africa	Eastern Cape	Africa	0	3	15	21	B.1.351	2021-02
ISL_1365022	2021-02-09	Cote d'Ivoire	Bouake	Africa	0	2	5	15	B.1	2021-02
ISL_1365030	2021-02-11	Cote d'Ivoire	Bouake	Africa	0	4	4	23	B	2021-02
ISL_1347945	2021-02-17	Angola	NA	Africa	0	5	10	22	C.16	2021-02
ISL_1371995	2021-02-05	South Africa	KwaZulu-Natal	Africa	0	4	16	25	B.1.351	2021-02
ISL_1265486	2021-02-04	Martinique	Fort-de-France	Africa	0	6	14	20	B.1.1.222	2021-02
ISL_1366887	2021-02-06	South Africa	Eastern Cape	Africa	0	4	17	25	B.1.351	2021-02
ISL_1366793	2021-02-04	South Africa	Eastern Cape	Africa	0	4	17	25	B.1.351	2021-02
ISL_1360027	2021-02-01	Martinique	Fort-de-France	Africa	0	6	14	21	B.1.1.222	2021-02
ISL_1255269	2021-02-10	Ghana	NA	Africa	0	8	24	38	B.1.1.7	2021-02
ISL_1365033	2021-02-15	Cote d'Ivoire	Bouake	Africa	1	10	12	33	B.1.525	2021-02
ISL_1366783	2021-02-25	South Africa	Eastern Cape	Africa	0	2	18	25	B.1.351	2021-02
ISL_1234533	2021-02-19	Gambia	Kombo	Africa	0	4	4	9	B.1.416	2021-02
ISL_1371915	2021-02-08	South Africa	KwaZulu-Natal	Africa	0	5	16	23	B.1.351	2021-02
ISL_1265841	2021-02-16	Reunion	Saint-Denis	Africa	0	4	16	25	B.1.351	2021-02
ISL_1347922	2021-02-03	Angola	NA	Africa	0	2	5	22	B.1.2	2021-02
ISL_1135056	2021-02-04	Monaco	NA	Africa	0	7	20	34	B.1.1.7	2021-02
ISL_1371924	2021-02-21	South Africa	KwaZulu-Natal	Africa	0	3	15	23	B.1.351	2021-02
ISL_1371916	2021-02-08	South Africa	KwaZulu-Natal	Africa	0	3	16	22	B.1.351	2021-02
ISL_1347943	2021-02-17	Angola	NA	Africa	0	6	12	27	C.16	2021-02
ISL_1366778	2021-02-02	South Africa	Eastern Cape	Africa	0	3	18	27	B.1.351	2021-02
ISL_1347948	2021-02-17	Angola	NA	Africa	0	8	11	23	B.1.160	2021-02
ISL_1371926	2021-02-09	South Africa	KwaZulu-Natal	Africa	0	2	16	24	B.1.351	2021-02
ISL_1167182	2021-02-03	Senegal	Dakar	Africa	0	1	0	1	B	2021-02
ISL_1265820	2021-02-23	Reunion	Saint-Benoit	Africa	0	8	11	22	B.1.160	2021-02
ISL_1167128	2021-02-05	Senegal	Dakar	Africa	0	2	6	22	B.1.1.29	2021-02
ISL_1197064	2021-02-05	Nigeria	Abuja	Africa	1	8	12	29	B.1.525	2021-02
ISL_1347931	2021-02-08	Angola	NA	Africa	0	7	10	20	C.16	2021-02
ISL_1372003	2021-02-24	South Africa	KwaZulu-Natal	Africa	0	2	15	23	B.1.351	2021-02
ISL_1366848	2021-02-01	South Africa	Eastern Cape	Africa	0	2	15	21	B.1.351	2021-02
ISL_1301759	2021-02-05	Rwanda	Kigali	Africa	0	3	17	22	B.1.351	2021-02
ISL_1371999	2021-02-09	South Africa	KwaZulu-Natal	Africa	0	2	15	20	B.1.351	2021-02
ISL_1255274	2021-02-04	Ghana	NA	Africa	0	5	8	21	B.1.360	2021-02
ISL_1371928	2021-02-21	South Africa	KwaZulu-Natal	Africa	0	4	16	23	B.1.351	2021-02
ISL_1242018	2021-02-17	Nigeria	Osun	Africa	1	10	12	31	B.1.525	2021-02
ISL_1371930	2021-02-09	South Africa	KwaZulu-Natal	Africa	0	3	16	22	B.1.351	2021-02
ISL_1347947	2021-02-17	Angola	NA	Africa	0	5	12	22	C.16	2021-02
ISL_1265852	2021-02-15	Reunion	Saint-Denis	Africa	0	3	4	17	B.1	2021-02
ISL_1265821	2021-02-23	Reunion	Saint-Benoit	Africa	0	8	11	22	B.1.160	2021-02
ISL_1366888	2021-02-05	South Africa	Eastern Cape	Africa	0	3	15	21	B.1.351	2021-02
ISL_1255275	2021-02-04	Ghana	NA	Africa	0	9	23	36	B.1.1.7	2021-02
ISL_1371932	2021-02-17	South Africa	KwaZulu-Natal	Africa	0	5	16	27	B.1.351	2021-02
ISL_1372005	2021-02-17	South Africa	KwaZulu-Natal	Africa	0	3	16	21	B.1.351	2021-02
ISL_1048548	2021-02-01	South Africa	KwaZulu-Natal	Africa	0	4	15	25	B.1.351	2021-02
ISL_1048567	2021-02-01	South Africa	KwaZulu-Natal	Africa	0	3	15	23	B.1.351	2021-02
ISL_1190759	2021-02-05	Cameroon	Yaounde	Africa	0	7	9	28	B.1.1.1	2021-02
ISL_1371933	2021-02-23	South Africa	KwaZulu-Natal	Africa	0	5	16	28	B.1.351	2021-02
ISL_1048553	2021-02-02	South Africa	KwaZulu-Natal	Africa	0	3	15	21	B.1.351	2021-02
ISL_1366781	2021-02-01	South Africa	Eastern Cape	Africa	0	4	16	25	B.1.351	2021-02
ISL_1235667	2021-02-03	Nigeria	Osun	Africa	0	8	22	36	B.1.1.7	2021-02
ISL_1366877	2021-02-05	South Africa	Eastern Cape	Africa	0	4	17	26	B.1.351	2021-02
ISL_1301742	2021-02-10	Rwanda	Kigali	Africa	0	8	10	23	A.23.1	2021-02
ISL_1372001	2021-02-08	South Africa	KwaZulu-Natal	Africa	0	2	16	21	B.1.351	2021-02
ISL_1287349	2021-03-06	Botswana	Gaborone	Africa	0	3	16	24	B.1.351	2021-03
ISL_1287737	2021-03-10	Botswana	Gaborone	Africa	0	2	15	21	B.1.351	2021-03
