SNP	313	cv-T313	C	nsp1	CTC	3	48	T	synonymous	0.013423	18	NA	NA	Oceania
SNP	445	cv-C445	T	nsp1	GTT	3	180	C	synonymous	0.023117	31	NA	NA	Oceania
SNP	683	cv-T683	C	nsp1	CTA	1	418	T	synonymous	0.02088	28	NA	NA	Oceania
SNP	872	cv-A872	G	nsp2	GAC	1	67	A	missense	0.005966	8	D23N	NA	Oceania
SNP	913	cv-T913	C	nsp2	TCC	3	108	T	synonymous	0.108874	146	NA	NA	Oceania
SNP	920	cv-T920	C	nsp2	CTG	1	115	T	synonymous	0.020134	27	NA	NA	Oceania
SNP	1059	cv-T1059	C	nsp2	ACC	2	254	T	missense	0.163311	219	T85I	NA	Oceania
SNP	1163	cv-T1163	A	nsp2	ATT	1	358	T	missense	0.304251	408	I120F	NA	Oceania
SNP	1397	cv-A1397	G	nsp2	GTA	1	592	A	missense	0.014169	19	V198I	NA	Oceania
SNP	1572	cv-T1572	C	nsp2	ACA	2	767	T	missense	0.006711	9	T256I	NA	Oceania
SNP	1912	cv-T1912	C	nsp2	TCC	3	1107	T	synonymous	0.007457	10	NA	NA	Oceania
SNP	1927	cv-C1927	T	nsp2	ACT	3	1122	C	synonymous	0.005966	8	NA	NA	Oceania
SNP	1947	cv-C1947	T	nsp2	GTT	2	1142	C	missense	0.011186	15	V381A	NA	Oceania
SNP	2031	cv-G2031	A	nsp2	GAT	2	1226	G	missense	0.00522	7	D409G	NA	Oceania
SNP	2110	cv-T2110	C	nsp2	AAC	3	1305	T	synonymous	0.014169	19	NA	NA	Oceania
SNP	2334	cv-T2334	C	nsp2	GCT	2	1529	T	missense	0.006711	9	A510V	NA	Oceania
SNP	2395	cv-T2395	C	nsp2	GTC	3	1590	T	synonymous	0.006711	9	NA	NA	Oceania
SNP	2416	cv-T2416	C	nsp2	TAC	3	1611	T	synonymous	0.011186	15	NA	NA	Oceania
SNP	2445	cv-T2445	C	nsp2	ACT	2	1640	T	missense	0.007457	10	T547I	NA	Oceania
SNP	2453	cv-T2453	C	nsp2	CTC	1	1648	T	missense	0.011931	16	L550F	NA	Oceania
SNP	2544	cv-T2544	C	nsp2	ACT	2	1739	T	missense	0.008203	11	T580I	NA	Oceania
SNP	2597	cv-C2597	T	nsp2	TTG	1	1792	C	synonymous	0.005966	8	NA	NA	Oceania
SNP	2676	cv-T2676	C	nsp2	CCT	2	1871	T	missense	0.005966	8	P624L	NA	Oceania
SNP	2692	cv-T2692	A	nsp2	ACA	3	1887	T	synonymous	0.011931	16	NA	NA	Oceania
SNP	3037	cv-T3037	C	nsp3	TTC	3	318	T	synonymous	0.891872	1196	NA	NA	Oceania
SNP	3096	cv-T3096	C	nsp3	TCA	2	377	T	missense	0.023117	31	S126L	NA	Oceania
SNP	3114	cv-T3114	G	nsp3	GGT	2	395	T	missense	0.008949	12	G132V	NA	Oceania
SNP	3231	cv-T3231	G	nsp3	GGT	2	512	T	missense	0.047726	64	G171V	NA	Oceania
SNP	3267	cv-T3267	C	nsp3	ACT	2	548	T	missense	0.111111	149	T183I	NA	Oceania
SNP	3768	cv-T3768	C	nsp3	ACT	2	1049	T	missense	0.025354	34	T350I	NA	Oceania
SNP	4002	cv-T4002	C	nsp3	ACT	2	1283	T	missense	0.01044	14	T428I	NA	Oceania
SNP	4540	cv-T4540	C	nsp3	TAC	3	1821	T	synonymous	0.023117	31	NA	NA	Oceania
SNP	4543	cv-T4543	C	nsp3	ACC	3	1824	T	synonymous	0.00522	7	NA	NA	Oceania
SNP	5100	cv-T5100	C	nsp3	TCA	2	2381	T	missense	0.005966	8	S794L	NA	Oceania
SNP	5144	cv-T5144	C	nsp3	CTA	1	2425	T	synonymous	0.023117	31	NA	NA	Oceania
SNP	5184	cv-T5184	C	nsp3	CCT	2	2465	T	missense	0.025354	34	P822L	NA	Oceania
SNP	5230	cv-T5230	G	nsp3	AAG	3	2511	T	missense	0.020134	27	K837N	NA	Oceania
SNP	5388	cv-A5388	C	nsp3	GCT	2	2669	A	missense	0.105891	142	A890D	NA	Oceania
SNP	5944	cv-T5944	C	nsp3	GAC	3	3225	T	synonymous	0.012677	17	NA	NA	Oceania
SNP	5986	cv-T5986	C	nsp3	TTC	3	3267	T	synonymous	0.110365	148	NA	NA	Oceania
SNP	6286	cv-T6286	C	nsp3	ACC	3	3567	T	synonymous	0.0261	35	NA	NA	Oceania
SNP	6312	cv-A6312	C	nsp3	ACA	2	3593	A	missense	0.018643	25	T1198K	NA	Oceania
SNP	6651	cv-T6651	C	nsp3	GCT	2	3932	T	missense	0.029828	40	A1311V	NA	Oceania
SNP	6720	cv-T6720	C	nsp3	ACA	2	4001	T	missense	0.011931	16	T1334I	NA	Oceania
SNP	6954	cv-C6954	T	nsp3	ATA	2	4235	C	missense	0.108874	146	I1412T	NA	Oceania
SNP	6990	cv-T6990	C	nsp3	TCT	2	4271	T	missense	0.006711	9	S1424F	NA	Oceania
SNP	7011	cv-T7011	C	nsp3	GCT	2	4292	T	missense	0.006711	9	A1431V	NA	Oceania
SNP	7438	cv-C7438	T	nsp3	TAT	3	4719	C	synonymous	0.008949	12	NA	NA	Oceania
SNP	7452	cv-T7452	G	nsp3	AGT	2	4733	T	missense	0.00522	7	S1578I	NA	Oceania
SNP	7540	cv-C7540	T	nsp3	ACT	3	4821	C	synonymous	0.288591	387	NA	NA	Oceania
SNP	7600	cv-T7600	C	nsp3	TGC	3	4881	T	synonymous	0.007457	10	NA	NA	Oceania
SNP	7735	cv-T7735	C	nsp3	ATC	3	5016	T	synonymous	0.005966	8	NA	NA	Oceania
SNP	7798	cv-T7798	G	nsp3	AAG	3	5079	T	missense	0.007457	10	K1693N	NA	Oceania
SNP	7863	cv-G7863	A	nsp3	AAA	2	5144	G	missense	0.00522	7	K1715R	NA	Oceania
SNP	7926	cv-T7926	C	nsp3	GCA	2	5207	T	missense	0.006711	9	A1736V	NA	Oceania
SNP	8083	cv-A8083	G	nsp3	ATG	3	5364	A	missense	0.009694	13	M1788I	NA	Oceania
SNP	8109	cv-T8109	C	nsp3	ACT	2	5390	T	missense	0.012677	17	T1797I	NA	Oceania
SNP	8371	cv-T8371	G	nsp3	CAG	3	5652	T	missense	0.00522	7	Q1884H	NA	Oceania
SNP	8512	cv-G8512	A	nsp3	CAA	3	5793	G	synonymous	0.006711	9	NA	NA	Oceania
SNP	8603	cv-C8603	T	nsp4	TTC	1	49	C	missense	0.005966	8	F17L	NA	Oceania
SNP	8651	cv-C8651	A	nsp4	ATG	1	97	C	missense	0.006711	9	M33L	NA	Oceania
SNP	8782	cv-T8782	C	nsp4	AGC	3	228	T	synonymous	0.043997	59	NA	NA	Oceania
SNP	8917	cv-T8917	C	nsp4	TTC	3	363	T	synonymous	0.007457	10	NA	NA	Oceania
SNP	8947	cv-T8947	C	nsp4	AAC	3	393	T	synonymous	0.005966	8	NA	NA	Oceania
SNP	8950	cv-T8950	C	nsp4	ATC	3	396	T	synonymous	0.022371	30	NA	NA	Oceania
SNP	9397	cv-G9397	A	nsp4	TCA	3	843	G	synonymous	0.04698	63	NA	NA	Oceania
SNP	9477	cv-A9477	T	nsp4	TTT	2	923	A	missense	0.022371	30	F308Y	NA	Oceania
SNP	10097	cv-A10097	G	nsp5	GGT	1	43	A	missense	0.011931	16	G15S	NA	Oceania
SNP	10319	cv-T10319	C	nsp5	CTT	1	265	T	missense	0.021626	29	L89F	NA	Oceania
SNP	10323	cv-G10323	A	nsp5	AAG	2	269	G	missense	0.024609	33	K90R	NA	Oceania
SNP	11083	cv-T11083	G	nsp6	TTG	3	111	T	missense	0.073826	99	L37F	NA	Oceania
SNP	11195	cv-T11195	C	nsp6	CTT	1	223	T	missense	0.017897	24	L75F	NA	Oceania
SNP	11222	cv-T11222	G	nsp6	GTC	1	250	T	missense	0.006711	9	V84F	NA	Oceania
SNP	11224	cv-T11224	C	nsp6	GTC	3	252	T	synonymous	0.01044	14	NA	NA	Oceania
SNP	11417	cv-T11417	G	nsp6	GTT	1	445	T	missense	0.048471	65	V149F	NA	Oceania
SNP	11941	cv-T11941	C	nsp7	GTC	3	99	T	synonymous	0.009694	13	NA	NA	Oceania
SNP	12043	cv-T12043	C	nsp7	GAC	3	201	T	synonymous	0.008949	12	NA	NA	Oceania
SNP	12100	cv-T12100	C	nsp8	GCC	3	9	T	synonymous	0.005966	8	NA	NA	Oceania
SNP	12116	cv-T12116	C	nsp8	CTT	1	25	T	missense	0.012677	17	L9F	NA	Oceania
SNP	12242	cv-T12242	C	nsp8	CGT	1	151	T	missense	0.009694	13	R51C	NA	Oceania
SNP	12809	cv-T12809	C	nsp9	CTT	1	124	T	missense	0.008949	12	L42F	NA	Oceania
SNP	12850	cv-G12850	A	nsp9	AGA	3	165	G	synonymous	0.047726	64	NA	NA	Oceania
SNP	12878	cv-G12878	A	nsp9	ATC	1	193	G	missense	0.005966	8	I65V	NA	Oceania
SNP	12880	cv-T12880	C	nsp9	ATC	3	195	T	synonymous	0.017151	23	NA	NA	Oceania
SNP	13536	cv-T13536	C	nsp12	TAC	3	96	T	synonymous	0.014914	20	NA	NA	Oceania
SNP	13627	cv-T13627	G	nsp12	GAC	1	187	T	missense	0.00522	7	D63Y	NA	Oceania
SNP	13712	cv-G13712	A	nsp12	AAG	2	272	G	missense	0.008203	11	K91R	NA	Oceania
SNP	13730	cv-T13730	C	nsp12	GCT	2	290	T	missense	0.02088	28	A97V	NA	Oceania
SNP	14084	cv-G14084	A	nsp12	AAC	2	644	G	missense	0.006711	9	N215S	NA	Oceania
SNP	14120	cv-T14120	C	nsp12	CCA	2	680	T	missense	0.014914	20	P227L	NA	Oceania
SNP	14408	cv-T14408	C	nsp12	CCT	2	968	T	missense	0.885906	1188	P323L	NA	Oceania
SNP	14676	cv-T14676	C	nsp12	CCC	3	1236	T	synonymous	0.110365	148	NA	NA	Oceania
SNP	14805	cv-T14805	C	nsp12	TAC	3	1365	T	synonymous	0.046234	62	NA	NA	Oceania
SNP	15096	cv-C15096	T	nsp12	AAT	3	1656	C	synonymous	0.043251	58	NA	NA	Oceania
SNP	15279	cv-T15279	C	nsp12	CAC	3	1839	T	synonymous	0.111111	149	NA	NA	Oceania
SNP	15324	cv-T15324	C	nsp12	AAC	3	1884	T	synonymous	0.006711	9	NA	NA	Oceania
SNP	15352	cv-T15352	C	nsp12	CTT	1	1912	T	missense	0.00522	7	L638F	NA	Oceania
SNP	15540	cv-T15540	C	nsp12	GTC	3	2100	T	synonymous	0.01044	14	NA	NA	Oceania
SNP	15594	cv-T15594	G	nsp12	AAG	3	2154	T	missense	0.01566	21	K718N	NA	Oceania
SNP	15738	cv-T15738	C	nsp12	TTC	3	2298	T	synonymous	0.005966	8	NA	NA	Oceania
SNP	15766	cv-T15766	G	nsp12	GTG	1	2326	T	missense	0.006711	9	V776L	NA	Oceania
SNP	16176	cv-C16176	T	nsp12	ACT	3	2736	C	synonymous	0.108874	146	NA	NA	Oceania
SNP	16247	cv-T16247	C	nsp13	GCT	2	11	T	missense	0.007457	10	A4V	NA	Oceania
SNP	16260	cv-T16260	C	nsp13	TGC	3	24	T	synonymous	0.005966	8	NA	NA	Oceania
SNP	16386	cv-T16386	C	nsp13	TGC	3	150	T	synonymous	0.005966	8	NA	NA	Oceania
SNP	16468	cv-T16468	C	nsp13	CCC	1	232	T	missense	0.009694	13	P78S	NA	Oceania
SNP	16647	cv-T16647	G	nsp13	ACG	3	411	T	synonymous	0.289336	388	NA	NA	Oceania
SNP	17012	cv-T17012	C	nsp13	TCA	2	776	T	missense	0.017151	23	S259L	NA	Oceania
SNP	17014	cv-T17014	G	nsp13	GAT	1	778	T	missense	0.006711	9	D260Y	NA	Oceania
SNP	17074	cv-T17074	C	nsp13	CTC	1	838	T	missense	0.006711	9	L280F	NA	Oceania
SNP	17104	cv-T17104	C	nsp13	CAT	1	868	T	missense	0.005966	8	H290Y	NA	Oceania
SNP	17259	cv-T17259	G	nsp13	GAG	3	1023	T	missense	0.006711	9	E341D	NA	Oceania
SNP	17337	cv-G17337	A	nsp13	ACA	3	1101	G	synonymous	0.024609	33	NA	NA	Oceania
SNP	17615	cv-G17615	A	nsp13	AAG	2	1379	G	missense	0.0261	35	K460R	NA	Oceania
SNP	17747	cv-T17747	C	nsp13	CCT	2	1511	T	missense	0.01044	14	P504L	NA	Oceania
SNP	17766	cv-T17766	C	nsp13	GTC	3	1530	T	synonymous	0.008949	12	NA	NA	Oceania
SNP	17850	cv-T17850	C	nsp13	GGC	3	1614	T	synonymous	0.011931	16	NA	NA	Oceania
SNP	17858	cv-G17858	A	nsp13	TAT	2	1622	G	missense	0.009694	13	Y541C	NA	Oceania
SNP	18060	cv-T18060	C	nsp14	CTC	3	21	T	synonymous	0.011186	15	NA	NA	Oceania
SNP	18171	cv-T18171	C	nsp14	GGC	3	132	T	synonymous	0.005966	8	NA	NA	Oceania
SNP	18424	cv-G18424	A	nsp14	AAT	1	385	G	missense	0.021626	29	N129D	NA	Oceania
SNP	18555	cv-T18555	C	nsp14	GAC	3	516	T	synonymous	0.321402	431	NA	NA	Oceania
SNP	18568	cv-T18568	C	nsp14	CTC	1	529	T	missense	0.011931	16	L177F	NA	Oceania
SNP	18744	cv-T18744	C	nsp14	TAC	3	705	T	synonymous	0.030574	41	NA	NA	Oceania
SNP	18877	cv-T18877	C	nsp14	CTA	1	838	T	synonymous	0.09396	126	NA	NA	Oceania
SNP	19524	cv-T19524	C	nsp14	CTC	3	1485	T	synonymous	0.007457	10	NA	NA	Oceania
SNP	19586	cv-T19586	C	nsp14	ACT	2	1547	T	missense	0.017897	24	T516I	NA	Oceania
SNP	19718	cv-T19718	C	nsp15	ACA	2	98	T	missense	0.047726	64	T33I	NA	Oceania
SNP	19839	cv-C19839	T	nsp15	AAT	3	219	C	synonymous	0.01044	14	NA	NA	Oceania
SNP	20268	cv-G20268	A	nsp15	TTA	3	648	G	synonymous	0.019389	26	NA	NA	Oceania
SNP	20283	cv-T20283	C	nsp15	TTC	3	663	T	synonymous	0.00522	7	NA	NA	Oceania
SNP	20389	cv-T20389	C	nsp15	CGT	1	769	T	missense	0.005966	8	R257C	NA	Oceania
SNP	20580	cv-T20580	G	nsp15	GTG	3	960	T	synonymous	0.029828	40	NA	NA	Oceania
SNP	20762	cv-T20762	C	nsp16	ACA	2	104	T	missense	0.005966	8	T35I	NA	Oceania
SNP	21137	cv-G21137	A	nsp16	AAG	2	479	G	missense	0.005966	8	K160R	NA	Oceania
SNP	21255	cv-C21255	G	nsp16	GCG	3	597	C	synonymous	0.024609	33	NA	NA	Oceania
SNP	21304	cv-T21304	C	nsp16	CGC	1	646	T	missense	0.02088	28	R216C	NA	Oceania
SNP	21364	cv-T21364	C	nsp16	CCA	1	706	T	missense	0.04698	63	P236S	NA	Oceania
SNP	21516	cv-T21516	C	nsp16	AAC	3	858	T	synonymous	0.013423	18	NA	NA	Oceania
SNP	21575	cv-T21575	C	S	CTT	1	13	T	missense	0.007457	10	L5F	NA	Oceania
SNP	21597	cv-T21597	C	S	TCT	2	35	T	missense	0.00522	7	S12F	NA	Oceania
SNP	21600	cv-T21600	G	S	AGT	2	38	T	missense	0.006711	9	S13I	NA	Oceania
SNP	21614	cv-T21614	C	S	CTT	1	52	T	missense	0.016406	22	L18F	NA	Oceania
SNP	21801	cv-C21801	A	S	GAT	2	239	C	missense	0.019389	26	D80A	NA	Oceania
SNP	21855	cv-T21855	C	S	TCT	2	293	T	missense	0.00522	7	S98F	NA	Oceania
SNP	21974	cv-T21974	G	S	GAT	1	412	T	missense	0.011186	15	D138Y	NA	Oceania
SNP	22018	cv-T22018	G	S	TGG	3	456	T	missense	0.006711	9	W152C	NA	Oceania
SNP	22206	cv-G22206	A	S	GAT	2	644	G	missense	0.019389	26	D215G	NA	Oceania
SNP	22219	cv-C22219	T	S	GGT	3	657	C	synonymous	0.017151	23	NA	NA	Oceania
SNP	22227	cv-T22227	C	S	GCT	2	665	T	missense	0.025354	34	A222V	NA	Oceania
SNP	22255	cv-T22255	A	S	ATA	3	693	T	synonymous	0.005966	8	NA	NA	Oceania
SNP	22444	cv-T22444	C	S	GAC	3	882	T	synonymous	0.035794	48	NA	NA	Oceania
SNP	22480	cv-T22480	C	S	TTC	3	918	T	synonymous	0.047726	64	NA	NA	Oceania
SNP	22813	cv-T22813	G	S	AAG	3	1251	T	missense	0.019389	26	K417N	NA	Oceania
SNP	22879	cv-A22879	C	S	AAC	3	1317	A	missense	0.029083	39	N439K	NA	Oceania
SNP	22917	cv-G22917	T	S	CTG	2	1355	G	missense	0.013423	18	L452R	NA	Oceania
SNP	22987	cv-T22987	C	S	GCC	3	1425	T	synonymous	0.007457	10	NA	NA	Oceania
SNP	22992	cv-A22992	G	S	AGC	2	1430	A	missense	0.264728	355	S477N	NA	Oceania
SNP	23012	cv-A23012	G	S	GAA	1	1450	A	missense	0.026846	36	E484K	NA	Oceania
SNP	23063	cv-T23063	A	S	AAT	1	1501	T	missense	0.127517	171	N501Y	NA	Oceania
SNP	23064	cv-C23064	A	S	AAT	2	1502	C	missense	0.043251	58	N501T	NA	Oceania
SNP	23271	cv-A23271	C	S	GCT	2	1709	A	missense	0.107383	144	A570D	NA	Oceania
SNP	23401	cv-A23401	G	S	CAG	3	1839	A	synonymous	0.288591	387	NA	NA	Oceania
SNP	23403	cv-G23403	A	S	GAT	2	1841	G	missense	0.883669	1185	D614G	NA	Oceania
SNP	23548	cv-C23548	T	S	TGT	3	1986	C	synonymous	0.007457	10	NA	NA	Oceania
SNP	23586	cv-G23586	A	S	CAG	2	2024	G	missense	0.008203	11	Q675R	NA	Oceania
SNP	23587	cv-T23587	G	S	CAG	3	2025	T	missense	0.00522	7	Q675H	NA	Oceania
SNP	23593	cv-T23593	G	S	CAG	3	2031	T	missense	0.00522	7	Q677H	NA	Oceania
SNP	23604	cv-G23604	C	S	CCT	2	2042	G	missense	0.025354	34	P681R	NA	Oceania
SNP	23604	cv-A23604	C	S	CCT	2	2042	A	missense	0.120805	162	P681H	NA	Oceania
SNP	23664	cv-T23664	C	S	GCA	2	2102	T	missense	0.023863	32	A701V	NA	Oceania
SNP	23707	cv-T23707	C	S	CCC	3	2145	T	synonymous	0.008203	11	NA	NA	Oceania
SNP	23709	cv-T23709	C	S	ACA	2	2147	T	missense	0.108874	146	T716I	NA	Oceania
SNP	23731	cv-T23731	C	S	ACC	3	2169	T	synonymous	0.011186	15	NA	NA	Oceania
SNP	23929	cv-T23929	C	S	TAC	3	2367	T	synonymous	0.018643	25	NA	NA	Oceania
SNP	24023	cv-T24023	C	S	CTA	1	2461	T	synonymous	0.005966	8	NA	NA	Oceania
SNP	24095	cv-T24095	G	S	GCT	1	2533	T	missense	0.005966	8	A845S	NA	Oceania
SNP	24109	cv-T24109	C	S	CTC	3	2547	T	synonymous	0.006711	9	NA	NA	Oceania
SNP	24349	cv-C24349	T	S	AGT	3	2787	C	synonymous	0.005966	8	NA	NA	Oceania
SNP	24506	cv-G24506	T	S	TCA	1	2944	G	missense	0.108128	145	S982A	NA	Oceania
SNP	24764	cv-T24764	G	S	GTC	1	3202	T	missense	0.02088	28	V1068F	NA	Oceania
SNP	24914	cv-C24914	G	S	GAC	1	3352	C	missense	0.108874	146	D1118H	NA	Oceania
SNP	25494	cv-T25494	G	ORF3a	ACG	3	102	T	synonymous	0.009694	13	NA	NA	Oceania
SNP	25563	cv-T25563	G	ORF3a	CAG	3	171	T	missense	0.265474	356	Q57H	NA	Oceania
SNP	25572	cv-T25572	C	ORF3a	TCC	3	180	T	synonymous	0.029828	40	NA	NA	Oceania
SNP	25624	cv-T25624	C	ORF3a	CAC	1	232	T	missense	0.005966	8	H78Y	NA	Oceania
SNP	25710	cv-T25710	C	ORF3a	CTC	3	318	T	synonymous	0.005966	8	NA	NA	Oceania
SNP	25785	cv-T25785	G	ORF3a	TGG	3	393	T	missense	0.017897	24	W131C	NA	Oceania
SNP	25844	cv-T25844	C	ORF3a	ACT	2	452	T	missense	0.00522	7	T151I	NA	Oceania
SNP	25904	cv-T25904	C	ORF3a	TCA	2	512	T	missense	0.022371	30	S171L	NA	Oceania
SNP	25907	cv-T25907	G	ORF3a	GGT	2	515	T	missense	0.02088	28	G172V	NA	Oceania
SNP	25979	cv-T25979	G	ORF3a	GGA	2	587	T	missense	0.022371	30	G196V	NA	Oceania
SNP	25996	cv-T25996	G	ORF3a	GTA	1	604	T	missense	0.006711	9	V202L	NA	Oceania
SNP	26060	cv-T26060	C	ORF3a	ACT	2	668	T	missense	0.021626	29	T223I	NA	Oceania
SNP	26062	cv-T26062	G	ORF3a	GGT	1	670	T	missense	0.014169	19	G224C	NA	Oceania
SNP	26144	cv-T26144	G	ORF3a	GGT	2	752	T	missense	0.017897	24	G251V	NA	Oceania
SNP	26155	cv-T26155	G	ORF3a	GTT	1	763	T	missense	0.008203	11	V255F	NA	Oceania
SNP	26162	cv-G26162	A	ORF3a	AAT	2	770	G	missense	0.006711	9	N257S	NA	Oceania
SNP	26456	cv-T26456	C	E	CCT	2	212	T	missense	0.019389	26	P71L	NA	Oceania
SNP	26604	cv-C26604	T	M	TTC	1	82	C	missense	0.009694	13	F28L	NA	Oceania
SNP	26625	cv-T26625	C	M	CTA	1	103	T	synonymous	0.00522	7	NA	NA	Oceania
SNP	26654	cv-T26654	G	M	AGG	3	132	T	missense	0.04698	63	R44S	NA	Oceania
SNP	26681	cv-T26681	C	M	TTC	3	159	T	synonymous	0.018643	25	NA	NA	Oceania
SNP	26735	cv-T26735	C	M	TAC	3	213	T	synonymous	0.084265	113	NA	NA	Oceania
SNP	26801	cv-G26801	C	M	CTC	3	279	G	synonymous	0.020134	27	NA	NA	Oceania
SNP	26801	cv-T26801	C	M	CTC	3	279	T	synonymous	0.005966	8	NA	NA	Oceania
SNP	26822	cv-T26822	C	M	TTC	3	300	T	synonymous	0.008203	11	NA	NA	Oceania
SNP	27059	cv-T27059	C	M	TAC	3	537	T	synonymous	0.012677	17	NA	NA	Oceania
SNP	27145	cv-T27145	C	M	ACA	2	623	T	missense	0.04698	63	T208I	NA	Oceania
SNP	27213	cv-T27213	C	ORF6	CTC	3	12	T	synonymous	0.006711	9	NA	NA	Oceania
SNP	27384	cv-C27384	T	ORF6	GAT	3	183	C	synonymous	0.012677	17	NA	NA	Oceania
SNP	27785	cv-C27785	T	ORF7b	TAT	3	30	C	synonymous	0.01044	14	NA	NA	Oceania
SNP	27870	cv-T27870	G	ORF7b	GAA	1	115	T	missense	0.00522	7	E39*	NA	Oceania
SNP	27890	cv-T27890	G	IGS	NA	NA	NA	T	noncoding	0.005966	8	NA	NA	Oceania
SNP	27944	cv-T27944	C	ORF8	CAC	3	51	T	synonymous	0.008203	11	NA	NA	Oceania
SNP	27948	cv-T27948	G	ORF8	GAA	1	55	T	missense	0.008203	11	E19*	NA	Oceania
SNP	27964	cv-T27964	C	ORF8	TCA	2	71	T	missense	0.029828	40	S24L	NA	Oceania
SNP	27972	cv-T27972	C	ORF8	CAA	1	79	T	missense	0.10962	147	Q27*	NA	Oceania
SNP	27998	cv-T27998	C	ORF8	GAC	3	105	T	synonymous	0.012677	17	NA	NA	Oceania
SNP	28048	cv-T28048	G	ORF8	AGA	2	155	T	missense	0.10962	147	R52I	NA	Oceania
SNP	28087	cv-T28087	C	ORF8	GCT	2	194	T	missense	0.005966	8	A65V	NA	Oceania
SNP	28095	cv-T28095	A	ORF8	AAA	1	202	T	missense	0.058166	78	K68*	NA	Oceania
SNP	28111	cv-G28111	A	ORF8	TAC	2	218	G	missense	0.108874	146	Y73C	NA	Oceania
SNP	28144	cv-C28144	T	ORF8	TTA	2	251	C	missense	0.043997	59	L84S	NA	Oceania
SNP	28178	cv-T28178	G	ORF8	TTG	3	285	T	missense	0.012677	17	L95F	NA	Oceania
SNP	28253	cv-T28253	C	ORF8	TTC	3	360	T	synonymous	0.029828	40	NA	NA	Oceania
SNP	28272	cv-T28272	A	IGS	NA	NA	NA	T	noncoding	0.007457	10	NA	NA	Oceania
SNP	28280	cv-C28280	G	N	GAT	1	7	C	missense	0.108874	146	D3H	NA	Oceania
SNP	28281	cv-T28281	A	N	GAT	2	8	T	missense	0.108874	146	D3V	NA	Oceania
SNP	28282	cv-A28282	T	N	GAT	3	9	A	missense	0.108874	146	D3E	NA	Oceania
SNP	28311	cv-T28311	C	N	CCC	2	38	T	missense	0.040268	54	P13L	NA	Oceania
SNP	28338	cv-G28338	A	N	GAT	2	65	G	missense	0.00522	7	D22G	NA	Oceania
SNP	28373	cv-T28373	G	N	GGG	1	100	T	missense	0.012677	17	G34W	NA	Oceania
SNP	28472	cv-T28472	C	N	CCT	1	199	T	missense	0.021626	29	P67S	NA	Oceania
SNP	28651	cv-T28651	C	N	AAC	3	378	T	synonymous	0.005966	8	NA	NA	Oceania
SNP	28657	cv-T28657	C	N	GAC	3	384	T	synonymous	0.023117	31	NA	NA	Oceania
SNP	28688	cv-C28688	T	N	TTG	1	415	C	synonymous	0.014169	19	NA	NA	Oceania
SNP	28821	cv-A28821	C	N	TCT	2	548	A	missense	0.00522	7	S183Y	NA	Oceania
SNP	28854	cv-T28854	C	N	TCA	2	581	T	missense	0.052946	71	S194L	NA	Oceania
SNP	28863	cv-T28863	C	N	TCA	2	590	T	missense	0.022371	30	S197L	NA	Oceania
SNP	28869	cv-T28869	C	N	CCA	2	596	T	missense	0.026846	36	P199L	NA	Oceania
SNP	28878	cv-A28878	G	N	AGT	2	605	A	missense	0.008203	11	S202N	NA	Oceania
SNP	28881	cv-A28881	G	N	AGG	2	608	A	missense	0.520507	698	R203K	NA	Oceania
SNP	28882	cv-A28882	G	N	AGG	3	609	A	synonymous	0.519761	697	NA	NA	Oceania
SNP	28883	cv-C28883	G	N	GGA	1	610	C	missense	0.519761	697	G204R	NA	Oceania
SNP	28884	cv-C28884	G	N	GGA	2	611	C	missense	0.012677	17	G204A	NA	Oceania
SNP	28887	cv-T28887	C	N	ACT	2	614	T	missense	0.059657	80	T205I	NA	Oceania
SNP	28890	cv-T28890	C	N	TCT	2	617	T	missense	0.047726	64	S206F	NA	Oceania
SNP	28905	cv-T28905	C	N	GCT	2	632	T	missense	0.00522	7	A211V	NA	Oceania
SNP	28932	cv-T28932	C	N	GCT	2	659	T	missense	0.022371	30	A220V	NA	Oceania
SNP	28961	cv-T28961	C	N	CTT	1	688	T	missense	0.008203	11	L230F	NA	Oceania
SNP	28975	cv-T28975	G	N	ATG	3	702	T	missense	0.012677	17	M234I	NA	Oceania
SNP	28977	cv-T28977	C	N	TCT	2	704	T	missense	0.111111	149	S235F	NA	Oceania
SNP	29095	cv-T29095	C	N	TTC	3	822	T	synonymous	0.005966	8	NA	NA	Oceania
SNP	29140	cv-A29140	G	N	CAG	3	867	A	synonymous	0.04698	63	NA	NA	Oceania
SNP	29296	cv-T29296	C	N	GAC	3	1023	T	synonymous	0.00522	7	NA	NA	Oceania
SNP	29315	cv-C29315	G	N	GAT	1	1042	C	missense	0.012677	17	D348H	NA	Oceania
SNP	29353	cv-T29353	C	N	TAC	3	1080	T	synonymous	0.01044	14	NA	NA	Oceania
SNP	29362	cv-T29362	C	N	TTC	3	1089	T	synonymous	0.006711	9	NA	NA	Oceania
SNP	29402	cv-T29402	G	N	GAT	1	1129	T	missense	0.017151	23	D377Y	NA	Oceania
SNP	29555	cv-T29555	C	IGS	NA	NA	NA	T	noncoding	0.00522	7	NA	NA	Oceania
SNP	29585	cv-T29585	C	ORF10	CCG	1	28	T	missense	0.007457	10	P10S	NA	Oceania
SNP	29614	cv-T29614	C	ORF10	TGC	3	57	T	synonymous	0.00522	7	NA	NA	Oceania
SNP	29645	cv-T29645	G	ORF10	GTA	1	88	T	missense	0.022371	30	V30L	NA	Oceania
DEL	28270	cv-28271-1	NA	IGS	NA	NA	None	N	NA	0.117077	157	NA	NAOceania
DEL	28270	cv-28271-1	NA	IGS	NA	NA	None	N	NA	0.117077	157	NA	NAOceania
DEL	28270	cv-28271-1	NA	IGS	NA	NA	None	N	NA	0.117077	157	NA	NAOceania
DEL	28270	cv-28271-1	NA	IGS	NA	NA	None	N	NA	0.117077	157	NA	NAOceania
DEL	28270	cv-28271-1	NA	IGS	NA	NA	None	N	NA	0.117077	157	NA	NAOceania
DEL	28270	cv-28271-1	NA	IGS	NA	NA	None	N	NA	0.117077	157	NA	NAOceania
DEL	28270	cv-28271-1	NA	IGS	NA	NA	None	N	NA	0.117077	157	NA	NAOceania
