SNP	313	cv-T313	C	nsp1	CTC	3	48	T	synonymous	0.018349	26	NA	NA	N_America
SNP	346	cv-T346	C	nsp1	CTC	3	81	T	synonymous	0.005646	8	NA	NA	N_America
SNP	379	cv-A379	C	nsp1	GTC	3	114	A	synonymous	0.005646	8	NA	NA	N_America
SNP	490	cv-A490	T	nsp1	GAT	3	225	A	missense	0.007057	10	D75E	NA	N_America
SNP	696	cv-C696	A	nsp1	GAC	2	431	C	missense	0.00988	14	D144A	NA	N_America
SNP	833	cv-C833	T	nsp2	TTC	1	28	C	missense	0.017643	25	F10L	NA	N_America
SNP	913	cv-T913	C	nsp2	TCC	3	108	T	synonymous	0.02964	42	NA	NA	N_America
SNP	936	cv-T936	C	nsp2	ACT	2	131	T	missense	0.008469	12	T44I	NA	N_America
SNP	1059	cv-T1059	C	nsp2	ACC	2	254	T	missense	0.48765	691	T85I	NA	N_America
SNP	1191	cv-T1191	C	nsp2	CCA	2	386	T	missense	0.005646	8	P129L	NA	N_America
SNP	1347	cv-T1347	C	nsp2	CCC	2	542	T	missense	0.007763	11	P181L	NA	N_America
SNP	1397	cv-A1397	G	nsp2	GTA	1	592	A	missense	0.007057	10	V198I	NA	N_America
SNP	1738	cv-T1738	G	nsp2	GTG	3	933	T	synonymous	0.008469	12	NA	NA	N_America
SNP	1913	cv-T1913	C	nsp2	CGC	1	1108	T	missense	0.010586	15	R370C	NA	N_America
SNP	1927	cv-C1927	T	nsp2	ACT	3	1122	C	synonymous	0.022583	32	NA	NA	N_America
SNP	1936	cv-C1936	T	nsp2	AAT	3	1131	C	synonymous	0.007057	10	NA	NA	N_America
SNP	1943	cv-T1943	C	nsp2	CGT	1	1138	T	missense	0.007057	10	R380C	NA	N_America
SNP	1947	cv-C1947	T	nsp2	GTT	2	1142	C	missense	0.006351	9	V381A	NA	N_America
SNP	2110	cv-T2110	C	nsp2	AAC	3	1305	T	synonymous	0.012703	18	NA	NA	N_America
SNP	2258	cv-A2258	G	nsp2	GTC	1	1453	A	missense	0.010586	15	V485I	NA	N_America
SNP	2282	cv-A2282	G	nsp2	GAG	1	1477	A	missense	0.008469	12	E493K	NA	N_America
SNP	2395	cv-T2395	C	nsp2	GTC	3	1590	T	synonymous	0.022583	32	NA	NA	N_America
SNP	2416	cv-T2416	C	nsp2	TAC	3	1611	T	synonymous	0.025406	36	NA	NA	N_America
SNP	2528	cv-A2528	G	nsp2	GAA	1	1723	A	missense	0.010586	15	E575K	NA	N_America
SNP	2597	cv-C2597	T	nsp2	TTG	1	1792	C	synonymous	0.020466	29	NA	NA	N_America
SNP	3037	cv-T3037	C	nsp3	TTC	3	318	T	synonymous	0.89626	1270	NA	NA	N_America
SNP	3140	cv-T3140	C	nsp3	CCT	1	421	T	missense	0.022583	32	P141S	NA	N_America
SNP	3177	cv-T3177	C	nsp3	CCT	2	458	T	missense	0.009174	13	P153L	NA	N_America
SNP	3259	cv-T3259	G	nsp3	CAG	3	540	T	missense	0.006351	9	Q180H	NA	N_America
SNP	3267	cv-T3267	C	nsp3	ACT	2	548	T	missense	0.030346	43	T183I	NA	N_America
SNP	3411	cv-T3411	C	nsp3	GCT	2	692	T	missense	0.009174	13	A231V	NA	N_America
SNP	3773	cv-T3773	C	nsp3	CGC	1	1054	T	missense	0.007057	10	R352C	NA	N_America
SNP	3871	cv-T3871	G	nsp3	AAG	3	1152	T	missense	0.014114	20	K384N	NA	N_America
SNP	3931	cv-C3931	T	nsp3	GTT	3	1212	C	synonymous	0.00988	14	NA	NA	N_America
SNP	4113	cv-T4113	C	nsp3	GCT	2	1394	T	missense	0.008469	12	A465V	NA	N_America
SNP	4226	cv-T4226	C	nsp3	CCA	1	1507	T	missense	0.007057	10	P503S	NA	N_America
SNP	4336	cv-G4336	A	nsp3	CCA	3	1617	G	synonymous	0.008469	12	NA	NA	N_America
SNP	4582	cv-T4582	C	nsp3	AAC	3	1863	T	synonymous	0.005646	8	NA	NA	N_America
SNP	5388	cv-A5388	C	nsp3	GCT	2	2669	A	missense	0.028229	40	A890D	NA	N_America
SNP	5672	cv-T5672	C	nsp3	CCT	1	2953	T	missense	0.007057	10	P985S	NA	N_America
SNP	5700	cv-A5700	C	nsp3	GCT	2	2981	A	missense	0.007057	10	A994D	NA	N_America
SNP	5730	cv-T5730	C	nsp3	ACT	2	3011	T	missense	0.00988	14	T1004I	NA	N_America
SNP	5849	cv-T5849	C	nsp3	CCT	1	3130	T	missense	0.006351	9	P1044S	NA	N_America
SNP	5869	cv-T5869	C	nsp3	TAC	3	3150	T	synonymous	0.009174	13	NA	NA	N_America
SNP	5986	cv-T5986	C	nsp3	TTC	3	3267	T	synonymous	0.02964	42	NA	NA	N_America
SNP	6031	cv-T6031	C	nsp3	AAC	3	3312	T	synonymous	0.007057	10	NA	NA	N_America
SNP	6285	cv-T6285	C	nsp3	ACC	2	3566	T	missense	0.008469	12	T1189I	NA	N_America
SNP	6441	cv-G6441	A	nsp3	AAA	2	3722	G	missense	0.011291	16	K1241R	NA	N_America
SNP	6541	cv-T6541	C	nsp3	CAC	3	3822	T	synonymous	0.011997	17	NA	NA	N_America
SNP	6618	cv-A6618	G	nsp3	GGT	2	3899	A	missense	0.010586	15	G1300D	NA	N_America
SNP	6954	cv-C6954	T	nsp3	ATA	2	4235	C	missense	0.028229	40	I1412T	NA	N_America
SNP	6990	cv-T6990	C	nsp3	TCT	2	4271	T	missense	0.007057	10	S1424F	NA	N_America
SNP	7042	cv-T7042	G	nsp3	ATG	3	4323	T	missense	0.007057	10	M1441I	NA	N_America
SNP	7153	cv-C7153	T	nsp3	GAT	3	4434	C	synonymous	0.008469	12	NA	NA	N_America
SNP	7348	cv-A7348	T	nsp3	AAT	3	4629	A	missense	0.011997	17	N1543K	NA	N_America
SNP	7837	cv-C7837	A	nsp3	TTA	3	5118	C	missense	0.007057	10	L1706F	NA	N_America
SNP	8083	cv-A8083	G	nsp3	ATG	3	5364	A	missense	0.077629	110	M1788I	NA	N_America
SNP	8140	cv-T8140	C	nsp3	TCC	3	5421	T	synonymous	0.014114	20	NA	NA	N_America
SNP	8208	cv-T8208	C	nsp3	ACT	2	5489	T	missense	0.006351	9	T1830I	NA	N_America
SNP	8264	cv-T8264	G	nsp3	GGC	1	5545	T	missense	0.009174	13	G1849C	NA	N_America
SNP	8293	cv-T8293	C	nsp3	ACC	3	5574	T	synonymous	0.00988	14	NA	NA	N_America
SNP	8782	cv-T8782	C	nsp4	AGC	3	228	T	synonymous	0.06422	91	NA	NA	N_America
SNP	8947	cv-T8947	C	nsp4	AAC	3	393	T	synonymous	0.019054	27	NA	NA	N_America
SNP	9085	cv-G9085	A	nsp4	GAA	3	531	G	synonymous	0.008469	12	NA	NA	N_America
SNP	9204	cv-G9204	A	nsp4	GAT	2	650	G	missense	0.011291	16	D217G	NA	N_America
SNP	9267	cv-A9267	G	nsp4	AGT	2	713	A	missense	0.005646	8	S238N	NA	N_America
SNP	9667	cv-C9667	T	nsp4	CCT	3	1113	C	synonymous	0.006351	9	NA	NA	N_America
SNP	9738	cv-C9738	G	nsp4	AGT	2	1184	C	missense	0.009174	13	S395T	NA	N_America
SNP	9742	cv-C9742	T	nsp4	AAT	3	1188	C	synonymous	0.007763	11	NA	NA	N_America
SNP	9867	cv-C9867	T	nsp4	CTT	2	1313	C	missense	0.011997	17	L438P	NA	N_America
SNP	9928	cv-T9928	G	nsp4	ATG	3	1374	T	missense	0.012703	18	M458I	NA	N_America
SNP	10029	cv-T10029	C	nsp4	ACC	2	1475	T	missense	0.025406	36	T492I	NA	N_America
SNP	10319	cv-T10319	C	nsp5	CTT	1	265	T	missense	0.206069	292	L89F	NA	N_America
SNP	10323	cv-G10323	A	nsp5	AAG	2	269	G	missense	0.018349	26	K90R	NA	N_America
SNP	10741	cv-T10741	C	nsp5	GAC	3	687	T	synonymous	0.01976	28	NA	NA	N_America
SNP	10789	cv-T10789	C	nsp5	GAC	3	735	T	synonymous	0.005646	8	NA	NA	N_America
SNP	10954	cv-T10954	C	nsp5	TGC	3	900	T	synonymous	0.022583	32	NA	NA	N_America
SNP	11083	cv-T11083	G	nsp6	TTG	3	111	T	missense	0.041637	59	L37F	NA	N_America
SNP	11117	cv-G11117	A	nsp6	ATT	1	145	G	missense	0.021171	30	I49V	NA	N_America
SNP	11417	cv-T11417	G	nsp6	GTT	1	445	T	missense	0.005646	8	V149F	NA	N_America
SNP	11451	cv-G11451	A	nsp6	CAA	2	479	G	missense	0.008469	12	Q160R	NA	N_America
SNP	11591	cv-T11591	C	nsp6	CTT	1	619	T	missense	0.005646	8	L207F	NA	N_America
SNP	11916	cv-T11916	C	nsp7	TCA	2	74	T	missense	0.015526	22	S25L	NA	N_America
SNP	11956	cv-T11956	C	nsp7	GAC	3	114	T	synonymous	0.00988	14	NA	NA	N_America
SNP	12068	cv-T12068	C	nsp7	CTG	1	226	T	synonymous	0.005646	8	NA	NA	N_America
SNP	12100	cv-T12100	C	nsp8	GCC	3	9	T	synonymous	0.01976	28	NA	NA	N_America
SNP	12162	cv-G12162	A	nsp8	CAG	2	71	G	missense	0.007057	10	Q24R	NA	N_America
SNP	12525	cv-T12525	C	nsp8	ACA	2	434	T	missense	0.016937	24	T145I	NA	N_America
SNP	12789	cv-T12789	C	nsp9	ACA	2	104	T	missense	0.021877	31	T35I	NA	N_America
SNP	12878	cv-G12878	A	nsp9	ATC	1	193	G	missense	0.021171	30	I65V	NA	N_America
SNP	13119	cv-T13119	C	nsp10	GCT	2	95	T	missense	0.010586	15	A32V	NA	N_America
SNP	13201	cv-T13201	G	nsp10	CCG	3	177	T	synonymous	0.005646	8	NA	NA	N_America
SNP	13487	cv-T13487	C	nsp12	GCA	2	47	T	missense	0.006351	9	A16V	NA	N_America
SNP	13536	cv-T13536	C	nsp12	TAC	3	96	T	synonymous	0.006351	9	NA	NA	N_America
SNP	13665	cv-T13665	C	nsp12	CAC	3	225	T	synonymous	0.006351	9	NA	NA	N_America
SNP	13713	cv-A13713	G	nsp12	AAG	3	273	A	synonymous	0.009174	13	NA	NA	N_America
SNP	13975	cv-T13975	G	nsp12	GGT	1	535	T	missense	0.007057	10	G179C	NA	N_America
SNP	14120	cv-T14120	C	nsp12	CCA	2	680	T	missense	0.011997	17	P227L	NA	N_America
SNP	14191	cv-C14191	T	nsp12	TTA	1	751	C	synonymous	0.007057	10	NA	NA	N_America
SNP	14408	cv-T14408	C	nsp12	CCT	2	968	T	missense	0.894848	1268	P323L	NA	N_America
SNP	14676	cv-T14676	C	nsp12	CCC	3	1236	T	synonymous	0.030346	43	NA	NA	N_America
SNP	14805	cv-T14805	C	nsp12	TAC	3	1365	T	synonymous	0.082569	117	NA	NA	N_America
SNP	15276	cv-A15276	T	nsp12	CCT	3	1836	A	synonymous	0.00988	14	NA	NA	N_America
SNP	15279	cv-T15279	C	nsp12	CAC	3	1839	T	synonymous	0.02964	42	NA	NA	N_America
SNP	15324	cv-T15324	C	nsp12	AAC	3	1884	T	synonymous	0.007763	11	NA	NA	N_America
SNP	15720	cv-T15720	C	nsp12	GAC	3	2280	T	synonymous	0.010586	15	NA	NA	N_America
SNP	15766	cv-T15766	G	nsp12	GTG	1	2326	T	missense	0.011291	16	V776L	NA	N_America
SNP	15960	cv-T15960	C	nsp12	GCC	3	2520	T	synonymous	0.005646	8	NA	NA	N_America
SNP	16092	cv-T16092	C	nsp12	TAC	3	2652	T	synonymous	0.007057	10	NA	NA	N_America
SNP	16176	cv-C16176	T	nsp12	ACT	3	2736	C	synonymous	0.028229	40	NA	NA	N_America
SNP	16260	cv-T16260	C	nsp13	TGC	3	24	T	synonymous	0.021171	30	NA	NA	N_America
SNP	16394	cv-T16394	C	nsp13	CCA	2	158	T	missense	0.00988	14	P53L	NA	N_America
SNP	16500	cv-C16500	A	nsp13	CAA	3	264	C	missense	0.011291	16	Q88H	NA	N_America
SNP	16616	cv-T16616	C	nsp13	ACT	2	380	T	missense	0.006351	9	T127I	NA	N_America
SNP	16806	cv-T16806	C	nsp13	AAC	3	570	T	synonymous	0.010586	15	NA	NA	N_America
SNP	16887	cv-T16887	C	nsp13	TAC	3	651	T	synonymous	0.007763	11	NA	NA	N_America
SNP	17014	cv-T17014	G	nsp13	GAT	1	778	T	missense	0.030346	43	D260Y	NA	N_America
SNP	17122	cv-T17122	G	nsp13	GCT	1	886	T	missense	0.006351	9	A296S	NA	N_America
SNP	17259	cv-T17259	G	nsp13	GAG	3	1023	T	missense	0.005646	8	E341D	NA	N_America
SNP	17615	cv-G17615	A	nsp13	AAG	2	1379	G	missense	0.011997	17	K460R	NA	N_America
SNP	17639	cv-T17639	C	nsp13	TCA	2	1403	T	missense	0.010586	15	S468L	NA	N_America
SNP	17678	cv-T17678	C	nsp13	ACG	2	1442	T	missense	0.007057	10	T481M	NA	N_America
SNP	17747	cv-T17747	C	nsp13	CCT	2	1511	T	missense	0.048694	69	P504L	NA	N_America
SNP	17858	cv-G17858	A	nsp13	TAT	2	1622	G	missense	0.047989	68	Y541C	NA	N_America
SNP	18060	cv-T18060	C	nsp14	CTC	3	21	T	synonymous	0.0494	70	NA	NA	N_America
SNP	18131	cv-T18131	C	nsp14	ACT	2	92	T	missense	0.012703	18	T31I	NA	N_America
SNP	18424	cv-G18424	A	nsp14	AAT	1	385	G	missense	0.188426	267	N129D	NA	N_America
SNP	18486	cv-T18486	C	nsp14	CTC	3	447	T	synonymous	0.011291	16	NA	NA	N_America
SNP	18488	cv-C18488	T	nsp14	ATA	2	449	C	missense	0.009174	13	I150T	NA	N_America
SNP	18538	cv-T18538	G	nsp14	GTA	1	499	T	missense	0.011997	17	V167L	NA	N_America
SNP	18736	cv-C18736	T	nsp14	TTT	1	697	C	missense	0.005646	8	F233L	NA	N_America
SNP	18877	cv-T18877	C	nsp14	CTA	1	838	T	synonymous	0.028229	40	NA	NA	N_America
SNP	18998	cv-T18998	C	nsp14	GCA	2	959	T	missense	0.011291	16	A320V	NA	N_America
SNP	19011	cv-T19011	C	nsp14	GAC	3	972	T	synonymous	0.005646	8	NA	NA	N_America
SNP	19170	cv-T19170	C	nsp14	TTC	3	1131	T	synonymous	0.007057	10	NA	NA	N_America
SNP	19524	cv-T19524	C	nsp14	CTC	3	1485	T	synonymous	0.006351	9	NA	NA	N_America
SNP	19684	cv-T19684	G	nsp15	GTA	1	64	T	missense	0.005646	8	V22L	NA	N_America
SNP	19839	cv-C19839	T	nsp15	AAT	3	219	C	synonymous	0.048694	69	NA	NA	N_America
SNP	19872	cv-T19872	G	nsp15	GTG	3	252	T	synonymous	0.006351	9	NA	NA	N_America
SNP	19969	cv-A19969	G	nsp15	GCA	1	349	A	missense	0.005646	8	A117T	NA	N_America
SNP	20014	cv-T20014	G	nsp15	GAC	1	394	T	missense	0.011291	16	D132Y	NA	N_America
SNP	20262	cv-G20262	A	nsp15	TTA	3	642	G	synonymous	0.012703	18	NA	NA	N_America
SNP	20268	cv-G20268	A	nsp15	TTA	3	648	G	synonymous	0.107975	153	NA	NA	N_America
SNP	20762	cv-T20762	C	nsp16	ACA	2	104	T	missense	0.005646	8	T35I	NA	N_America
SNP	21137	cv-G21137	A	nsp16	AAG	2	479	G	missense	0.016231	23	K160R	NA	N_America
SNP	21203	cv-G21203	A	nsp16	AAG	2	545	G	missense	0.006351	9	K182R	NA	N_America
SNP	21304	cv-T21304	C	nsp16	CGC	1	646	T	missense	0.177841	252	R216C	NA	N_America
SNP	21306	cv-T21306	C	nsp16	CGC	3	648	T	synonymous	0.020466	29	NA	NA	N_America
SNP	21575	cv-T21575	C	S	CTT	1	13	T	missense	0.026817	38	L5F	NA	N_America
SNP	21600	cv-T21600	G	S	AGT	2	38	T	missense	0.02964	42	S13I	NA	N_America
SNP	21614	cv-T21614	C	S	CTT	1	52	T	missense	0.007057	10	L18F	NA	N_America
SNP	21621	cv-T21621	C	S	ACC	2	59	T	missense	0.007057	10	T20I	NA	N_America
SNP	21638	cv-T21638	C	S	CCT	1	76	T	missense	0.007057	10	P26S	NA	N_America
SNP	21707	cv-T21707	C	S	CAT	1	145	T	missense	0.008469	12	H49Y	NA	N_America
SNP	21724	cv-T21724	G	S	TTG	3	162	T	missense	0.006351	9	L54F	NA	N_America
SNP	21811	cv-A21811	C	S	GTC	3	249	A	synonymous	0.009174	13	NA	NA	N_America
SNP	21846	cv-T21846	C	S	ACT	2	284	T	missense	0.014114	20	T95I	NA	N_America
SNP	22018	cv-T22018	G	S	TGG	3	456	T	missense	0.028229	40	W152C	NA	N_America
SNP	22162	cv-C22162	T	S	TAT	3	600	C	synonymous	0.008469	12	NA	NA	N_America
SNP	22255	cv-T22255	A	S	ATA	3	693	T	synonymous	0.021877	31	NA	NA	N_America
SNP	22320	cv-G22320	A	S	GAT	2	758	G	missense	0.01976	28	D253G	NA	N_America
SNP	22444	cv-T22444	C	S	GAC	3	882	T	synonymous	0.011291	16	NA	NA	N_America
SNP	22917	cv-G22917	T	S	CTG	2	1355	G	missense	0.030346	43	L452R	NA	N_America
SNP	22995	cv-A22995	C	S	ACA	2	1433	A	missense	0.021877	31	T478K	NA	N_America
SNP	23012	cv-A23012	G	S	GAA	1	1450	A	missense	0.012703	18	E484K	NA	N_America
SNP	23063	cv-T23063	A	S	AAT	1	1501	T	missense	0.03458	49	N501Y	NA	N_America
SNP	23120	cv-T23120	G	S	GCA	1	1558	T	missense	0.006351	9	A520S	NA	N_America
SNP	23191	cv-T23191	C	S	TTC	3	1629	T	synonymous	0.011291	16	NA	NA	N_America
SNP	23271	cv-A23271	C	S	GCT	2	1709	A	missense	0.028229	40	A570D	NA	N_America
SNP	23403	cv-G23403	A	S	GAT	2	1841	G	missense	0.898377	1273	D614G	NA	N_America
SNP	23533	cv-T23533	C	S	AAC	3	1971	T	synonymous	0.007057	10	NA	NA	N_America
SNP	23557	cv-T23557	C	S	CCC	3	1995	T	synonymous	0.007057	10	NA	NA	N_America
SNP	23592	cv-C23592	A	S	CAG	2	2030	C	missense	0.008469	12	Q677P	NA	N_America
SNP	23593	cv-C23593	G	S	CAG	3	2031	C	missense	0.005646	8	Q677H	NA	N_America
SNP	23593	cv-T23593	G	S	CAG	3	2031	T	missense	0.01976	28	Q677H	NA	N_America
SNP	23604	cv-A23604	C	S	CCT	2	2042	A	missense	0.074806	106	P681H	NA	N_America
SNP	23664	cv-T23664	C	S	GCA	2	2102	T	missense	0.008469	12	A701V	NA	N_America
SNP	23709	cv-T23709	C	S	ACA	2	2147	T	missense	0.030346	43	T716I	NA	N_America
SNP	23756	cv-G23756	A	S	ACC	1	2194	G	missense	0.030346	43	T732A	NA	N_America
SNP	23900	cv-C23900	G	S	GAA	1	2338	C	missense	0.007057	10	E780Q	NA	N_America
SNP	24034	cv-T24034	C	S	AAC	3	2472	T	synonymous	0.00988	14	NA	NA	N_America
SNP	24076	cv-C24076	T	S	GGT	3	2514	C	synonymous	0.02964	42	NA	NA	N_America
SNP	24130	cv-T24130	C	S	AAC	3	2568	T	synonymous	0.007057	10	NA	NA	N_America
SNP	24253	cv-T24253	A	S	CCA	3	2691	T	synonymous	0.007057	10	NA	NA	N_America
SNP	24349	cv-C24349	T	S	AGT	3	2787	C	synonymous	0.021171	30	NA	NA	N_America
SNP	24506	cv-G24506	T	S	TCA	1	2944	G	missense	0.028934	41	S982A	NA	N_America
SNP	24739	cv-C24739	T	S	GGT	3	3177	C	synonymous	0.009174	13	NA	NA	N_America
SNP	24904	cv-T24904	C	S	ATC	3	3342	T	synonymous	0.007057	10	NA	NA	N_America
SNP	24914	cv-C24914	G	S	GAC	1	3352	C	missense	0.027523	39	D1118H	NA	N_America
SNP	25135	cv-T25135	G	S	AAG	3	3573	T	missense	0.007763	11	K1191N	NA	N_America
SNP	25433	cv-T25433	C	ORF3a	ACT	2	41	T	missense	0.006351	9	T14I	NA	N_America
SNP	25517	cv-T25517	C	ORF3a	CCT	2	125	T	missense	0.011997	17	P42L	NA	N_America
SNP	25563	cv-T25563	G	ORF3a	CAG	3	171	T	missense	0.541284	767	Q57H	NA	N_America
SNP	25624	cv-T25624	C	ORF3a	CAC	1	232	T	missense	0.005646	8	H78Y	NA	N_America
SNP	25718	cv-G25718	A	ORF3a	TAT	2	326	G	missense	0.010586	15	Y109C	NA	N_America
SNP	25844	cv-T25844	C	ORF3a	ACT	2	452	T	missense	0.00988	14	T151I	NA	N_America
SNP	25855	cv-T25855	G	ORF3a	GAC	1	463	T	missense	0.006351	9	D155Y	NA	N_America
SNP	25907	cv-T25907	G	ORF3a	GGT	2	515	T	missense	0.183486	260	G172V	NA	N_America
SNP	25930	cv-C25930	T	ORF3a	TCT	1	538	C	missense	0.009174	13	S180P	NA	N_America
SNP	25947	cv-T25947	G	ORF3a	CAG	3	555	T	missense	0.007057	10	Q185H	NA	N_America
SNP	26060	cv-T26060	C	ORF3a	ACT	2	668	T	missense	0.01482	21	T223I	NA	N_America
SNP	26144	cv-T26144	G	ORF3a	GGT	2	752	T	missense	0.006351	9	G251V	NA	N_America
SNP	26530	cv-G26530	A	M	GAT	2	8	G	missense	0.00988	14	D3G	NA	N_America
SNP	26681	cv-T26681	C	M	TTC	3	159	T	synonymous	0.037403	53	NA	NA	N_America
SNP	26690	cv-T26690	G	M	CTG	3	168	T	synonymous	0.008469	12	NA	NA	N_America
SNP	26729	cv-C26729	T	M	GCT	3	207	C	synonymous	0.007763	11	NA	NA	N_America
SNP	26735	cv-T26735	C	M	TAC	3	213	T	synonymous	0.015526	22	NA	NA	N_America
SNP	26801	cv-T26801	C	M	CTC	3	279	T	synonymous	0.005646	8	NA	NA	N_America
SNP	26885	cv-T26885	C	M	AAC	3	363	T	synonymous	0.009174	13	NA	NA	N_America
SNP	27384	cv-C27384	T	ORF6	GAT	3	183	C	synonymous	0.005646	8	NA	NA	N_America
SNP	27603	cv-T27603	C	ORF7a	GGC	3	210	T	synonymous	0.00988	14	NA	NA	N_America
SNP	27890	cv-T27890	G	IGS	NA	NA	NA	T	noncoding	0.020466	29	NA	NA	N_America
SNP	27904	cv-C27904	T	ORF8	CTT	2	11	C	missense	0.005646	8	L4P	NA	N_America
SNP	27925	cv-T27925	C	ORF8	ACA	2	32	T	missense	0.013409	19	T11I	NA	N_America
SNP	27942	cv-T27942	C	ORF8	CAC	1	49	T	missense	0.005646	8	H17Y	NA	N_America
SNP	27964	cv-T27964	C	ORF8	TCA	2	71	T	missense	0.243472	345	S24L	NA	N_America
SNP	27972	cv-T27972	C	ORF8	CAA	1	79	T	missense	0.028934	41	Q27*	NA	N_America
SNP	27987	cv-T27987	G	ORF8	GTA	1	94	T	missense	0.005646	8	V32L	NA	N_America
SNP	28048	cv-T28048	G	ORF8	AGA	2	155	T	missense	0.027523	39	R52I	NA	N_America
SNP	28077	cv-C28077	G	ORF8	GTG	1	184	C	missense	0.007763	11	V62L	NA	N_America
SNP	28087	cv-T28087	C	ORF8	GCT	2	194	T	missense	0.010586	15	A65V	NA	N_America
SNP	28095	cv-T28095	A	ORF8	AAA	1	202	T	missense	0.011997	17	K68*	NA	N_America
SNP	28111	cv-G28111	A	ORF8	TAC	2	218	G	missense	0.028229	40	Y73C	NA	N_America
SNP	28144	cv-C28144	T	ORF8	TTA	2	251	C	missense	0.064926	92	L84S	NA	N_America
SNP	28191	cv-T28191	G	ORF8	GTG	1	298	T	missense	0.006351	9	V100L	NA	N_America
SNP	28253	cv-T28253	C	ORF8	TTC	3	360	T	synonymous	0.007763	11	NA	NA	N_America
SNP	28272	cv-T28272	A	IGS	NA	NA	NA	T	noncoding	0.031052	44	NA	NA	N_America
SNP	28280	cv-C28280	G	N	GAT	1	7	C	missense	0.023994	34	D3H	NA	N_America
SNP	28281	cv-T28281	A	N	GAT	2	8	T	missense	0.023994	34	D3V	NA	N_America
SNP	28282	cv-A28282	T	N	GAT	3	9	A	missense	0.023994	34	D3E	NA	N_America
SNP	28361	cv-A28361	G	N	GGA	1	88	A	missense	0.005646	8	G30R	NA	N_America
SNP	28368	cv-A28368	G	N	CGC	2	95	A	missense	0.007057	10	R32H	NA	N_America
SNP	28472	cv-T28472	C	N	CCT	1	199	T	missense	0.182075	258	P67S	NA	N_America
SNP	28688	cv-C28688	T	N	TTG	1	415	C	synonymous	0.007057	10	NA	NA	N_America
SNP	28821	cv-A28821	C	N	TCT	2	548	A	missense	0.022583	32	S183Y	NA	N_America
SNP	28842	cv-T28842	G	N	AGT	2	569	T	missense	0.011291	16	S190I	NA	N_America
SNP	28854	cv-T28854	C	N	TCA	2	581	T	missense	0.1235	175	S194L	NA	N_America
SNP	28869	cv-T28869	C	N	CCA	2	596	T	missense	0.192661	273	P199L	NA	N_America
SNP	28881	cv-A28881	G	N	AGG	2	608	A	missense	0.175723	249	R203K	NA	N_America
SNP	28882	cv-A28882	G	N	AGG	3	609	A	synonymous	0.175018	248	NA	NA	N_America
SNP	28883	cv-C28883	G	N	GGA	1	610	C	missense	0.175018	248	G204R	NA	N_America
SNP	28887	cv-T28887	C	N	ACT	2	614	T	missense	0.057869	82	T205I	NA	N_America
SNP	28893	cv-T28893	C	N	CCT	2	620	T	missense	0.005646	8	P207L	NA	N_America
SNP	28975	cv-T28975	G	N	ATG	3	702	T	missense	0.016937	24	M234I	NA	N_America
SNP	28975	cv-A28975	G	N	ATG	3	702	A	missense	0.009174	13	M234I	NA	N_America
SNP	28977	cv-T28977	C	N	TCT	2	704	T	missense	0.037403	53	S235F	NA	N_America
SNP	29095	cv-T29095	C	N	TTC	3	822	T	synonymous	0.009174	13	NA	NA	N_America
SNP	29194	cv-C29194	T	N	TTT	3	921	C	synonymous	0.009174	13	NA	NA	N_America
SNP	29197	cv-T29197	C	N	GCC	3	924	T	synonymous	0.020466	29	NA	NA	N_America
SNP	29254	cv-T29254	G	N	TCG	3	981	T	synonymous	0.005646	8	NA	NA	N_America
SNP	29266	cv-A29266	G	N	TTG	3	993	A	synonymous	0.014114	20	NA	NA	N_America
SNP	29362	cv-T29362	C	N	TTC	3	1089	T	synonymous	0.0247	35	NA	NA	N_America
SNP	29364	cv-T29364	C	N	CCA	2	1091	T	missense	0.005646	8	P364L	NA	N_America
SNP	29377	cv-A29377	T	N	CCT	3	1104	A	synonymous	0.008469	12	NA	NA	N_America
SNP	29384	cv-T29384	G	N	GAC	1	1111	T	missense	0.007057	10	D371Y	NA	N_America
SNP	29402	cv-T29402	G	N	GAT	1	1129	T	missense	0.037403	53	D377Y	NA	N_America
SNP	29409	cv-T29409	C	N	ACT	2	1136	T	missense	0.007057	10	T379I	NA	N_America
SNP	29422	cv-T29422	G	N	CCG	3	1149	T	synonymous	0.013409	19	NA	NA	N_America
SNP	29439	cv-T29439	A	N	CAG	2	1166	T	missense	0.00988	14	Q389L	NA	N_America
SNP	29445	cv-T29445	C	N	ACT	2	1172	T	missense	0.016231	23	T391I	NA	N_America
SNP	29540	cv-A29540	G	IGS	NA	NA	NA	A	noncoding	0.011291	16	NA	NA	N_America
SNP	29614	cv-T29614	C	ORF10	TGC	3	57	T	synonymous	0.006351	9	NA	NA	N_America
DEL	28270	cv-28271-1	NA	IGS	NA	NA	None	N	NA	0.042343	60	NA	NAN_America
DEL	28270	cv-28271-1	NA	IGS	NA	NA	None	N	NA	0.042343	60	NA	NAN_America
DEL	28270	cv-28271-1	NA	IGS	NA	NA	None	N	NA	0.042343	60	NA	NAN_America
DEL	28270	cv-28271-1	NA	IGS	NA	NA	None	N	NA	0.042343	60	NA	NAN_America
