SNP	313	cv-T313	C	nsp1	CTC	3	48	T	synonymous	0.015331	22	NA	NA	Europe
SNP	445	cv-C445	T	nsp1	GTT	3	180	C	synonymous	0.201394	289	NA	NA	Europe
SNP	913	cv-T913	C	nsp2	TCC	3	108	T	synonymous	0.169338	243	NA	NA	Europe
SNP	1059	cv-T1059	C	nsp2	ACC	2	254	T	missense	0.04878	70	T85I	NA	Europe
SNP	1163	cv-T1163	A	nsp2	ATT	1	358	T	missense	0.010453	15	I120F	NA	Europe
SNP	1190	cv-T1190	C	nsp2	CCA	1	385	T	missense	0.005575	8	P129S	NA	Europe
SNP	1513	cv-T1513	C	nsp2	TGC	3	708	T	synonymous	0.008362	12	NA	NA	Europe
SNP	1594	cv-T1594	C	nsp2	TCC	3	789	T	synonymous	0.005575	8	NA	NA	Europe
SNP	1643	cv-T1643	A	nsp2	AAC	1	838	T	missense	0.006969	10	N280Y	NA	Europe
SNP	1987	cv-G1987	A	nsp2	TCA	3	1182	G	synonymous	0.012544	18	NA	NA	Europe
SNP	2110	cv-T2110	C	nsp2	AAC	3	1305	T	synonymous	0.006969	10	NA	NA	Europe
SNP	2416	cv-T2416	C	nsp2	TAC	3	1611	T	synonymous	0.007666	11	NA	NA	Europe
SNP	2453	cv-T2453	C	nsp2	CTC	1	1648	T	missense	0.018118	26	L550F	NA	Europe
SNP	2480	cv-G2480	A	nsp2	ATT	1	1675	G	missense	0.010453	15	I559V	NA	Europe
SNP	2509	cv-T2509	C	nsp2	CCC	3	1704	T	synonymous	0.008362	12	NA	NA	Europe
SNP	2558	cv-T2558	C	nsp2	CCA	1	1753	T	missense	0.01115	16	P585S	NA	Europe
SNP	2973	cv-T2973	C	nsp3	GCT	2	254	T	missense	0.006272	9	A85V	NA	Europe
SNP	3037	cv-T3037	C	nsp3	TTC	3	318	T	synonymous	0.919164	1319	NA	NA	Europe
SNP	3177	cv-T3177	C	nsp3	CCT	2	458	T	missense	0.008362	12	P153L	NA	Europe
SNP	3256	cv-C3256	T	nsp3	AAT	3	537	C	synonymous	0.010453	15	NA	NA	Europe
SNP	3267	cv-T3267	C	nsp3	ACT	2	548	T	missense	0.172822	248	T183I	NA	Europe
SNP	3569	cv-G3569	A	nsp3	AGT	1	850	G	missense	0.006969	10	S284G	NA	Europe
SNP	3602	cv-T3602	C	nsp3	CAC	1	883	T	missense	0.016725	24	H295Y	NA	Europe
SNP	4002	cv-T4002	C	nsp3	ACT	2	1283	T	missense	0.016028	23	T428I	NA	Europe
SNP	4006	cv-T4006	G	nsp3	AAG	3	1287	T	missense	0.005575	8	K429N	NA	Europe
SNP	4255	cv-A4255	G	nsp3	CCG	3	1536	A	synonymous	0.006272	9	NA	NA	Europe
SNP	4543	cv-T4543	C	nsp3	ACC	3	1824	T	synonymous	0.028571	41	NA	NA	Europe
SNP	5170	cv-T5170	C	nsp3	TAC	3	2451	T	synonymous	0.016725	24	NA	NA	Europe
SNP	5388	cv-A5388	C	nsp3	GCT	2	2669	A	missense	0.172822	248	A890D	NA	Europe
SNP	5507	cv-A5507	T	nsp3	TTG	1	2788	A	missense	0.005575	8	L930M	NA	Europe
SNP	5622	cv-T5622	C	nsp3	CCT	2	2903	T	missense	0.009756	14	P968L	NA	Europe
SNP	5629	cv-T5629	G	nsp3	ACG	3	2910	T	synonymous	0.028571	41	NA	NA	Europe
SNP	5944	cv-T5944	C	nsp3	GAC	3	3225	T	synonymous	0.008362	12	NA	NA	Europe
SNP	5950	cv-T5950	G	nsp3	AAG	3	3231	T	missense	0.005575	8	K1077N	NA	Europe
SNP	5986	cv-T5986	C	nsp3	TTC	3	3267	T	synonymous	0.173519	249	NA	NA	Europe
SNP	6211	cv-G6211	A	nsp3	GGA	3	3492	G	synonymous	0.006969	10	NA	NA	Europe
SNP	6285	cv-T6285	C	nsp3	ACC	2	3566	T	missense	0.006272	9	T1189I	NA	Europe
SNP	6286	cv-T6286	C	nsp3	ACC	3	3567	T	synonymous	0.201394	289	NA	NA	Europe
SNP	6446	cv-A6446	G	nsp3	GTT	1	3727	A	missense	0.006969	10	V1243I	NA	Europe
SNP	6807	cv-T6807	C	nsp3	ACT	2	4088	T	missense	0.007666	11	T1363I	NA	Europe
SNP	6941	cv-T6941	C	nsp3	CTG	1	4222	T	synonymous	0.013937	20	NA	NA	Europe
SNP	6954	cv-C6954	T	nsp3	ATA	2	4235	C	missense	0.172822	248	I1412T	NA	Europe
SNP	7528	cv-T7528	C	nsp3	GTC	3	4809	T	synonymous	0.007666	11	NA	NA	Europe
SNP	7767	cv-C7767	T	nsp3	ATC	2	5048	C	missense	0.019512	28	I1683T	NA	Europe
SNP	7831	cv-C7831	T	nsp3	GTT	3	5112	C	synonymous	0.005575	8	NA	NA	Europe
SNP	7926	cv-T7926	C	nsp3	GCA	2	5207	T	missense	0.009756	14	A1736V	NA	Europe
SNP	8047	cv-T8047	C	nsp3	TAC	3	5328	T	synonymous	0.019512	28	NA	NA	Europe
SNP	8371	cv-T8371	G	nsp3	CAG	3	5652	T	missense	0.006969	10	Q1884H	NA	Europe
SNP	8603	cv-C8603	T	nsp4	TTC	1	49	C	missense	0.012544	18	F17L	NA	Europe
SNP	8659	cv-G8659	A	nsp4	AAA	3	105	G	synonymous	0.006969	10	NA	NA	Europe
SNP	8683	cv-T8683	C	nsp4	ATC	3	129	T	synonymous	0.010453	15	NA	NA	Europe
SNP	8782	cv-T8782	C	nsp4	AGC	3	228	T	synonymous	0.008362	12	NA	NA	Europe
SNP	8983	cv-G8983	T	nsp4	ACT	3	429	G	synonymous	0.008362	12	NA	NA	Europe
SNP	9130	cv-T9130	G	nsp4	GTG	3	576	T	synonymous	0.006272	9	NA	NA	Europe
SNP	9430	cv-T9430	C	nsp4	ATC	3	876	T	synonymous	0.007666	11	NA	NA	Europe
SNP	9526	cv-T9526	G	nsp4	ATG	3	972	T	missense	0.028571	41	M324I	NA	Europe
SNP	9745	cv-T9745	C	nsp4	TAC	3	1191	T	synonymous	0.01324	19	NA	NA	Europe
SNP	10078	cv-T10078	C	nsp5	TTC	3	24	T	synonymous	0.006969	10	NA	NA	Europe
SNP	10097	cv-A10097	G	nsp5	GGT	1	43	A	missense	0.036934	53	G15S	NA	Europe
SNP	10265	cv-A10265	G	nsp5	GGT	1	211	A	missense	0.016725	24	G71S	NA	Europe
SNP	10323	cv-G10323	A	nsp5	AAG	2	269	G	missense	0.006272	9	K90R	NA	Europe
SNP	10582	cv-T10582	C	nsp5	GAC	3	528	T	synonymous	0.005575	8	NA	NA	Europe
SNP	10870	cv-T10870	G	nsp5	CTG	3	816	T	synonymous	0.013937	20	NA	NA	Europe
SNP	11083	cv-T11083	G	nsp6	TTG	3	111	T	missense	0.080836	116	L37F	NA	Europe
SNP	11109	cv-T11109	C	nsp6	GCT	2	137	T	missense	0.006272	9	A46V	NA	Europe
SNP	11132	cv-T11132	G	nsp6	GCT	1	160	T	missense	0.015331	22	A54S	NA	Europe
SNP	11396	cv-T11396	C	nsp6	CTT	1	424	T	missense	0.01115	16	L142F	NA	Europe
SNP	11417	cv-T11417	G	nsp6	GTT	1	445	T	missense	0.006969	10	V149F	NA	Europe
SNP	11497	cv-T11497	C	nsp6	TAC	3	525	T	synonymous	0.029268	42	NA	NA	Europe
SNP	11507	cv-A11507	G	nsp6	GTT	1	535	A	missense	0.006272	9	V179I	NA	Europe
SNP	11533	cv-G11533	A	nsp6	AGA	3	561	G	synonymous	0.006272	9	NA	NA	Europe
SNP	11747	cv-T11747	C	nsp6	CTA	1	775	T	synonymous	0.006272	9	NA	NA	Europe
SNP	11750	cv-T11750	C	nsp6	CTC	1	778	T	missense	0.005575	8	L260F	NA	Europe
SNP	11781	cv-G11781	A	nsp6	AAA	2	809	G	missense	0.006272	9	K270R	NA	Europe
SNP	12119	cv-T12119	C	nsp8	CCA	1	28	T	missense	0.006969	10	P10S	NA	Europe
SNP	12162	cv-G12162	A	nsp8	CAG	2	71	G	missense	0.006969	10	Q24R	NA	Europe
SNP	12191	cv-T12191	G	nsp8	GTT	1	100	T	missense	0.005575	8	V34F	NA	Europe
SNP	12970	cv-T12970	C	nsp9	AAC	3	285	T	synonymous	0.01324	19	NA	NA	Europe
SNP	12988	cv-T12988	G	nsp9	ATG	3	303	T	missense	0.013937	20	M101I	NA	Europe
SNP	13536	cv-T13536	C	nsp12	TAC	3	96	T	synonymous	0.018118	26	NA	NA	Europe
SNP	13665	cv-T13665	C	nsp12	CAC	3	225	T	synonymous	0.006969	10	NA	NA	Europe
SNP	13993	cv-T13993	G	nsp12	GCT	1	553	T	missense	0.029965	43	A185S	NA	Europe
SNP	14120	cv-T14120	C	nsp12	CCA	2	680	T	missense	0.008362	12	P227L	NA	Europe
SNP	14202	cv-T14202	G	nsp12	GAG	3	762	T	missense	0.010453	15	E254D	NA	Europe
SNP	14408	cv-T14408	C	nsp12	CCT	2	968	T	missense	0.90662	1301	P323L	NA	Europe
SNP	14676	cv-T14676	C	nsp12	CCC	3	1236	T	synonymous	0.173519	249	NA	NA	Europe
SNP	14805	cv-T14805	C	nsp12	TAC	3	1365	T	synonymous	0.03554	51	NA	NA	Europe
SNP	15096	cv-C15096	T	nsp12	AAT	3	1656	C	synonymous	0.016725	24	NA	NA	Europe
SNP	15279	cv-T15279	C	nsp12	CAC	3	1839	T	synonymous	0.172822	248	NA	NA	Europe
SNP	15324	cv-T15324	C	nsp12	AAC	3	1884	T	synonymous	0.032753	47	NA	NA	Europe
SNP	15406	cv-T15406	G	nsp12	GCT	1	1966	T	missense	0.008362	12	A656S	NA	Europe
SNP	15480	cv-T15480	C	nsp12	ACC	3	2040	T	synonymous	0.013937	20	NA	NA	Europe
SNP	15598	cv-A15598	G	nsp12	GTC	1	2158	A	missense	0.014634	21	V720I	NA	Europe
SNP	15720	cv-T15720	C	nsp12	GAC	3	2280	T	synonymous	0.005575	8	NA	NA	Europe
SNP	15766	cv-T15766	G	nsp12	GTG	1	2326	T	missense	0.027875	40	V776L	NA	Europe
SNP	15960	cv-T15960	C	nsp12	GCC	3	2520	T	synonymous	0.006272	9	NA	NA	Europe
SNP	15972	cv-G15972	A	nsp12	GTA	3	2532	G	synonymous	0.007666	11	NA	NA	Europe
SNP	16176	cv-C16176	T	nsp12	ACT	3	2736	C	synonymous	0.172822	248	NA	NA	Europe
SNP	16242	cv-A16242	T	nsp13	GTT	3	6	A	synonymous	0.009756	14	NA	NA	Europe
SNP	16260	cv-T16260	C	nsp13	TGC	3	24	T	synonymous	0.006272	9	NA	NA	Europe
SNP	16479	cv-C16479	T	nsp13	TTT	3	243	C	synonymous	0.005575	8	NA	NA	Europe
SNP	16887	cv-T16887	C	nsp13	TAC	3	651	T	synonymous	0.006969	10	NA	NA	Europe
SNP	16889	cv-G16889	A	nsp13	AAA	2	653	G	missense	0.029268	42	K218R	NA	Europe
SNP	17019	cv-T17019	G	nsp13	GAG	3	783	T	missense	0.029268	42	E261D	NA	Europe
SNP	17104	cv-T17104	C	nsp13	CAT	1	868	T	missense	0.019512	28	H290Y	NA	Europe
SNP	17247	cv-C17247	T	nsp13	CGT	3	1011	C	synonymous	0.011847	17	NA	NA	Europe
SNP	17615	cv-G17615	A	nsp13	AAG	2	1379	G	missense	0.044599	64	K460R	NA	Europe
SNP	18028	cv-T18028	G	nsp13	GCA	1	1792	T	missense	0.013937	20	A598S	NA	Europe
SNP	18744	cv-T18744	C	nsp14	TAC	3	705	T	synonymous	0.006272	9	NA	NA	Europe
SNP	18877	cv-T18877	C	nsp14	CTA	1	838	T	synonymous	0.050174	72	NA	NA	Europe
SNP	19488	cv-T19488	C	nsp14	GTC	3	1449	T	synonymous	0.009756	14	NA	NA	Europe
SNP	19524	cv-T19524	C	nsp14	CTC	3	1485	T	synonymous	0.005575	8	NA	NA	Europe
SNP	19542	cv-T19542	G	nsp14	ATG	3	1503	T	missense	0.010453	15	M501I	NA	Europe
SNP	19718	cv-T19718	C	nsp15	ACA	2	98	T	missense	0.018118	26	T33I	NA	Europe
SNP	19839	cv-C19839	T	nsp15	AAT	3	219	C	synonymous	0.014634	21	NA	NA	Europe
SNP	19854	cv-T19854	C	nsp15	GAC	3	234	T	synonymous	0.006272	9	NA	NA	Europe
SNP	19862	cv-T19862	C	nsp15	GCT	2	242	T	missense	0.006272	9	A81V	NA	Europe
SNP	19999	cv-T19999	G	nsp15	GTT	1	379	T	missense	0.005575	8	V127F	NA	Europe
SNP	20178	cv-T20178	C	nsp15	GTC	3	558	T	synonymous	0.006272	9	NA	NA	Europe
SNP	20268	cv-G20268	A	nsp15	TTA	3	648	G	synonymous	0.050174	72	NA	NA	Europe
SNP	20451	cv-T20451	C	nsp15	AAC	3	831	T	synonymous	0.008362	12	NA	NA	Europe
SNP	20661	cv-C20661	T	nsp16	TCT	3	3	C	synonymous	0.009756	14	NA	NA	Europe
SNP	21222	cv-T21222	A	nsp16	GCA	3	564	T	synonymous	0.008362	12	NA	NA	Europe
SNP	21255	cv-C21255	G	nsp16	GCG	3	597	C	synonymous	0.200697	288	NA	NA	Europe
SNP	21575	cv-T21575	C	S	CTT	1	13	T	missense	0.01324	19	L5F	NA	Europe
SNP	21614	cv-T21614	C	S	CTT	1	52	T	missense	0.090592	130	L18F	NA	Europe
SNP	21624	cv-T21624	G	S	AGA	2	62	T	missense	0.006969	10	R21I	NA	Europe
SNP	21637	cv-T21637	C	S	CCC	3	75	T	synonymous	0.014634	21	NA	NA	Europe
SNP	21855	cv-T21855	C	S	TCT	2	293	T	missense	0.018118	26	S98F	NA	Europe
SNP	22227	cv-T22227	C	S	GCT	2	665	T	missense	0.202787	291	A222V	NA	Europe
SNP	22346	cv-T22346	G	S	GCT	1	784	T	missense	0.008362	12	A262S	NA	Europe
SNP	22377	cv-T22377	C	S	CCT	2	815	T	missense	0.008362	12	P272L	NA	Europe
SNP	22388	cv-T22388	C	S	CTA	1	826	T	synonymous	0.011847	17	NA	NA	Europe
SNP	22444	cv-T22444	C	S	GAC	3	882	T	synonymous	0.013937	20	NA	NA	Europe
SNP	22879	cv-A22879	C	S	AAC	3	1317	A	missense	0.020209	29	N439K	NA	Europe
SNP	22992	cv-A22992	G	S	AGC	2	1430	A	missense	0.029965	43	S477N	NA	Europe
SNP	23063	cv-T23063	A	S	AAT	1	1501	T	missense	0.174913	251	N501Y	NA	Europe
SNP	23248	cv-T23248	C	S	TTC	3	1686	T	synonymous	0.006272	9	NA	NA	Europe
SNP	23271	cv-A23271	C	S	GCT	2	1709	A	missense	0.172822	248	A570D	NA	Europe
SNP	23403	cv-G23403	A	S	GAT	2	1841	G	missense	0.921254	1322	D614G	NA	Europe
SNP	23604	cv-A23604	C	S	CCT	2	2042	A	missense	0.176307	253	P681H	NA	Europe
SNP	23709	cv-T23709	C	S	ACA	2	2147	T	missense	0.174913	251	T716I	NA	Europe
SNP	23731	cv-T23731	C	S	ACC	3	2169	T	synonymous	0.036237	52	NA	NA	Europe
SNP	24334	cv-T24334	C	S	GCC	3	2772	T	synonymous	0.029268	42	NA	NA	Europe
SNP	24368	cv-T24368	G	S	GAC	1	2806	T	missense	0.011847	17	D936Y	NA	Europe
SNP	24506	cv-G24506	T	S	TCA	1	2944	G	missense	0.172822	248	S982A	NA	Europe
SNP	24814	cv-C24814	T	S	GAT	3	3252	C	synonymous	0.005575	8	NA	NA	Europe
SNP	24910	cv-C24910	T	S	ACT	3	3348	C	synonymous	0.013937	20	NA	NA	Europe
SNP	24914	cv-C24914	G	S	GAC	1	3352	C	missense	0.174216	250	D1118H	NA	Europe
SNP	25350	cv-T25350	C	S	CCA	2	3788	T	missense	0.006272	9	P1263L	NA	Europe
SNP	25429	cv-T25429	G	ORF3a	GTA	1	37	T	missense	0.006969	10	V13L	NA	Europe
SNP	25437	cv-T25437	G	ORF3a	TTG	3	45	T	missense	0.012544	18	L15F	NA	Europe
SNP	25505	cv-G25505	A	ORF3a	CAA	2	113	G	missense	0.013937	20	Q38R	NA	Europe
SNP	25563	cv-T25563	G	ORF3a	CAG	3	171	T	missense	0.112195	161	Q57H	NA	Europe
SNP	25614	cv-T25614	C	ORF3a	TCC	3	222	T	synonymous	0.01115	16	NA	NA	Europe
SNP	25621	cv-T25621	G	ORF3a	GTT	1	229	T	missense	0.006969	10	V77F	NA	Europe
SNP	25626	cv-T25626	C	ORF3a	CAC	3	234	T	synonymous	0.005575	8	NA	NA	Europe
SNP	25710	cv-T25710	C	ORF3a	CTC	3	318	T	synonymous	0.029965	43	NA	NA	Europe
SNP	25757	cv-T25757	G	ORF3a	AGA	2	365	T	missense	0.005575	8	R122I	NA	Europe
SNP	25886	cv-T25886	C	ORF3a	TCT	2	494	T	missense	0.006969	10	S165F	NA	Europe
SNP	25889	cv-T25889	C	ORF3a	TCA	2	497	T	missense	0.007666	11	S166L	NA	Europe
SNP	25906	cv-C25906	G	ORF3a	GGT	1	514	C	missense	0.01324	19	G172R	NA	Europe
SNP	25996	cv-T25996	G	ORF3a	GTA	1	604	T	missense	0.012544	18	V202L	NA	Europe
SNP	26060	cv-T26060	C	ORF3a	ACT	2	668	T	missense	0.011847	17	T223I	NA	Europe
SNP	26144	cv-T26144	G	ORF3a	GGT	2	752	T	missense	0.049477	71	G251V	NA	Europe
SNP	26424	cv-C26424	T	E	TCT	3	180	C	synonymous	0.006969	10	NA	NA	Europe
SNP	26464	cv-T26464	C	E	CTG	1	220	T	synonymous	0.007666	11	NA	NA	Europe
SNP	26530	cv-G26530	A	M	GAT	2	8	G	missense	0.006272	9	D3G	NA	Europe
SNP	26735	cv-T26735	C	M	TAC	3	213	T	synonymous	0.04669	67	NA	NA	Europe
SNP	26801	cv-G26801	C	M	CTC	3	279	G	synonymous	0.198606	285	NA	NA	Europe
SNP	26801	cv-T26801	C	M	CTC	3	279	T	synonymous	0.007666	11	NA	NA	Europe
SNP	26876	cv-C26876	T	M	ATT	3	354	C	synonymous	0.028571	41	NA	NA	Europe
SNP	26972	cv-C26972	T	M	CGT	3	450	C	synonymous	0.013937	20	NA	NA	Europe
SNP	27384	cv-C27384	T	ORF6	GAT	3	183	C	synonymous	0.007666	11	NA	NA	Europe
SNP	27434	cv-T27434	C	ORF7a	ACT	2	41	T	missense	0.006272	9	T14I	NA	Europe
SNP	27513	cv-T27513	C	ORF7a	TAC	3	120	T	synonymous	0.007666	11	NA	NA	Europe
SNP	27769	cv-T27769	C	ORF7b	TCA	2	14	T	missense	0.008362	12	S5L	NA	Europe
SNP	27800	cv-A27800	C	ORF7b	GCC	3	45	A	synonymous	0.016028	23	NA	NA	Europe
SNP	27944	cv-T27944	C	ORF8	CAC	3	51	T	synonymous	0.14216	204	NA	NA	Europe
SNP	27972	cv-T27972	C	ORF8	CAA	1	79	T	missense	0.173519	249	Q27*	NA	Europe
SNP	28048	cv-T28048	G	ORF8	AGA	2	155	T	missense	0.174216	250	R52I	NA	Europe
SNP	28087	cv-T28087	C	ORF8	GCT	2	194	T	missense	0.009756	14	A65V	NA	Europe
SNP	28095	cv-T28095	A	ORF8	AAA	1	202	T	missense	0.031359	45	K68*	NA	Europe
SNP	28111	cv-G28111	A	ORF8	TAC	2	218	G	missense	0.172822	248	Y73C	NA	Europe
SNP	28133	cv-T28133	A	ORF8	ACA	3	240	T	synonymous	0.009059	13	NA	NA	Europe
SNP	28144	cv-C28144	T	ORF8	TTA	2	251	C	missense	0.008362	12	L84S	NA	Europe
SNP	28169	cv-G28169	A	ORF8	GAA	3	276	G	synonymous	0.014634	21	NA	NA	Europe
SNP	28253	cv-T28253	C	ORF8	TTC	3	360	T	synonymous	0.008362	12	NA	NA	Europe
SNP	28280	cv-C28280	G	N	GAT	1	7	C	missense	0.172125	247	D3H	NA	Europe
SNP	28281	cv-T28281	A	N	GAT	2	8	T	missense	0.172125	247	D3V	NA	Europe
SNP	28282	cv-A28282	T	N	GAT	3	9	A	missense	0.172125	247	D3E	NA	Europe
SNP	28580	cv-T28580	G	N	GAT	1	307	T	missense	0.015331	22	D103Y	NA	Europe
SNP	28651	cv-T28651	C	N	AAC	3	378	T	synonymous	0.014634	21	NA	NA	Europe
SNP	28657	cv-T28657	C	N	GAC	3	384	T	synonymous	0.01115	16	NA	NA	Europe
SNP	28759	cv-C28759	T	N	CCT	3	486	C	synonymous	0.007666	11	NA	NA	Europe
SNP	28854	cv-T28854	C	N	TCA	2	581	T	missense	0.037631	54	S194L	NA	Europe
SNP	28869	cv-T28869	C	N	CCA	2	596	T	missense	0.014634	21	P199L	NA	Europe
SNP	28881	cv-A28881	G	N	AGG	2	608	A	missense	0.451568	648	R203K	NA	Europe
SNP	28882	cv-A28882	G	N	AGG	3	609	A	synonymous	0.450871	647	NA	NA	Europe
SNP	28883	cv-C28883	G	N	GGA	1	610	C	missense	0.450871	647	G204R	NA	Europe
SNP	28884	cv-C28884	G	N	GGA	2	611	C	missense	0.009059	13	G204A	NA	Europe
SNP	28887	cv-T28887	C	N	ACT	2	614	T	missense	0.007666	11	T205I	NA	Europe
SNP	28932	cv-T28932	C	N	GCT	2	659	T	missense	0.202091	290	A220V	NA	Europe
SNP	28975	cv-C28975	G	N	ATG	3	702	C	missense	0.028571	41	M234I	NA	Europe
SNP	28977	cv-T28977	C	N	TCT	2	704	T	missense	0.172822	248	S235F	NA	Europe
SNP	29095	cv-T29095	C	N	TTC	3	822	T	synonymous	0.005575	8	NA	NA	Europe
SNP	29227	cv-T29227	G	N	TCG	3	954	T	synonymous	0.01115	16	NA	NA	Europe
SNP	29366	cv-T29366	C	N	CCA	1	1093	T	missense	0.01324	19	P365S	NA	Europe
SNP	29386	cv-T29386	C	N	GAC	3	1113	T	synonymous	0.01115	16	NA	NA	Europe
SNP	29399	cv-A29399	G	N	GCT	1	1126	A	missense	0.027178	39	A376T	NA	Europe
SNP	29402	cv-T29402	G	N	GAT	1	1129	T	missense	0.009756	14	D377Y	NA	Europe
SNP	29466	cv-T29466	C	N	GCA	2	1193	T	missense	0.01115	16	A398V	NA	Europe
SNP	29543	cv-T29543	G	IGS	NA	NA	NA	T	noncoding	0.005575	8	NA	NA	Europe
SNP	29555	cv-T29555	C	IGS	NA	NA	NA	T	noncoding	0.006272	9	NA	NA	Europe
SNP	29645	cv-T29645	G	ORF10	GTA	1	88	T	missense	0.202091	290	V30L	NA	Europe
DEL	28270	cv-28271-1	NA	IGS	NA	NA	None	N	NA	0.167944	241	NA	NAEurope
DEL	28270	cv-28271-1	NA	IGS	NA	NA	None	N	NA	0.167944	241	NA	NAEurope
DEL	28270	cv-28271-1	NA	IGS	NA	NA	None	N	NA	0.167944	241	NA	NAEurope
DEL	28270	cv-28271-1	NA	IGS	NA	NA	None	N	NA	0.167944	241	NA	NAEurope
DEL	28270	cv-28271-1	NA	IGS	NA	NA	None	N	NA	0.167944	241	NA	NAEurope
DEL	28270	cv-28271-1	NA	IGS	NA	NA	None	N	NA	0.167944	241	NA	NAEurope
INS	28249	cv-28250_CTG	T	ORF8	NA	NA	357	TCTG	NA	0.006969	10	NA	NAEurope
